{
  "resourceType": "Bundle",
  "type": "batch",
  "entry": [ {
    "fullUrl": "urn:uuid:93c3d861-e05d-33b9-91eb-1768470229d7",
    "resource": {
      "resourceType": "Organization",
      "id": "93c3d861-e05d-33b9-91eb-1768470229d7",
      "meta": {
        "profile": [ "http://hl7.org/fhir/us/core/StructureDefinition/us-core-organization" ]
      },
      "extension": [ {
        "url": "http://synthetichealth.github.io/synthea/utilization-encounters-extension",
        "valueInteger": 33
      }, {
        "url": "http://synthetichealth.github.io/synthea/utilization-procedures-extension",
        "valueInteger": 0
      }, {
        "url": "http://synthetichealth.github.io/synthea/utilization-labs-extension",
        "valueInteger": 0
      }, {
        "url": "http://synthetichealth.github.io/synthea/utilization-prescriptions-extension",
        "valueInteger": 0
      } ],
      "identifier": [ {
        "system": "https://github.com/synthetichealth/synthea",
        "value": "93c3d861-e05d-33b9-91eb-1768470229d7"
      } ],
      "active": true,
      "type": [ {
        "coding": [ {
          "system": "http://terminology.hl7.org/CodeSystem/organization-type",
          "code": "prov",
          "display": "Healthcare Provider"
        } ],
        "text": "Healthcare Provider"
      } ],
      "name": "PAIN AND WELLNESS CENTER",
      "telecom": [ {
        "system": "phone",
        "value": "9788267230"
      } ],
      "address": [ {
        "line": [ "10 CENTENNIAL DR" ],
        "city": "PEABODY",
        "state": "MA",
        "postalCode": "019607938",
        "country": "US"
      } ]
    },
    "request": {
      "method": "POST",
      "url": "Organization",
      "ifNoneExist": "identifier=https://github.com/synthetichealth/synthea|93c3d861-e05d-33b9-91eb-1768470229d7"
    }
  }, {
    "fullUrl": "urn:uuid:7d3a8231-d725-367e-b9ed-22c2e7791fb8",
    "resource": {
      "resourceType": "Location",
      "id": "7d3a8231-d725-367e-b9ed-22c2e7791fb8",
      "meta": {
        "profile": [ "http://hl7.org/fhir/us/core/StructureDefinition/us-core-location" ]
      },
      "identifier": [ {
        "system": "https://github.com/synthetichealth/synthea",
        "value": "7d3a8231-d725-367e-b9ed-22c2e7791fb8"
      } ],
      "status": "active",
      "name": "PAIN AND WELLNESS CENTER",
      "telecom": [ {
        "system": "phone",
        "value": "9788267230"
      } ],
      "address": {
        "line": [ "10 CENTENNIAL DR" ],
        "city": "PEABODY",
        "state": "MA",
        "postalCode": "019607938",
        "country": "US"
      },
      "position": {
        "longitude": -70.9529896,
        "latitude": 42.5261827
      },
      "managingOrganization": {
        "identifier": {
          "system": "https://github.com/synthetichealth/synthea",
          "value": "93c3d861-e05d-33b9-91eb-1768470229d7"
        },
        "display": "PAIN AND WELLNESS CENTER"
      }
    },
    "request": {
      "method": "POST",
      "url": "Location",
      "ifNoneExist": "identifier=https://github.com/synthetichealth/synthea|7d3a8231-d725-367e-b9ed-22c2e7791fb8"
    }
  }, {
    "fullUrl": "urn:uuid:0fedae9f-701f-3317-9b2f-69aea2202cdc",
    "resource": {
      "resourceType": "Organization",
      "id": "0fedae9f-701f-3317-9b2f-69aea2202cdc",
      "meta": {
        "profile": [ "http://hl7.org/fhir/us/core/StructureDefinition/us-core-organization" ]
      },
      "extension": [ {
        "url": "http://synthetichealth.github.io/synthea/utilization-encounters-extension",
        "valueInteger": 2
      }, {
        "url": "http://synthetichealth.github.io/synthea/utilization-procedures-extension",
        "valueInteger": 0
      }, {
        "url": "http://synthetichealth.github.io/synthea/utilization-labs-extension",
        "valueInteger": 0
      }, {
        "url": "http://synthetichealth.github.io/synthea/utilization-prescriptions-extension",
        "valueInteger": 0
      } ],
      "identifier": [ {
        "system": "https://github.com/synthetichealth/synthea",
        "value": "0fedae9f-701f-3317-9b2f-69aea2202cdc"
      } ],
      "active": true,
      "type": [ {
        "coding": [ {
          "system": "http://terminology.hl7.org/CodeSystem/organization-type",
          "code": "prov",
          "display": "Healthcare Provider"
        } ],
        "text": "Healthcare Provider"
      } ],
      "name": "BOSTON MEDICAL CENTER CORPORATION-",
      "telecom": [ {
        "system": "phone",
        "value": "6176388000"
      } ],
      "address": [ {
        "line": [ "88 EAST NEWTON STREET" ],
        "city": "WINTHROP",
        "state": "MA",
        "postalCode": "021522715",
        "country": "US"
      } ]
    },
    "request": {
      "method": "POST",
      "url": "Organization",
      "ifNoneExist": "identifier=https://github.com/synthetichealth/synthea|0fedae9f-701f-3317-9b2f-69aea2202cdc"
    }
  }, {
    "fullUrl": "urn:uuid:5d5ac7a4-7c31-3868-a7c1-d16c34243530",
    "resource": {
      "resourceType": "Location",
      "id": "5d5ac7a4-7c31-3868-a7c1-d16c34243530",
      "meta": {
        "profile": [ "http://hl7.org/fhir/us/core/StructureDefinition/us-core-location" ]
      },
      "identifier": [ {
        "system": "https://github.com/synthetichealth/synthea",
        "value": "5d5ac7a4-7c31-3868-a7c1-d16c34243530"
      } ],
      "status": "active",
      "name": "BOSTON MEDICAL CENTER CORPORATION-",
      "telecom": [ {
        "system": "phone",
        "value": "6176388000"
      } ],
      "address": {
        "line": [ "88 EAST NEWTON STREET" ],
        "city": "WINTHROP",
        "state": "MA",
        "postalCode": "021522715",
        "country": "US"
      },
      "position": {
        "longitude": -70.982827,
        "latitude": 42.3750976
      },
      "managingOrganization": {
        "identifier": {
          "system": "https://github.com/synthetichealth/synthea",
          "value": "0fedae9f-701f-3317-9b2f-69aea2202cdc"
        },
        "display": "BOSTON MEDICAL CENTER CORPORATION-"
      }
    },
    "request": {
      "method": "POST",
      "url": "Location",
      "ifNoneExist": "identifier=https://github.com/synthetichealth/synthea|5d5ac7a4-7c31-3868-a7c1-d16c34243530"
    }
  }, {
    "fullUrl": "urn:uuid:0d24cc89-3256-330c-b36d-d8de8babef84",
    "resource": {
      "resourceType": "Organization",
      "id": "0d24cc89-3256-330c-b36d-d8de8babef84",
      "meta": {
        "profile": [ "http://hl7.org/fhir/us/core/StructureDefinition/us-core-organization" ]
      },
      "extension": [ {
        "url": "http://synthetichealth.github.io/synthea/utilization-encounters-extension",
        "valueInteger": 41
      }, {
        "url": "http://synthetichealth.github.io/synthea/utilization-procedures-extension",
        "valueInteger": 0
      }, {
        "url": "http://synthetichealth.github.io/synthea/utilization-labs-extension",
        "valueInteger": 0
      }, {
        "url": "http://synthetichealth.github.io/synthea/utilization-prescriptions-extension",
        "valueInteger": 0
      } ],
      "identifier": [ {
        "system": "https://github.com/synthetichealth/synthea",
        "value": "0d24cc89-3256-330c-b36d-d8de8babef84"
      } ],
      "active": true,
      "type": [ {
        "coding": [ {
          "system": "http://terminology.hl7.org/CodeSystem/organization-type",
          "code": "prov",
          "display": "Healthcare Provider"
        } ],
        "text": "Healthcare Provider"
      } ],
      "name": "CAPE COD HEALTHCARE PHYSICIANS",
      "telecom": [ {
        "system": "phone",
        "value": "5087784777"
      } ],
      "address": [ {
        "line": [ "1030 FALMOUTH RD" ],
        "city": "SOUTH YARMOUTH",
        "state": "MA",
        "postalCode": "026641218",
        "country": "US"
      } ]
    },
    "request": {
      "method": "POST",
      "url": "Organization",
      "ifNoneExist": "identifier=https://github.com/synthetichealth/synthea|0d24cc89-3256-330c-b36d-d8de8babef84"
    }
  }, {
    "fullUrl": "urn:uuid:6e22abbe-b3a1-39a8-a429-9957b3244188",
    "resource": {
      "resourceType": "Location",
      "id": "6e22abbe-b3a1-39a8-a429-9957b3244188",
      "meta": {
        "profile": [ "http://hl7.org/fhir/us/core/StructureDefinition/us-core-location" ]
      },
      "identifier": [ {
        "system": "https://github.com/synthetichealth/synthea",
        "value": "6e22abbe-b3a1-39a8-a429-9957b3244188"
      } ],
      "status": "active",
      "name": "CAPE COD HEALTHCARE PHYSICIANS",
      "telecom": [ {
        "system": "phone",
        "value": "5087784777"
      } ],
      "address": {
        "line": [ "1030 FALMOUTH RD" ],
        "city": "SOUTH YARMOUTH",
        "state": "MA",
        "postalCode": "026641218",
        "country": "US"
      },
      "position": {
        "longitude": -70.1847414,
        "latitude": 41.6667779
      },
      "managingOrganization": {
        "identifier": {
          "system": "https://github.com/synthetichealth/synthea",
          "value": "0d24cc89-3256-330c-b36d-d8de8babef84"
        },
        "display": "CAPE COD HEALTHCARE PHYSICIANS"
      }
    },
    "request": {
      "method": "POST",
      "url": "Location",
      "ifNoneExist": "identifier=https://github.com/synthetichealth/synthea|6e22abbe-b3a1-39a8-a429-9957b3244188"
    }
  }, {
    "fullUrl": "urn:uuid:5117bb89-3a9f-3740-a0f1-c3a1a8d7851e",
    "resource": {
      "resourceType": "Organization",
      "id": "5117bb89-3a9f-3740-a0f1-c3a1a8d7851e",
      "meta": {
        "profile": [ "http://hl7.org/fhir/us/core/StructureDefinition/us-core-organization" ]
      },
      "extension": [ {
        "url": "http://synthetichealth.github.io/synthea/utilization-encounters-extension",
        "valueInteger": 46
      }, {
        "url": "http://synthetichealth.github.io/synthea/utilization-procedures-extension",
        "valueInteger": 0
      }, {
        "url": "http://synthetichealth.github.io/synthea/utilization-labs-extension",
        "valueInteger": 0
      }, {
        "url": "http://synthetichealth.github.io/synthea/utilization-prescriptions-extension",
        "valueInteger": 0
      } ],
      "identifier": [ {
        "system": "https://github.com/synthetichealth/synthea",
        "value": "5117bb89-3a9f-3740-a0f1-c3a1a8d7851e"
      } ],
      "active": true,
      "type": [ {
        "coding": [ {
          "system": "http://terminology.hl7.org/CodeSystem/organization-type",
          "code": "prov",
          "display": "Healthcare Provider"
        } ],
        "text": "Healthcare Provider"
      } ],
      "name": "FAMILY PRACTICE ASSOCIATES R TAYLOR E HEYMAN & R LEE PTRS",
      "telecom": [ {
        "system": "phone",
        "value": "4134421019"
      } ],
      "address": [ {
        "line": [ "20 ELM ST" ],
        "city": "PITTSFIELD",
        "state": "MA",
        "postalCode": "012016502",
        "country": "US"
      } ]
    },
    "request": {
      "method": "POST",
      "url": "Organization",
      "ifNoneExist": "identifier=https://github.com/synthetichealth/synthea|5117bb89-3a9f-3740-a0f1-c3a1a8d7851e"
    }
  }, {
    "fullUrl": "urn:uuid:bccac547-23af-37ae-b8d2-6bd85046c590",
    "resource": {
      "resourceType": "Location",
      "id": "bccac547-23af-37ae-b8d2-6bd85046c590",
      "meta": {
        "profile": [ "http://hl7.org/fhir/us/core/StructureDefinition/us-core-location" ]
      },
      "identifier": [ {
        "system": "https://github.com/synthetichealth/synthea",
        "value": "bccac547-23af-37ae-b8d2-6bd85046c590"
      } ],
      "status": "active",
      "name": "FAMILY PRACTICE ASSOCIATES R TAYLOR E HEYMAN & R LEE PTRS",
      "telecom": [ {
        "system": "phone",
        "value": "4134421019"
      } ],
      "address": {
        "line": [ "20 ELM ST" ],
        "city": "PITTSFIELD",
        "state": "MA",
        "postalCode": "012016502",
        "country": "US"
      },
      "position": {
        "longitude": -73.2448206979669,
        "latitude": 42.4458896
      },
      "managingOrganization": {
        "identifier": {
          "system": "https://github.com/synthetichealth/synthea",
          "value": "5117bb89-3a9f-3740-a0f1-c3a1a8d7851e"
        },
        "display": "FAMILY PRACTICE ASSOCIATES R TAYLOR E HEYMAN & R LEE PTRS"
      }
    },
    "request": {
      "method": "POST",
      "url": "Location",
      "ifNoneExist": "identifier=https://github.com/synthetichealth/synthea|bccac547-23af-37ae-b8d2-6bd85046c590"
    }
  }, {
    "fullUrl": "urn:uuid:c0719377-d40a-3e9c-9f7c-af47c93b3f40",
    "resource": {
      "resourceType": "Organization",
      "id": "c0719377-d40a-3e9c-9f7c-af47c93b3f40",
      "meta": {
        "profile": [ "http://hl7.org/fhir/us/core/StructureDefinition/us-core-organization" ]
      },
      "extension": [ {
        "url": "http://synthetichealth.github.io/synthea/utilization-encounters-extension",
        "valueInteger": 53
      }, {
        "url": "http://synthetichealth.github.io/synthea/utilization-procedures-extension",
        "valueInteger": 0
      }, {
        "url": "http://synthetichealth.github.io/synthea/utilization-labs-extension",
        "valueInteger": 0
      }, {
        "url": "http://synthetichealth.github.io/synthea/utilization-prescriptions-extension",
        "valueInteger": 0
      } ],
      "identifier": [ {
        "system": "https://github.com/synthetichealth/synthea",
        "value": "c0719377-d40a-3e9c-9f7c-af47c93b3f40"
      } ],
      "active": true,
      "type": [ {
        "coding": [ {
          "system": "http://terminology.hl7.org/CodeSystem/organization-type",
          "code": "prov",
          "display": "Healthcare Provider"
        } ],
        "text": "Healthcare Provider"
      } ],
      "name": "CARBON HEALTH PRIMARY CARE OF FLORIDA PA",
      "telecom": [ {
        "system": "phone",
        "value": "6178652749"
      } ],
      "address": [ {
        "line": [ "80 SUMMER ST STE 1" ],
        "city": "BOSTON",
        "state": "MA",
        "postalCode": "021101218",
        "country": "US"
      } ]
    },
    "request": {
      "method": "POST",
      "url": "Organization",
      "ifNoneExist": "identifier=https://github.com/synthetichealth/synthea|c0719377-d40a-3e9c-9f7c-af47c93b3f40"
    }
  }, {
    "fullUrl": "urn:uuid:551bb30f-ff5b-3c6e-98ed-938ef9775cdd",
    "resource": {
      "resourceType": "Location",
      "id": "551bb30f-ff5b-3c6e-98ed-938ef9775cdd",
      "meta": {
        "profile": [ "http://hl7.org/fhir/us/core/StructureDefinition/us-core-location" ]
      },
      "identifier": [ {
        "system": "https://github.com/synthetichealth/synthea",
        "value": "551bb30f-ff5b-3c6e-98ed-938ef9775cdd"
      } ],
      "status": "active",
      "name": "CARBON HEALTH PRIMARY CARE OF FLORIDA PA",
      "telecom": [ {
        "system": "phone",
        "value": "6178652749"
      } ],
      "address": {
        "line": [ "80 SUMMER ST STE 1" ],
        "city": "BOSTON",
        "state": "MA",
        "postalCode": "021101218",
        "country": "US"
      },
      "position": {
        "longitude": -71.05809515865283,
        "latitude": 42.35403315
      },
      "managingOrganization": {
        "identifier": {
          "system": "https://github.com/synthetichealth/synthea",
          "value": "c0719377-d40a-3e9c-9f7c-af47c93b3f40"
        },
        "display": "CARBON HEALTH PRIMARY CARE OF FLORIDA PA"
      }
    },
    "request": {
      "method": "POST",
      "url": "Location",
      "ifNoneExist": "identifier=https://github.com/synthetichealth/synthea|551bb30f-ff5b-3c6e-98ed-938ef9775cdd"
    }
  }, {
    "fullUrl": "urn:uuid:a2d45ee8-b930-3169-b612-f602961ad212",
    "resource": {
      "resourceType": "Organization",
      "id": "a2d45ee8-b930-3169-b612-f602961ad212",
      "meta": {
        "profile": [ "http://hl7.org/fhir/us/core/StructureDefinition/us-core-organization" ]
      },
      "extension": [ {
        "url": "http://synthetichealth.github.io/synthea/utilization-encounters-extension",
        "valueInteger": 27
      }, {
        "url": "http://synthetichealth.github.io/synthea/utilization-procedures-extension",
        "valueInteger": 0
      }, {
        "url": "http://synthetichealth.github.io/synthea/utilization-labs-extension",
        "valueInteger": 0
      }, {
        "url": "http://synthetichealth.github.io/synthea/utilization-prescriptions-extension",
        "valueInteger": 0
      } ],
      "identifier": [ {
        "system": "https://github.com/synthetichealth/synthea",
        "value": "a2d45ee8-b930-3169-b612-f602961ad212"
      } ],
      "active": true,
      "type": [ {
        "coding": [ {
          "system": "http://terminology.hl7.org/CodeSystem/organization-type",
          "code": "prov",
          "display": "Healthcare Provider"
        } ],
        "text": "Healthcare Provider"
      } ],
      "name": "SUNRISE HEALTHCARE LLC",
      "telecom": [ {
        "system": "phone",
        "value": "6176509959"
      } ],
      "address": [ {
        "line": [ "37 MINUTEMAN WAY" ],
        "city": "SHREWSBURY",
        "state": "MA",
        "postalCode": "015452229",
        "country": "US"
      } ]
    },
    "request": {
      "method": "POST",
      "url": "Organization",
      "ifNoneExist": "identifier=https://github.com/synthetichealth/synthea|a2d45ee8-b930-3169-b612-f602961ad212"
    }
  }, {
    "fullUrl": "urn:uuid:47a2789d-e285-3254-8365-34149cfbc8d1",
    "resource": {
      "resourceType": "Location",
      "id": "47a2789d-e285-3254-8365-34149cfbc8d1",
      "meta": {
        "profile": [ "http://hl7.org/fhir/us/core/StructureDefinition/us-core-location" ]
      },
      "identifier": [ {
        "system": "https://github.com/synthetichealth/synthea",
        "value": "47a2789d-e285-3254-8365-34149cfbc8d1"
      } ],
      "status": "active",
      "name": "SUNRISE HEALTHCARE LLC",
      "telecom": [ {
        "system": "phone",
        "value": "6176509959"
      } ],
      "address": {
        "line": [ "37 MINUTEMAN WAY" ],
        "city": "SHREWSBURY",
        "state": "MA",
        "postalCode": "015452229",
        "country": "US"
      },
      "position": {
        "longitude": -71.73443816915585,
        "latitude": 42.288207
      },
      "managingOrganization": {
        "identifier": {
          "system": "https://github.com/synthetichealth/synthea",
          "value": "a2d45ee8-b930-3169-b612-f602961ad212"
        },
        "display": "SUNRISE HEALTHCARE LLC"
      }
    },
    "request": {
      "method": "POST",
      "url": "Location",
      "ifNoneExist": "identifier=https://github.com/synthetichealth/synthea|47a2789d-e285-3254-8365-34149cfbc8d1"
    }
  }, {
    "fullUrl": "urn:uuid:79d49935-bcc0-36ca-920b-45365c367438",
    "resource": {
      "resourceType": "Organization",
      "id": "79d49935-bcc0-36ca-920b-45365c367438",
      "meta": {
        "profile": [ "http://hl7.org/fhir/us/core/StructureDefinition/us-core-organization" ]
      },
      "extension": [ {
        "url": "http://synthetichealth.github.io/synthea/utilization-encounters-extension",
        "valueInteger": 52
      }, {
        "url": "http://synthetichealth.github.io/synthea/utilization-procedures-extension",
        "valueInteger": 0
      }, {
        "url": "http://synthetichealth.github.io/synthea/utilization-labs-extension",
        "valueInteger": 0
      }, {
        "url": "http://synthetichealth.github.io/synthea/utilization-prescriptions-extension",
        "valueInteger": 0
      } ],
      "identifier": [ {
        "system": "https://github.com/synthetichealth/synthea",
        "value": "79d49935-bcc0-36ca-920b-45365c367438"
      } ],
      "active": true,
      "type": [ {
        "coding": [ {
          "system": "http://terminology.hl7.org/CodeSystem/organization-type",
          "code": "prov",
          "display": "Healthcare Provider"
        } ],
        "text": "Healthcare Provider"
      } ],
      "name": "SOUTH BOSTON COMMUNITY HEALTH CENTER INC",
      "telecom": [ {
        "system": "phone",
        "value": "6172697500"
      } ],
      "address": [ {
        "line": [ "409 W BROADWAY" ],
        "city": "SOUTH BOSTON",
        "state": "MA",
        "postalCode": "021272245",
        "country": "US"
      } ]
    },
    "request": {
      "method": "POST",
      "url": "Organization",
      "ifNoneExist": "identifier=https://github.com/synthetichealth/synthea|79d49935-bcc0-36ca-920b-45365c367438"
    }
  }, {
    "fullUrl": "urn:uuid:75a53ceb-dc3f-347d-8cfb-f2f5a42837d1",
    "resource": {
      "resourceType": "Location",
      "id": "75a53ceb-dc3f-347d-8cfb-f2f5a42837d1",
      "meta": {
        "profile": [ "http://hl7.org/fhir/us/core/StructureDefinition/us-core-location" ]
      },
      "identifier": [ {
        "system": "https://github.com/synthetichealth/synthea",
        "value": "75a53ceb-dc3f-347d-8cfb-f2f5a42837d1"
      } ],
      "status": "active",
      "name": "SOUTH BOSTON COMMUNITY HEALTH CENTER INC",
      "telecom": [ {
        "system": "phone",
        "value": "6172697500"
      } ],
      "address": {
        "line": [ "409 W BROADWAY" ],
        "city": "SOUTH BOSTON",
        "state": "MA",
        "postalCode": "021272245",
        "country": "US"
      },
      "position": {
        "longitude": -71.047958,
        "latitude": 42.336831
      },
      "managingOrganization": {
        "identifier": {
          "system": "https://github.com/synthetichealth/synthea",
          "value": "79d49935-bcc0-36ca-920b-45365c367438"
        },
        "display": "SOUTH BOSTON COMMUNITY HEALTH CENTER INC"
      }
    },
    "request": {
      "method": "POST",
      "url": "Location",
      "ifNoneExist": "identifier=https://github.com/synthetichealth/synthea|75a53ceb-dc3f-347d-8cfb-f2f5a42837d1"
    }
  }, {
    "fullUrl": "urn:uuid:497f39dd-280e-3d58-af5b-c5e3a3a09b10",
    "resource": {
      "resourceType": "Organization",
      "id": "497f39dd-280e-3d58-af5b-c5e3a3a09b10",
      "meta": {
        "profile": [ "http://hl7.org/fhir/us/core/StructureDefinition/us-core-organization" ]
      },
      "extension": [ {
        "url": "http://synthetichealth.github.io/synthea/utilization-encounters-extension",
        "valueInteger": 2
      }, {
        "url": "http://synthetichealth.github.io/synthea/utilization-procedures-extension",
        "valueInteger": 0
      }, {
        "url": "http://synthetichealth.github.io/synthea/utilization-labs-extension",
        "valueInteger": 0
      }, {
        "url": "http://synthetichealth.github.io/synthea/utilization-prescriptions-extension",
        "valueInteger": 0
      } ],
      "identifier": [ {
        "system": "https://github.com/synthetichealth/synthea",
        "value": "497f39dd-280e-3d58-af5b-c5e3a3a09b10"
      } ],
      "active": true,
      "type": [ {
        "coding": [ {
          "system": "http://terminology.hl7.org/CodeSystem/organization-type",
          "code": "prov",
          "display": "Healthcare Provider"
        } ],
        "text": "Healthcare Provider"
      } ],
      "name": "CAPE COD HOSPITAL INC",
      "telecom": [ {
        "system": "phone",
        "value": "5087711800"
      } ],
      "address": [ {
        "line": [ "27 PARK ST" ],
        "city": "HYANNIS",
        "state": "MA",
        "postalCode": "026015230",
        "country": "US"
      } ]
    },
    "request": {
      "method": "POST",
      "url": "Organization",
      "ifNoneExist": "identifier=https://github.com/synthetichealth/synthea|497f39dd-280e-3d58-af5b-c5e3a3a09b10"
    }
  }, {
    "fullUrl": "urn:uuid:92b97a14-2913-30e3-99ba-39c987e4a9f6",
    "resource": {
      "resourceType": "Location",
      "id": "92b97a14-2913-30e3-99ba-39c987e4a9f6",
      "meta": {
        "profile": [ "http://hl7.org/fhir/us/core/StructureDefinition/us-core-location" ]
      },
      "identifier": [ {
        "system": "https://github.com/synthetichealth/synthea",
        "value": "92b97a14-2913-30e3-99ba-39c987e4a9f6"
      } ],
      "status": "active",
      "name": "CAPE COD HOSPITAL INC",
      "telecom": [ {
        "system": "phone",
        "value": "5087711800"
      } ],
      "address": {
        "line": [ "27 PARK ST" ],
        "city": "HYANNIS",
        "state": "MA",
        "postalCode": "026015230",
        "country": "US"
      },
      "position": {
        "longitude": -70.27352219234834,
        "latitude": 41.65363635
      },
      "managingOrganization": {
        "identifier": {
          "system": "https://github.com/synthetichealth/synthea",
          "value": "497f39dd-280e-3d58-af5b-c5e3a3a09b10"
        },
        "display": "CAPE COD HOSPITAL INC"
      }
    },
    "request": {
      "method": "POST",
      "url": "Location",
      "ifNoneExist": "identifier=https://github.com/synthetichealth/synthea|92b97a14-2913-30e3-99ba-39c987e4a9f6"
    }
  }, {
    "fullUrl": "urn:uuid:0d1570ab-371c-3898-9397-95905d8c5166",
    "resource": {
      "resourceType": "Organization",
      "id": "0d1570ab-371c-3898-9397-95905d8c5166",
      "meta": {
        "profile": [ "http://hl7.org/fhir/us/core/StructureDefinition/us-core-organization" ]
      },
      "extension": [ {
        "url": "http://synthetichealth.github.io/synthea/utilization-encounters-extension",
        "valueInteger": 1
      }, {
        "url": "http://synthetichealth.github.io/synthea/utilization-procedures-extension",
        "valueInteger": 0
      }, {
        "url": "http://synthetichealth.github.io/synthea/utilization-labs-extension",
        "valueInteger": 0
      }, {
        "url": "http://synthetichealth.github.io/synthea/utilization-prescriptions-extension",
        "valueInteger": 0
      } ],
      "identifier": [ {
        "system": "https://github.com/synthetichealth/synthea",
        "value": "0d1570ab-371c-3898-9397-95905d8c5166"
      } ],
      "active": true,
      "type": [ {
        "coding": [ {
          "system": "http://terminology.hl7.org/CodeSystem/organization-type",
          "code": "prov",
          "display": "Healthcare Provider"
        } ],
        "text": "Healthcare Provider"
      } ],
      "name": "TUFTS MEDICAL CENTER, INC",
      "telecom": [ {
        "system": "phone",
        "value": "6176365442"
      } ],
      "address": [ {
        "line": [ "750 WASHINGTON ST" ],
        "city": "BOSTON",
        "state": "MA",
        "postalCode": "021111552",
        "country": "US"
      } ]
    },
    "request": {
      "method": "POST",
      "url": "Organization",
      "ifNoneExist": "identifier=https://github.com/synthetichealth/synthea|0d1570ab-371c-3898-9397-95905d8c5166"
    }
  }, {
    "fullUrl": "urn:uuid:e1422937-ff27-34bf-81fe-7dc3fa012770",
    "resource": {
      "resourceType": "Location",
      "id": "e1422937-ff27-34bf-81fe-7dc3fa012770",
      "meta": {
        "profile": [ "http://hl7.org/fhir/us/core/StructureDefinition/us-core-location" ]
      },
      "identifier": [ {
        "system": "https://github.com/synthetichealth/synthea",
        "value": "e1422937-ff27-34bf-81fe-7dc3fa012770"
      } ],
      "status": "active",
      "name": "TUFTS MEDICAL CENTER, INC",
      "telecom": [ {
        "system": "phone",
        "value": "6176365442"
      } ],
      "address": {
        "line": [ "750 WASHINGTON ST" ],
        "city": "BOSTON",
        "state": "MA",
        "postalCode": "021111552",
        "country": "US"
      },
      "position": {
        "longitude": -71.0631836,
        "latitude": 42.3499038
      },
      "managingOrganization": {
        "identifier": {
          "system": "https://github.com/synthetichealth/synthea",
          "value": "0d1570ab-371c-3898-9397-95905d8c5166"
        },
        "display": "TUFTS MEDICAL CENTER, INC"
      }
    },
    "request": {
      "method": "POST",
      "url": "Location",
      "ifNoneExist": "identifier=https://github.com/synthetichealth/synthea|e1422937-ff27-34bf-81fe-7dc3fa012770"
    }
  }, {
    "fullUrl": "urn:uuid:9fdce5d5-d4d0-3156-a8d5-8757bfe4e9b3",
    "resource": {
      "resourceType": "Organization",
      "id": "9fdce5d5-d4d0-3156-a8d5-8757bfe4e9b3",
      "meta": {
        "profile": [ "http://hl7.org/fhir/us/core/StructureDefinition/us-core-organization" ]
      },
      "extension": [ {
        "url": "http://synthetichealth.github.io/synthea/utilization-encounters-extension",
        "valueInteger": 58
      }, {
        "url": "http://synthetichealth.github.io/synthea/utilization-procedures-extension",
        "valueInteger": 81
      }, {
        "url": "http://synthetichealth.github.io/synthea/utilization-labs-extension",
        "valueInteger": 0
      }, {
        "url": "http://synthetichealth.github.io/synthea/utilization-prescriptions-extension",
        "valueInteger": 2
      } ],
      "identifier": [ {
        "system": "https://github.com/synthetichealth/synthea",
        "value": "9fdce5d5-d4d0-3156-a8d5-8757bfe4e9b3"
      } ],
      "active": true,
      "type": [ {
        "coding": [ {
          "system": "http://terminology.hl7.org/CodeSystem/organization-type",
          "code": "prov",
          "display": "Healthcare Provider"
        } ],
        "text": "Healthcare Provider"
      } ],
      "name": "ONE CALL HEALTHCARE PLLC",
      "telecom": [ {
        "system": "phone",
        "value": "6178660789"
      } ],
      "address": [ {
        "line": [ "1 FARMER CIR" ],
        "city": "ARLINGTON",
        "state": "MA",
        "postalCode": "024742866",
        "country": "US"
      } ]
    },
    "request": {
      "method": "POST",
      "url": "Organization",
      "ifNoneExist": "identifier=https://github.com/synthetichealth/synthea|9fdce5d5-d4d0-3156-a8d5-8757bfe4e9b3"
    }
  }, {
    "fullUrl": "urn:uuid:f3f1618f-da04-3617-976f-68a8e0bd41b1",
    "resource": {
      "resourceType": "Location",
      "id": "f3f1618f-da04-3617-976f-68a8e0bd41b1",
      "meta": {
        "profile": [ "http://hl7.org/fhir/us/core/StructureDefinition/us-core-location" ]
      },
      "identifier": [ {
        "system": "https://github.com/synthetichealth/synthea",
        "value": "f3f1618f-da04-3617-976f-68a8e0bd41b1"
      } ],
      "status": "active",
      "name": "ONE CALL HEALTHCARE PLLC",
      "telecom": [ {
        "system": "phone",
        "value": "6178660789"
      } ],
      "address": {
        "line": [ "1 FARMER CIR" ],
        "city": "ARLINGTON",
        "state": "MA",
        "postalCode": "024742866",
        "country": "US"
      },
      "position": {
        "longitude": -71.16792616556859,
        "latitude": 42.42405225
      },
      "managingOrganization": {
        "identifier": {
          "system": "https://github.com/synthetichealth/synthea",
          "value": "9fdce5d5-d4d0-3156-a8d5-8757bfe4e9b3"
        },
        "display": "ONE CALL HEALTHCARE PLLC"
      }
    },
    "request": {
      "method": "POST",
      "url": "Location",
      "ifNoneExist": "identifier=https://github.com/synthetichealth/synthea|f3f1618f-da04-3617-976f-68a8e0bd41b1"
    }
  }, {
    "fullUrl": "urn:uuid:aad05540-c9cb-3805-b3c4-f9b9d9b42b2e",
    "resource": {
      "resourceType": "Organization",
      "id": "aad05540-c9cb-3805-b3c4-f9b9d9b42b2e",
      "meta": {
        "profile": [ "http://hl7.org/fhir/us/core/StructureDefinition/us-core-organization" ]
      },
      "extension": [ {
        "url": "http://synthetichealth.github.io/synthea/utilization-encounters-extension",
        "valueInteger": 34
      }, {
        "url": "http://synthetichealth.github.io/synthea/utilization-procedures-extension",
        "valueInteger": 0
      }, {
        "url": "http://synthetichealth.github.io/synthea/utilization-labs-extension",
        "valueInteger": 0
      }, {
        "url": "http://synthetichealth.github.io/synthea/utilization-prescriptions-extension",
        "valueInteger": 0
      } ],
      "identifier": [ {
        "system": "https://github.com/synthetichealth/synthea",
        "value": "aad05540-c9cb-3805-b3c4-f9b9d9b42b2e"
      } ],
      "active": true,
      "type": [ {
        "coding": [ {
          "system": "http://terminology.hl7.org/CodeSystem/organization-type",
          "code": "prov",
          "display": "Healthcare Provider"
        } ],
        "text": "Healthcare Provider"
      } ],
      "name": "RIVER'S EDGE PRIMARY CARE LLC",
      "telecom": [ {
        "system": "phone",
        "value": "4136956774"
      } ],
      "address": [ {
        "line": [ "821 E MAIN ST STE 3" ],
        "city": "CHICOPEE",
        "state": "MA",
        "postalCode": "010206306",
        "country": "US"
      } ]
    },
    "request": {
      "method": "POST",
      "url": "Organization",
      "ifNoneExist": "identifier=https://github.com/synthetichealth/synthea|aad05540-c9cb-3805-b3c4-f9b9d9b42b2e"
    }
  }, {
    "fullUrl": "urn:uuid:a3d9fbb2-8e79-3105-8bf0-ccd519a97ca2",
    "resource": {
      "resourceType": "Location",
      "id": "a3d9fbb2-8e79-3105-8bf0-ccd519a97ca2",
      "meta": {
        "profile": [ "http://hl7.org/fhir/us/core/StructureDefinition/us-core-location" ]
      },
      "identifier": [ {
        "system": "https://github.com/synthetichealth/synthea",
        "value": "a3d9fbb2-8e79-3105-8bf0-ccd519a97ca2"
      } ],
      "status": "active",
      "name": "RIVER'S EDGE PRIMARY CARE LLC",
      "telecom": [ {
        "system": "phone",
        "value": "4136956774"
      } ],
      "address": {
        "line": [ "821 E MAIN ST STE 3" ],
        "city": "CHICOPEE",
        "state": "MA",
        "postalCode": "010206306",
        "country": "US"
      },
      "position": {
        "longitude": -72.55672263289513,
        "latitude": 42.155774795300516
      },
      "managingOrganization": {
        "identifier": {
          "system": "https://github.com/synthetichealth/synthea",
          "value": "aad05540-c9cb-3805-b3c4-f9b9d9b42b2e"
        },
        "display": "RIVER'S EDGE PRIMARY CARE LLC"
      }
    },
    "request": {
      "method": "POST",
      "url": "Location",
      "ifNoneExist": "identifier=https://github.com/synthetichealth/synthea|a3d9fbb2-8e79-3105-8bf0-ccd519a97ca2"
    }
  }, {
    "fullUrl": "urn:uuid:1cec4304-9757-3a10-ad4f-7e2090c56131",
    "resource": {
      "resourceType": "Organization",
      "id": "1cec4304-9757-3a10-ad4f-7e2090c56131",
      "meta": {
        "profile": [ "http://hl7.org/fhir/us/core/StructureDefinition/us-core-organization" ]
      },
      "extension": [ {
        "url": "http://synthetichealth.github.io/synthea/utilization-encounters-extension",
        "valueInteger": 2
      }, {
        "url": "http://synthetichealth.github.io/synthea/utilization-procedures-extension",
        "valueInteger": 0
      }, {
        "url": "http://synthetichealth.github.io/synthea/utilization-labs-extension",
        "valueInteger": 0
      }, {
        "url": "http://synthetichealth.github.io/synthea/utilization-prescriptions-extension",
        "valueInteger": 0
      } ],
      "identifier": [ {
        "system": "https://github.com/synthetichealth/synthea",
        "value": "1cec4304-9757-3a10-ad4f-7e2090c56131"
      } ],
      "active": true,
      "type": [ {
        "coding": [ {
          "system": "http://terminology.hl7.org/CodeSystem/organization-type",
          "code": "prov",
          "display": "Healthcare Provider"
        } ],
        "text": "Healthcare Provider"
      } ],
      "name": "UMASS MEMORIAL MEDICAL CENTER INC",
      "telecom": [ {
        "system": "phone",
        "value": "5083340254"
      } ],
      "address": [ {
        "line": [ "55 LAKE AVE N" ],
        "city": "WORCESTER",
        "state": "MA",
        "postalCode": "016550002",
        "country": "US"
      } ]
    },
    "request": {
      "method": "POST",
      "url": "Organization",
      "ifNoneExist": "identifier=https://github.com/synthetichealth/synthea|1cec4304-9757-3a10-ad4f-7e2090c56131"
    }
  }, {
    "fullUrl": "urn:uuid:34d300db-86bd-3ca9-9a41-bf7ac5895e52",
    "resource": {
      "resourceType": "Location",
      "id": "34d300db-86bd-3ca9-9a41-bf7ac5895e52",
      "meta": {
        "profile": [ "http://hl7.org/fhir/us/core/StructureDefinition/us-core-location" ]
      },
      "identifier": [ {
        "system": "https://github.com/synthetichealth/synthea",
        "value": "34d300db-86bd-3ca9-9a41-bf7ac5895e52"
      } ],
      "status": "active",
      "name": "UMASS MEMORIAL MEDICAL CENTER INC",
      "telecom": [ {
        "system": "phone",
        "value": "5083340254"
      } ],
      "address": {
        "line": [ "55 LAKE AVE N" ],
        "city": "WORCESTER",
        "state": "MA",
        "postalCode": "016550002",
        "country": "US"
      },
      "position": {
        "longitude": -71.76166994969458,
        "latitude": 42.2774799
      },
      "managingOrganization": {
        "identifier": {
          "system": "https://github.com/synthetichealth/synthea",
          "value": "1cec4304-9757-3a10-ad4f-7e2090c56131"
        },
        "display": "UMASS MEMORIAL MEDICAL CENTER INC"
      }
    },
    "request": {
      "method": "POST",
      "url": "Location",
      "ifNoneExist": "identifier=https://github.com/synthetichealth/synthea|34d300db-86bd-3ca9-9a41-bf7ac5895e52"
    }
  }, {
    "fullUrl": "urn:uuid:84d5768f-3a21-3da9-aad2-bbf7a3ae2700",
    "resource": {
      "resourceType": "Organization",
      "id": "84d5768f-3a21-3da9-aad2-bbf7a3ae2700",
      "meta": {
        "profile": [ "http://hl7.org/fhir/us/core/StructureDefinition/us-core-organization" ]
      },
      "extension": [ {
        "url": "http://synthetichealth.github.io/synthea/utilization-encounters-extension",
        "valueInteger": 30
      }, {
        "url": "http://synthetichealth.github.io/synthea/utilization-procedures-extension",
        "valueInteger": 0
      }, {
        "url": "http://synthetichealth.github.io/synthea/utilization-labs-extension",
        "valueInteger": 0
      }, {
        "url": "http://synthetichealth.github.io/synthea/utilization-prescriptions-extension",
        "valueInteger": 0
      } ],
      "identifier": [ {
        "system": "https://github.com/synthetichealth/synthea",
        "value": "84d5768f-3a21-3da9-aad2-bbf7a3ae2700"
      } ],
      "active": true,
      "type": [ {
        "coding": [ {
          "system": "http://terminology.hl7.org/CodeSystem/organization-type",
          "code": "prov",
          "display": "Healthcare Provider"
        } ],
        "text": "Healthcare Provider"
      } ],
      "name": "LOWELL FAMILY MEDICAL CARE PC",
      "telecom": [ {
        "system": "phone",
        "value": "9784530550"
      } ],
      "address": [ {
        "line": [ "817 MERRIMACK ST" ],
        "city": "LOWELL",
        "state": "MA",
        "postalCode": "018543548",
        "country": "US"
      } ]
    },
    "request": {
      "method": "POST",
      "url": "Organization",
      "ifNoneExist": "identifier=https://github.com/synthetichealth/synthea|84d5768f-3a21-3da9-aad2-bbf7a3ae2700"
    }
  }, {
    "fullUrl": "urn:uuid:4388e9fe-05d7-36cf-ae9b-f363dd88fb54",
    "resource": {
      "resourceType": "Location",
      "id": "4388e9fe-05d7-36cf-ae9b-f363dd88fb54",
      "meta": {
        "profile": [ "http://hl7.org/fhir/us/core/StructureDefinition/us-core-location" ]
      },
      "identifier": [ {
        "system": "https://github.com/synthetichealth/synthea",
        "value": "4388e9fe-05d7-36cf-ae9b-f363dd88fb54"
      } ],
      "status": "active",
      "name": "LOWELL FAMILY MEDICAL CARE PC",
      "telecom": [ {
        "system": "phone",
        "value": "9784530550"
      } ],
      "address": {
        "line": [ "817 MERRIMACK ST" ],
        "city": "LOWELL",
        "state": "MA",
        "postalCode": "018543548",
        "country": "US"
      },
      "position": {
        "longitude": -71.32263756223612,
        "latitude": 42.650296999999995
      },
      "managingOrganization": {
        "identifier": {
          "system": "https://github.com/synthetichealth/synthea",
          "value": "84d5768f-3a21-3da9-aad2-bbf7a3ae2700"
        },
        "display": "LOWELL FAMILY MEDICAL CARE PC"
      }
    },
    "request": {
      "method": "POST",
      "url": "Location",
      "ifNoneExist": "identifier=https://github.com/synthetichealth/synthea|4388e9fe-05d7-36cf-ae9b-f363dd88fb54"
    }
  }, {
    "fullUrl": "urn:uuid:4f5e8f16-a31b-3071-8556-d7188ede313d",
    "resource": {
      "resourceType": "Organization",
      "id": "4f5e8f16-a31b-3071-8556-d7188ede313d",
      "meta": {
        "profile": [ "http://hl7.org/fhir/us/core/StructureDefinition/us-core-organization" ]
      },
      "extension": [ {
        "url": "http://synthetichealth.github.io/synthea/utilization-encounters-extension",
        "valueInteger": 2
      }, {
        "url": "http://synthetichealth.github.io/synthea/utilization-procedures-extension",
        "valueInteger": 0
      }, {
        "url": "http://synthetichealth.github.io/synthea/utilization-labs-extension",
        "valueInteger": 0
      }, {
        "url": "http://synthetichealth.github.io/synthea/utilization-prescriptions-extension",
        "valueInteger": 0
      } ],
      "identifier": [ {
        "system": "https://github.com/synthetichealth/synthea",
        "value": "4f5e8f16-a31b-3071-8556-d7188ede313d"
      } ],
      "active": true,
      "type": [ {
        "coding": [ {
          "system": "http://terminology.hl7.org/CodeSystem/organization-type",
          "code": "prov",
          "display": "Healthcare Provider"
        } ],
        "text": "Healthcare Provider"
      } ],
      "name": "HOLYOKE MEDICAL CENTER INC",
      "telecom": [ {
        "system": "phone",
        "value": "4135342805"
      } ],
      "address": [ {
        "line": [ "575 BEECH ST" ],
        "city": "HOLYOKE",
        "state": "MA",
        "postalCode": "010402223",
        "country": "US"
      } ]
    },
    "request": {
      "method": "POST",
      "url": "Organization",
      "ifNoneExist": "identifier=https://github.com/synthetichealth/synthea|4f5e8f16-a31b-3071-8556-d7188ede313d"
    }
  }, {
    "fullUrl": "urn:uuid:d261e902-ea03-3f5f-8869-4a647b897d89",
    "resource": {
      "resourceType": "Location",
      "id": "d261e902-ea03-3f5f-8869-4a647b897d89",
      "meta": {
        "profile": [ "http://hl7.org/fhir/us/core/StructureDefinition/us-core-location" ]
      },
      "identifier": [ {
        "system": "https://github.com/synthetichealth/synthea",
        "value": "d261e902-ea03-3f5f-8869-4a647b897d89"
      } ],
      "status": "active",
      "name": "HOLYOKE MEDICAL CENTER INC",
      "telecom": [ {
        "system": "phone",
        "value": "4135342805"
      } ],
      "address": {
        "line": [ "575 BEECH ST" ],
        "city": "HOLYOKE",
        "state": "MA",
        "postalCode": "010402223",
        "country": "US"
      },
      "position": {
        "longitude": -72.628169560868,
        "latitude": 42.20105435
      },
      "managingOrganization": {
        "identifier": {
          "system": "https://github.com/synthetichealth/synthea",
          "value": "4f5e8f16-a31b-3071-8556-d7188ede313d"
        },
        "display": "HOLYOKE MEDICAL CENTER INC"
      }
    },
    "request": {
      "method": "POST",
      "url": "Location",
      "ifNoneExist": "identifier=https://github.com/synthetichealth/synthea|d261e902-ea03-3f5f-8869-4a647b897d89"
    }
  }, {
    "fullUrl": "urn:uuid:217cb6f6-e822-3831-9d9d-ffa104971042",
    "resource": {
      "resourceType": "Organization",
      "id": "217cb6f6-e822-3831-9d9d-ffa104971042",
      "meta": {
        "profile": [ "http://hl7.org/fhir/us/core/StructureDefinition/us-core-organization" ]
      },
      "extension": [ {
        "url": "http://synthetichealth.github.io/synthea/utilization-encounters-extension",
        "valueInteger": 80
      }, {
        "url": "http://synthetichealth.github.io/synthea/utilization-procedures-extension",
        "valueInteger": 0
      }, {
        "url": "http://synthetichealth.github.io/synthea/utilization-labs-extension",
        "valueInteger": 0
      }, {
        "url": "http://synthetichealth.github.io/synthea/utilization-prescriptions-extension",
        "valueInteger": 0
      } ],
      "identifier": [ {
        "system": "https://github.com/synthetichealth/synthea",
        "value": "217cb6f6-e822-3831-9d9d-ffa104971042"
      } ],
      "active": true,
      "type": [ {
        "coding": [ {
          "system": "http://terminology.hl7.org/CodeSystem/organization-type",
          "code": "prov",
          "display": "Healthcare Provider"
        } ],
        "text": "Healthcare Provider"
      } ],
      "name": "ENCOMPASS HEALTH REHABILITATION HOSP OF NEW ENGLAN",
      "telecom": [ {
        "system": "phone",
        "value": "7819355050"
      } ],
      "address": [ {
        "line": [ "2 REHABILITATION WAY" ],
        "city": "WOBURN",
        "state": "MA",
        "postalCode": "018016003",
        "country": "US"
      } ]
    },
    "request": {
      "method": "POST",
      "url": "Organization",
      "ifNoneExist": "identifier=https://github.com/synthetichealth/synthea|217cb6f6-e822-3831-9d9d-ffa104971042"
    }
  }, {
    "fullUrl": "urn:uuid:ea493903-a9cf-337a-972e-d216c2bf21fa",
    "resource": {
      "resourceType": "Location",
      "id": "ea493903-a9cf-337a-972e-d216c2bf21fa",
      "meta": {
        "profile": [ "http://hl7.org/fhir/us/core/StructureDefinition/us-core-location" ]
      },
      "identifier": [ {
        "system": "https://github.com/synthetichealth/synthea",
        "value": "ea493903-a9cf-337a-972e-d216c2bf21fa"
      } ],
      "status": "active",
      "name": "ENCOMPASS HEALTH REHABILITATION HOSP OF NEW ENGLAN",
      "telecom": [ {
        "system": "phone",
        "value": "7819355050"
      } ],
      "address": {
        "line": [ "2 REHABILITATION WAY" ],
        "city": "WOBURN",
        "state": "MA",
        "postalCode": "018016003",
        "country": "US"
      },
      "position": {
        "longitude": -71.161925472006,
        "latitude": 42.46352265
      },
      "managingOrganization": {
        "identifier": {
          "system": "https://github.com/synthetichealth/synthea",
          "value": "217cb6f6-e822-3831-9d9d-ffa104971042"
        },
        "display": "ENCOMPASS HEALTH REHABILITATION HOSP OF NEW ENGLAN"
      }
    },
    "request": {
      "method": "POST",
      "url": "Location",
      "ifNoneExist": "identifier=https://github.com/synthetichealth/synthea|ea493903-a9cf-337a-972e-d216c2bf21fa"
    }
  }, {
    "fullUrl": "urn:uuid:91808f17-7583-32a3-aa55-23b131b327c7",
    "resource": {
      "resourceType": "Organization",
      "id": "91808f17-7583-32a3-aa55-23b131b327c7",
      "meta": {
        "profile": [ "http://hl7.org/fhir/us/core/StructureDefinition/us-core-organization" ]
      },
      "extension": [ {
        "url": "http://synthetichealth.github.io/synthea/utilization-encounters-extension",
        "valueInteger": 45
      }, {
        "url": "http://synthetichealth.github.io/synthea/utilization-procedures-extension",
        "valueInteger": 0
      }, {
        "url": "http://synthetichealth.github.io/synthea/utilization-labs-extension",
        "valueInteger": 0
      }, {
        "url": "http://synthetichealth.github.io/synthea/utilization-prescriptions-extension",
        "valueInteger": 0
      } ],
      "identifier": [ {
        "system": "https://github.com/synthetichealth/synthea",
        "value": "91808f17-7583-32a3-aa55-23b131b327c7"
      } ],
      "active": true,
      "type": [ {
        "coding": [ {
          "system": "http://terminology.hl7.org/CodeSystem/organization-type",
          "code": "prov",
          "display": "Healthcare Provider"
        } ],
        "text": "Healthcare Provider"
      } ],
      "name": "SOUTH SHORE CENTER FOR WELLNESS LTD",
      "telecom": [ {
        "system": "phone",
        "value": "7818788340"
      } ],
      "address": [ {
        "line": [ "200 CORDWAINER DR" ],
        "city": "NORWELL",
        "state": "MA",
        "postalCode": "020611671",
        "country": "US"
      } ]
    },
    "request": {
      "method": "POST",
      "url": "Organization",
      "ifNoneExist": "identifier=https://github.com/synthetichealth/synthea|91808f17-7583-32a3-aa55-23b131b327c7"
    }
  }, {
    "fullUrl": "urn:uuid:cb10fc5f-9370-332c-8653-a69c8f5e815d",
    "resource": {
      "resourceType": "Location",
      "id": "cb10fc5f-9370-332c-8653-a69c8f5e815d",
      "meta": {
        "profile": [ "http://hl7.org/fhir/us/core/StructureDefinition/us-core-location" ]
      },
      "identifier": [ {
        "system": "https://github.com/synthetichealth/synthea",
        "value": "cb10fc5f-9370-332c-8653-a69c8f5e815d"
      } ],
      "status": "active",
      "name": "SOUTH SHORE CENTER FOR WELLNESS LTD",
      "telecom": [ {
        "system": "phone",
        "value": "7818788340"
      } ],
      "address": {
        "line": [ "200 CORDWAINER DR" ],
        "city": "NORWELL",
        "state": "MA",
        "postalCode": "020611671",
        "country": "US"
      },
      "position": {
        "longitude": -70.8846291501739,
        "latitude": 42.16352995
      },
      "managingOrganization": {
        "identifier": {
          "system": "https://github.com/synthetichealth/synthea",
          "value": "91808f17-7583-32a3-aa55-23b131b327c7"
        },
        "display": "SOUTH SHORE CENTER FOR WELLNESS LTD"
      }
    },
    "request": {
      "method": "POST",
      "url": "Location",
      "ifNoneExist": "identifier=https://github.com/synthetichealth/synthea|cb10fc5f-9370-332c-8653-a69c8f5e815d"
    }
  }, {
    "fullUrl": "urn:uuid:6aae7a31-90df-3455-ad8d-81f8cf2d21e8",
    "resource": {
      "resourceType": "Organization",
      "id": "6aae7a31-90df-3455-ad8d-81f8cf2d21e8",
      "meta": {
        "profile": [ "http://hl7.org/fhir/us/core/StructureDefinition/us-core-organization" ]
      },
      "extension": [ {
        "url": "http://synthetichealth.github.io/synthea/utilization-encounters-extension",
        "valueInteger": 2
      }, {
        "url": "http://synthetichealth.github.io/synthea/utilization-procedures-extension",
        "valueInteger": 0
      }, {
        "url": "http://synthetichealth.github.io/synthea/utilization-labs-extension",
        "valueInteger": 0
      }, {
        "url": "http://synthetichealth.github.io/synthea/utilization-prescriptions-extension",
        "valueInteger": 0
      } ],
      "identifier": [ {
        "system": "https://github.com/synthetichealth/synthea",
        "value": "6aae7a31-90df-3455-ad8d-81f8cf2d21e8"
      } ],
      "active": true,
      "type": [ {
        "coding": [ {
          "system": "http://terminology.hl7.org/CodeSystem/organization-type",
          "code": "prov",
          "display": "Healthcare Provider"
        } ],
        "text": "Healthcare Provider"
      } ],
      "name": "BROCKTON HOSPITAL, INC.",
      "telecom": [ {
        "system": "phone",
        "value": "5089417000"
      } ],
      "address": [ {
        "line": [ "680 CENTRE ST" ],
        "city": "BROCKTON",
        "state": "MA",
        "postalCode": "023023308",
        "country": "US"
      } ]
    },
    "request": {
      "method": "POST",
      "url": "Organization",
      "ifNoneExist": "identifier=https://github.com/synthetichealth/synthea|6aae7a31-90df-3455-ad8d-81f8cf2d21e8"
    }
  }, {
    "fullUrl": "urn:uuid:ab1eb2eb-5fe2-39b8-9c17-4f2131691379",
    "resource": {
      "resourceType": "Location",
      "id": "ab1eb2eb-5fe2-39b8-9c17-4f2131691379",
      "meta": {
        "profile": [ "http://hl7.org/fhir/us/core/StructureDefinition/us-core-location" ]
      },
      "identifier": [ {
        "system": "https://github.com/synthetichealth/synthea",
        "value": "ab1eb2eb-5fe2-39b8-9c17-4f2131691379"
      } ],
      "status": "active",
      "name": "BROCKTON HOSPITAL, INC.",
      "telecom": [ {
        "system": "phone",
        "value": "5089417000"
      } ],
      "address": {
        "line": [ "680 CENTRE ST" ],
        "city": "BROCKTON",
        "state": "MA",
        "postalCode": "023023308",
        "country": "US"
      },
      "position": {
        "longitude": -70.9910738855076,
        "latitude": 42.0872752
      },
      "managingOrganization": {
        "identifier": {
          "system": "https://github.com/synthetichealth/synthea",
          "value": "6aae7a31-90df-3455-ad8d-81f8cf2d21e8"
        },
        "display": "BROCKTON HOSPITAL, INC."
      }
    },
    "request": {
      "method": "POST",
      "url": "Location",
      "ifNoneExist": "identifier=https://github.com/synthetichealth/synthea|ab1eb2eb-5fe2-39b8-9c17-4f2131691379"
    }
  }, {
    "fullUrl": "urn:uuid:bb1ad573-19b8-9cd8-68fb-0e6f684df992",
    "resource": {
      "resourceType": "Location",
      "id": "bb1ad573-19b8-9cd8-68fb-0e6f684df992",
      "identifier": [ {
        "system": "https://github.com/synthetichealth/synthea",
        "value": "bb1ad573-19b8-9cd8-68fb-0e6f684df992"
      } ],
      "status": "active",
      "description": "Patient's Home",
      "mode": "kind",
      "physicalType": {
        "coding": [ {
          "system": "http://terminology.hl7.org/CodeSystem/location-physical-type",
          "code": "ho",
          "display": "House"
        } ]
      }
    },
    "request": {
      "method": "POST",
      "url": "Location",
      "ifNoneExist": "identifier=https://github.com/synthetichealth/synthea|bb1ad573-19b8-9cd8-68fb-0e6f684df992"
    }
  } ]
}
