{
  "resourceType": "Bundle",
  "type": "batch",
  "entry": [ {
    "fullUrl": "urn:uuid:196d6d77-d882-3b53-ba9c-160e1e4fab56",
    "resource": {
      "resourceType": "Practitioner",
      "id": "196d6d77-d882-3b53-ba9c-160e1e4fab56",
      "meta": {
        "profile": [ "http://hl7.org/fhir/us/core/StructureDefinition/us-core-practitioner" ]
      },
      "extension": [ {
        "url": "http://synthetichealth.github.io/synthea/utilization-encounters-extension",
        "valueInteger": 33
      } ],
      "identifier": [ {
        "system": "http://hl7.org/fhir/sid/us-npi",
        "value": "9999969493"
      } ],
      "active": true,
      "name": [ {
        "family": "Thiel172",
        "given": [ "Phoebe31" ],
        "prefix": [ "Dr." ]
      } ],
      "telecom": [ {
        "extension": [ {
          "url": "http://hl7.org/fhir/us/core/StructureDefinition/us-core-direct",
          "valueBoolean": true
        } ],
        "system": "email",
        "value": "Phoebe31.Thiel172@example.com",
        "use": "work"
      } ],
      "address": [ {
        "line": [ "10 CENTENNIAL DR" ],
        "city": "PEABODY",
        "state": "MA",
        "postalCode": "019607938",
        "country": "US"
      } ],
      "gender": "female"
    },
    "request": {
      "method": "POST",
      "url": "Practitioner",
      "ifNoneExist": "identifier=http://hl7.org/fhir/sid/us-npi|9999969493"
    }
  }, {
    "fullUrl": "urn:uuid:edc49a52-356c-a06a-dafb-e0a435187a95",
    "resource": {
      "resourceType": "PractitionerRole",
      "id": "edc49a52-356c-a06a-dafb-e0a435187a95",
      "meta": {
        "profile": [ "http://hl7.org/fhir/us/core/StructureDefinition/us-core-practitionerrole" ]
      },
      "practitioner": {
        "identifier": {
          "system": "http://hl7.org/fhir/sid/us-npi",
          "value": "9999969493"
        },
        "display": "Dr. Phoebe31 Thiel172"
      },
      "organization": {
        "identifier": {
          "system": "https://github.com/synthetichealth/synthea",
          "value": "93c3d861-e05d-33b9-91eb-1768470229d7"
        },
        "display": "PAIN AND WELLNESS CENTER"
      },
      "code": [ {
        "coding": [ {
          "system": "http://nucc.org/provider-taxonomy",
          "code": "208D00000X",
          "display": "General Practice Physician"
        } ],
        "text": "General Practice Physician"
      } ],
      "specialty": [ {
        "coding": [ {
          "system": "http://nucc.org/provider-taxonomy",
          "code": "208D00000X",
          "display": "General Practice Physician"
        } ],
        "text": "General Practice Physician"
      } ],
      "location": [ {
        "identifier": {
          "system": "https://github.com/synthetichealth/synthea",
          "value": "7d3a8231-d725-367e-b9ed-22c2e7791fb8"
        },
        "display": "PAIN AND WELLNESS CENTER"
      } ],
      "telecom": [ {
        "system": "phone",
        "value": "9788267230"
      }, {
        "extension": [ {
          "url": "http://hl7.org/fhir/us/core/StructureDefinition/us-core-direct",
          "valueBoolean": true
        } ],
        "system": "email",
        "value": "Phoebe31.Thiel172@example.com",
        "use": "work"
      } ]
    },
    "request": {
      "method": "POST",
      "url": "PractitionerRole"
    }
  }, {
    "fullUrl": "urn:uuid:cd6a4fcf-e08f-3173-95a5-8f6b4309f101",
    "resource": {
      "resourceType": "Practitioner",
      "id": "cd6a4fcf-e08f-3173-95a5-8f6b4309f101",
      "meta": {
        "profile": [ "http://hl7.org/fhir/us/core/StructureDefinition/us-core-practitioner" ]
      },
      "extension": [ {
        "url": "http://synthetichealth.github.io/synthea/utilization-encounters-extension",
        "valueInteger": 2
      } ],
      "identifier": [ {
        "system": "http://hl7.org/fhir/sid/us-npi",
        "value": "9999993998"
      } ],
      "active": true,
      "name": [ {
        "family": "Batz141",
        "given": [ "Sharron285" ],
        "prefix": [ "Dr." ]
      } ],
      "telecom": [ {
        "extension": [ {
          "url": "http://hl7.org/fhir/us/core/StructureDefinition/us-core-direct",
          "valueBoolean": true
        } ],
        "system": "email",
        "value": "Sharron285.Batz141@example.com",
        "use": "work"
      } ],
      "address": [ {
        "line": [ "88 EAST NEWTON STREET" ],
        "city": "WINTHROP",
        "state": "MA",
        "postalCode": "021522715",
        "country": "US"
      } ],
      "gender": "female"
    },
    "request": {
      "method": "POST",
      "url": "Practitioner",
      "ifNoneExist": "identifier=http://hl7.org/fhir/sid/us-npi|9999993998"
    }
  }, {
    "fullUrl": "urn:uuid:ee272935-b262-75c0-b762-33b696d1ff41",
    "resource": {
      "resourceType": "PractitionerRole",
      "id": "ee272935-b262-75c0-b762-33b696d1ff41",
      "meta": {
        "profile": [ "http://hl7.org/fhir/us/core/StructureDefinition/us-core-practitionerrole" ]
      },
      "practitioner": {
        "identifier": {
          "system": "http://hl7.org/fhir/sid/us-npi",
          "value": "9999993998"
        },
        "display": "Dr. Sharron285 Batz141"
      },
      "organization": {
        "identifier": {
          "system": "https://github.com/synthetichealth/synthea",
          "value": "0fedae9f-701f-3317-9b2f-69aea2202cdc"
        },
        "display": "BOSTON MEDICAL CENTER CORPORATION-"
      },
      "code": [ {
        "coding": [ {
          "system": "http://nucc.org/provider-taxonomy",
          "code": "208D00000X",
          "display": "General Practice Physician"
        } ],
        "text": "General Practice Physician"
      } ],
      "specialty": [ {
        "coding": [ {
          "system": "http://nucc.org/provider-taxonomy",
          "code": "208D00000X",
          "display": "General Practice Physician"
        } ],
        "text": "General Practice Physician"
      } ],
      "location": [ {
        "identifier": {
          "system": "https://github.com/synthetichealth/synthea",
          "value": "5d5ac7a4-7c31-3868-a7c1-d16c34243530"
        },
        "display": "BOSTON MEDICAL CENTER CORPORATION-"
      } ],
      "telecom": [ {
        "system": "phone",
        "value": "6176388000"
      }, {
        "extension": [ {
          "url": "http://hl7.org/fhir/us/core/StructureDefinition/us-core-direct",
          "valueBoolean": true
        } ],
        "system": "email",
        "value": "Sharron285.Batz141@example.com",
        "use": "work"
      } ]
    },
    "request": {
      "method": "POST",
      "url": "PractitionerRole"
    }
  }, {
    "fullUrl": "urn:uuid:88e0433b-fd12-308d-b120-3929556b61b0",
    "resource": {
      "resourceType": "Practitioner",
      "id": "88e0433b-fd12-308d-b120-3929556b61b0",
      "meta": {
        "profile": [ "http://hl7.org/fhir/us/core/StructureDefinition/us-core-practitioner" ]
      },
      "extension": [ {
        "url": "http://synthetichealth.github.io/synthea/utilization-encounters-extension",
        "valueInteger": 41
      } ],
      "identifier": [ {
        "system": "http://hl7.org/fhir/sid/us-npi",
        "value": "9999945790"
      } ],
      "active": true,
      "name": [ {
        "family": "Bernhard322",
        "given": [ "Delicia67" ],
        "prefix": [ "Dr." ]
      } ],
      "telecom": [ {
        "extension": [ {
          "url": "http://hl7.org/fhir/us/core/StructureDefinition/us-core-direct",
          "valueBoolean": true
        } ],
        "system": "email",
        "value": "Delicia67.Bernhard322@example.com",
        "use": "work"
      } ],
      "address": [ {
        "line": [ "1030 FALMOUTH RD" ],
        "city": "SOUTH YARMOUTH",
        "state": "MA",
        "postalCode": "026641218",
        "country": "US"
      } ],
      "gender": "female"
    },
    "request": {
      "method": "POST",
      "url": "Practitioner",
      "ifNoneExist": "identifier=http://hl7.org/fhir/sid/us-npi|9999945790"
    }
  }, {
    "fullUrl": "urn:uuid:13c27a69-d7f7-4171-b17c-29e9ec1c90be",
    "resource": {
      "resourceType": "PractitionerRole",
      "id": "13c27a69-d7f7-4171-b17c-29e9ec1c90be",
      "meta": {
        "profile": [ "http://hl7.org/fhir/us/core/StructureDefinition/us-core-practitionerrole" ]
      },
      "practitioner": {
        "identifier": {
          "system": "http://hl7.org/fhir/sid/us-npi",
          "value": "9999945790"
        },
        "display": "Dr. Delicia67 Bernhard322"
      },
      "organization": {
        "identifier": {
          "system": "https://github.com/synthetichealth/synthea",
          "value": "0d24cc89-3256-330c-b36d-d8de8babef84"
        },
        "display": "CAPE COD HEALTHCARE PHYSICIANS"
      },
      "code": [ {
        "coding": [ {
          "system": "http://nucc.org/provider-taxonomy",
          "code": "208D00000X",
          "display": "General Practice Physician"
        } ],
        "text": "General Practice Physician"
      } ],
      "specialty": [ {
        "coding": [ {
          "system": "http://nucc.org/provider-taxonomy",
          "code": "208D00000X",
          "display": "General Practice Physician"
        } ],
        "text": "General Practice Physician"
      } ],
      "location": [ {
        "identifier": {
          "system": "https://github.com/synthetichealth/synthea",
          "value": "6e22abbe-b3a1-39a8-a429-9957b3244188"
        },
        "display": "CAPE COD HEALTHCARE PHYSICIANS"
      } ],
      "telecom": [ {
        "system": "phone",
        "value": "5087784777"
      }, {
        "extension": [ {
          "url": "http://hl7.org/fhir/us/core/StructureDefinition/us-core-direct",
          "valueBoolean": true
        } ],
        "system": "email",
        "value": "Delicia67.Bernhard322@example.com",
        "use": "work"
      } ]
    },
    "request": {
      "method": "POST",
      "url": "PractitionerRole"
    }
  }, {
    "fullUrl": "urn:uuid:99b6afe8-aac5-3710-8403-f49a074e88a5",
    "resource": {
      "resourceType": "Practitioner",
      "id": "99b6afe8-aac5-3710-8403-f49a074e88a5",
      "meta": {
        "profile": [ "http://hl7.org/fhir/us/core/StructureDefinition/us-core-practitioner" ]
      },
      "extension": [ {
        "url": "http://synthetichealth.github.io/synthea/utilization-encounters-extension",
        "valueInteger": 46
      } ],
      "identifier": [ {
        "system": "http://hl7.org/fhir/sid/us-npi",
        "value": "9999962696"
      } ],
      "active": true,
      "name": [ {
        "family": "Predovic534",
        "given": [ "Cecily421" ],
        "prefix": [ "Dr." ]
      } ],
      "telecom": [ {
        "extension": [ {
          "url": "http://hl7.org/fhir/us/core/StructureDefinition/us-core-direct",
          "valueBoolean": true
        } ],
        "system": "email",
        "value": "Cecily421.Predovic534@example.com",
        "use": "work"
      } ],
      "address": [ {
        "line": [ "20 ELM ST" ],
        "city": "PITTSFIELD",
        "state": "MA",
        "postalCode": "012016502",
        "country": "US"
      } ],
      "gender": "female"
    },
    "request": {
      "method": "POST",
      "url": "Practitioner",
      "ifNoneExist": "identifier=http://hl7.org/fhir/sid/us-npi|9999962696"
    }
  }, {
    "fullUrl": "urn:uuid:ba439bad-03dd-ac38-906f-0123a1249995",
    "resource": {
      "resourceType": "PractitionerRole",
      "id": "ba439bad-03dd-ac38-906f-0123a1249995",
      "meta": {
        "profile": [ "http://hl7.org/fhir/us/core/StructureDefinition/us-core-practitionerrole" ]
      },
      "practitioner": {
        "identifier": {
          "system": "http://hl7.org/fhir/sid/us-npi",
          "value": "9999962696"
        },
        "display": "Dr. Cecily421 Predovic534"
      },
      "organization": {
        "identifier": {
          "system": "https://github.com/synthetichealth/synthea",
          "value": "5117bb89-3a9f-3740-a0f1-c3a1a8d7851e"
        },
        "display": "FAMILY PRACTICE ASSOCIATES R TAYLOR E HEYMAN & R LEE PTRS"
      },
      "code": [ {
        "coding": [ {
          "system": "http://nucc.org/provider-taxonomy",
          "code": "208D00000X",
          "display": "General Practice Physician"
        } ],
        "text": "General Practice Physician"
      } ],
      "specialty": [ {
        "coding": [ {
          "system": "http://nucc.org/provider-taxonomy",
          "code": "208D00000X",
          "display": "General Practice Physician"
        } ],
        "text": "General Practice Physician"
      } ],
      "location": [ {
        "identifier": {
          "system": "https://github.com/synthetichealth/synthea",
          "value": "bccac547-23af-37ae-b8d2-6bd85046c590"
        },
        "display": "FAMILY PRACTICE ASSOCIATES R TAYLOR E HEYMAN & R LEE PTRS"
      } ],
      "telecom": [ {
        "system": "phone",
        "value": "4134421019"
      }, {
        "extension": [ {
          "url": "http://hl7.org/fhir/us/core/StructureDefinition/us-core-direct",
          "valueBoolean": true
        } ],
        "system": "email",
        "value": "Cecily421.Predovic534@example.com",
        "use": "work"
      } ]
    },
    "request": {
      "method": "POST",
      "url": "PractitionerRole"
    }
  }, {
    "fullUrl": "urn:uuid:9815bf9f-47e0-376b-b36e-77a60983f15f",
    "resource": {
      "resourceType": "Practitioner",
      "id": "9815bf9f-47e0-376b-b36e-77a60983f15f",
      "meta": {
        "profile": [ "http://hl7.org/fhir/us/core/StructureDefinition/us-core-practitioner" ]
      },
      "extension": [ {
        "url": "http://synthetichealth.github.io/synthea/utilization-encounters-extension",
        "valueInteger": 53
      } ],
      "identifier": [ {
        "system": "http://hl7.org/fhir/sid/us-npi",
        "value": "9999940999"
      } ],
      "active": true,
      "name": [ {
        "family": "Sawayn19",
        "given": [ "Taisha184" ],
        "prefix": [ "Dr." ]
      } ],
      "telecom": [ {
        "extension": [ {
          "url": "http://hl7.org/fhir/us/core/StructureDefinition/us-core-direct",
          "valueBoolean": true
        } ],
        "system": "email",
        "value": "Taisha184.Sawayn19@example.com",
        "use": "work"
      } ],
      "address": [ {
        "line": [ "80 SUMMER ST STE 1" ],
        "city": "BOSTON",
        "state": "MA",
        "postalCode": "021101218",
        "country": "US"
      } ],
      "gender": "female"
    },
    "request": {
      "method": "POST",
      "url": "Practitioner",
      "ifNoneExist": "identifier=http://hl7.org/fhir/sid/us-npi|9999940999"
    }
  }, {
    "fullUrl": "urn:uuid:7469a5a3-6c80-d23d-bede-2537524532fb",
    "resource": {
      "resourceType": "PractitionerRole",
      "id": "7469a5a3-6c80-d23d-bede-2537524532fb",
      "meta": {
        "profile": [ "http://hl7.org/fhir/us/core/StructureDefinition/us-core-practitionerrole" ]
      },
      "practitioner": {
        "identifier": {
          "system": "http://hl7.org/fhir/sid/us-npi",
          "value": "9999940999"
        },
        "display": "Dr. Taisha184 Sawayn19"
      },
      "organization": {
        "identifier": {
          "system": "https://github.com/synthetichealth/synthea",
          "value": "c0719377-d40a-3e9c-9f7c-af47c93b3f40"
        },
        "display": "CARBON HEALTH PRIMARY CARE OF FLORIDA PA"
      },
      "code": [ {
        "coding": [ {
          "system": "http://nucc.org/provider-taxonomy",
          "code": "208D00000X",
          "display": "General Practice Physician"
        } ],
        "text": "General Practice Physician"
      } ],
      "specialty": [ {
        "coding": [ {
          "system": "http://nucc.org/provider-taxonomy",
          "code": "208D00000X",
          "display": "General Practice Physician"
        } ],
        "text": "General Practice Physician"
      } ],
      "location": [ {
        "identifier": {
          "system": "https://github.com/synthetichealth/synthea",
          "value": "551bb30f-ff5b-3c6e-98ed-938ef9775cdd"
        },
        "display": "CARBON HEALTH PRIMARY CARE OF FLORIDA PA"
      } ],
      "telecom": [ {
        "system": "phone",
        "value": "6178652749"
      }, {
        "extension": [ {
          "url": "http://hl7.org/fhir/us/core/StructureDefinition/us-core-direct",
          "valueBoolean": true
        } ],
        "system": "email",
        "value": "Taisha184.Sawayn19@example.com",
        "use": "work"
      } ]
    },
    "request": {
      "method": "POST",
      "url": "PractitionerRole"
    }
  }, {
    "fullUrl": "urn:uuid:675ec020-7c25-3a73-b064-b45c10c3ee6b",
    "resource": {
      "resourceType": "Practitioner",
      "id": "675ec020-7c25-3a73-b064-b45c10c3ee6b",
      "meta": {
        "profile": [ "http://hl7.org/fhir/us/core/StructureDefinition/us-core-practitioner" ]
      },
      "extension": [ {
        "url": "http://synthetichealth.github.io/synthea/utilization-encounters-extension",
        "valueInteger": 27
      } ],
      "identifier": [ {
        "system": "http://hl7.org/fhir/sid/us-npi",
        "value": "9999949198"
      } ],
      "active": true,
      "name": [ {
        "family": "Leannon79",
        "given": [ "Valentine262" ],
        "prefix": [ "Dr." ]
      } ],
      "telecom": [ {
        "extension": [ {
          "url": "http://hl7.org/fhir/us/core/StructureDefinition/us-core-direct",
          "valueBoolean": true
        } ],
        "system": "email",
        "value": "Valentine262.Leannon79@example.com",
        "use": "work"
      } ],
      "address": [ {
        "line": [ "37 MINUTEMAN WAY" ],
        "city": "SHREWSBURY",
        "state": "MA",
        "postalCode": "015452229",
        "country": "US"
      } ],
      "gender": "male"
    },
    "request": {
      "method": "POST",
      "url": "Practitioner",
      "ifNoneExist": "identifier=http://hl7.org/fhir/sid/us-npi|9999949198"
    }
  }, {
    "fullUrl": "urn:uuid:d716f7bc-e4d0-4114-b293-fd9f1a80e718",
    "resource": {
      "resourceType": "PractitionerRole",
      "id": "d716f7bc-e4d0-4114-b293-fd9f1a80e718",
      "meta": {
        "profile": [ "http://hl7.org/fhir/us/core/StructureDefinition/us-core-practitionerrole" ]
      },
      "practitioner": {
        "identifier": {
          "system": "http://hl7.org/fhir/sid/us-npi",
          "value": "9999949198"
        },
        "display": "Dr. Valentine262 Leannon79"
      },
      "organization": {
        "identifier": {
          "system": "https://github.com/synthetichealth/synthea",
          "value": "a2d45ee8-b930-3169-b612-f602961ad212"
        },
        "display": "SUNRISE HEALTHCARE LLC"
      },
      "code": [ {
        "coding": [ {
          "system": "http://nucc.org/provider-taxonomy",
          "code": "208D00000X",
          "display": "General Practice Physician"
        } ],
        "text": "General Practice Physician"
      } ],
      "specialty": [ {
        "coding": [ {
          "system": "http://nucc.org/provider-taxonomy",
          "code": "208D00000X",
          "display": "General Practice Physician"
        } ],
        "text": "General Practice Physician"
      } ],
      "location": [ {
        "identifier": {
          "system": "https://github.com/synthetichealth/synthea",
          "value": "47a2789d-e285-3254-8365-34149cfbc8d1"
        },
        "display": "SUNRISE HEALTHCARE LLC"
      } ],
      "telecom": [ {
        "system": "phone",
        "value": "6176509959"
      }, {
        "extension": [ {
          "url": "http://hl7.org/fhir/us/core/StructureDefinition/us-core-direct",
          "valueBoolean": true
        } ],
        "system": "email",
        "value": "Valentine262.Leannon79@example.com",
        "use": "work"
      } ]
    },
    "request": {
      "method": "POST",
      "url": "PractitionerRole"
    }
  }, {
    "fullUrl": "urn:uuid:48f778ee-d92c-3158-b80d-d7795f87beb7",
    "resource": {
      "resourceType": "Practitioner",
      "id": "48f778ee-d92c-3158-b80d-d7795f87beb7",
      "meta": {
        "profile": [ "http://hl7.org/fhir/us/core/StructureDefinition/us-core-practitioner" ]
      },
      "extension": [ {
        "url": "http://synthetichealth.github.io/synthea/utilization-encounters-extension",
        "valueInteger": 52
      } ],
      "identifier": [ {
        "system": "http://hl7.org/fhir/sid/us-npi",
        "value": "9999967398"
      } ],
      "active": true,
      "name": [ {
        "family": "Hudson301",
        "given": [ "Jamel269" ],
        "prefix": [ "Dr." ]
      } ],
      "telecom": [ {
        "extension": [ {
          "url": "http://hl7.org/fhir/us/core/StructureDefinition/us-core-direct",
          "valueBoolean": true
        } ],
        "system": "email",
        "value": "Jamel269.Hudson301@example.com",
        "use": "work"
      } ],
      "address": [ {
        "line": [ "409 W BROADWAY" ],
        "city": "SOUTH BOSTON",
        "state": "MA",
        "postalCode": "021272245",
        "country": "US"
      } ],
      "gender": "male"
    },
    "request": {
      "method": "POST",
      "url": "Practitioner",
      "ifNoneExist": "identifier=http://hl7.org/fhir/sid/us-npi|9999967398"
    }
  }, {
    "fullUrl": "urn:uuid:8ea174f0-75f2-6fbe-a0be-a91f2526fe12",
    "resource": {
      "resourceType": "PractitionerRole",
      "id": "8ea174f0-75f2-6fbe-a0be-a91f2526fe12",
      "meta": {
        "profile": [ "http://hl7.org/fhir/us/core/StructureDefinition/us-core-practitionerrole" ]
      },
      "practitioner": {
        "identifier": {
          "system": "http://hl7.org/fhir/sid/us-npi",
          "value": "9999967398"
        },
        "display": "Dr. Jamel269 Hudson301"
      },
      "organization": {
        "identifier": {
          "system": "https://github.com/synthetichealth/synthea",
          "value": "79d49935-bcc0-36ca-920b-45365c367438"
        },
        "display": "SOUTH BOSTON COMMUNITY HEALTH CENTER INC"
      },
      "code": [ {
        "coding": [ {
          "system": "http://nucc.org/provider-taxonomy",
          "code": "208D00000X",
          "display": "General Practice Physician"
        } ],
        "text": "General Practice Physician"
      } ],
      "specialty": [ {
        "coding": [ {
          "system": "http://nucc.org/provider-taxonomy",
          "code": "208D00000X",
          "display": "General Practice Physician"
        } ],
        "text": "General Practice Physician"
      } ],
      "location": [ {
        "identifier": {
          "system": "https://github.com/synthetichealth/synthea",
          "value": "75a53ceb-dc3f-347d-8cfb-f2f5a42837d1"
        },
        "display": "SOUTH BOSTON COMMUNITY HEALTH CENTER INC"
      } ],
      "telecom": [ {
        "system": "phone",
        "value": "6172697500"
      }, {
        "extension": [ {
          "url": "http://hl7.org/fhir/us/core/StructureDefinition/us-core-direct",
          "valueBoolean": true
        } ],
        "system": "email",
        "value": "Jamel269.Hudson301@example.com",
        "use": "work"
      } ]
    },
    "request": {
      "method": "POST",
      "url": "PractitionerRole"
    }
  }, {
    "fullUrl": "urn:uuid:83eb8a32-dd70-3ddc-80a9-de779c60b7c1",
    "resource": {
      "resourceType": "Practitioner",
      "id": "83eb8a32-dd70-3ddc-80a9-de779c60b7c1",
      "meta": {
        "profile": [ "http://hl7.org/fhir/us/core/StructureDefinition/us-core-practitioner" ]
      },
      "extension": [ {
        "url": "http://synthetichealth.github.io/synthea/utilization-encounters-extension",
        "valueInteger": 2
      } ],
      "identifier": [ {
        "system": "http://hl7.org/fhir/sid/us-npi",
        "value": "9999992198"
      } ],
      "active": true,
      "name": [ {
        "family": "Bergstrom287",
        "given": [ "Arden380" ],
        "prefix": [ "Dr." ]
      } ],
      "telecom": [ {
        "extension": [ {
          "url": "http://hl7.org/fhir/us/core/StructureDefinition/us-core-direct",
          "valueBoolean": true
        } ],
        "system": "email",
        "value": "Arden380.Bergstrom287@example.com",
        "use": "work"
      } ],
      "address": [ {
        "line": [ "27 PARK ST" ],
        "city": "HYANNIS",
        "state": "MA",
        "postalCode": "026015230",
        "country": "US"
      } ],
      "gender": "male"
    },
    "request": {
      "method": "POST",
      "url": "Practitioner",
      "ifNoneExist": "identifier=http://hl7.org/fhir/sid/us-npi|9999992198"
    }
  }, {
    "fullUrl": "urn:uuid:8a07f1fa-f4bf-4992-cbb3-ad3c04456495",
    "resource": {
      "resourceType": "PractitionerRole",
      "id": "8a07f1fa-f4bf-4992-cbb3-ad3c04456495",
      "meta": {
        "profile": [ "http://hl7.org/fhir/us/core/StructureDefinition/us-core-practitionerrole" ]
      },
      "practitioner": {
        "identifier": {
          "system": "http://hl7.org/fhir/sid/us-npi",
          "value": "9999992198"
        },
        "display": "Dr. Arden380 Bergstrom287"
      },
      "organization": {
        "identifier": {
          "system": "https://github.com/synthetichealth/synthea",
          "value": "497f39dd-280e-3d58-af5b-c5e3a3a09b10"
        },
        "display": "CAPE COD HOSPITAL INC"
      },
      "code": [ {
        "coding": [ {
          "system": "http://nucc.org/provider-taxonomy",
          "code": "208D00000X",
          "display": "General Practice Physician"
        } ],
        "text": "General Practice Physician"
      } ],
      "specialty": [ {
        "coding": [ {
          "system": "http://nucc.org/provider-taxonomy",
          "code": "208D00000X",
          "display": "General Practice Physician"
        } ],
        "text": "General Practice Physician"
      } ],
      "location": [ {
        "identifier": {
          "system": "https://github.com/synthetichealth/synthea",
          "value": "92b97a14-2913-30e3-99ba-39c987e4a9f6"
        },
        "display": "CAPE COD HOSPITAL INC"
      } ],
      "telecom": [ {
        "system": "phone",
        "value": "5087711800"
      }, {
        "extension": [ {
          "url": "http://hl7.org/fhir/us/core/StructureDefinition/us-core-direct",
          "valueBoolean": true
        } ],
        "system": "email",
        "value": "Arden380.Bergstrom287@example.com",
        "use": "work"
      } ]
    },
    "request": {
      "method": "POST",
      "url": "PractitionerRole"
    }
  }, {
    "fullUrl": "urn:uuid:637a1065-6dd2-3881-8ba4-91f2867bbef5",
    "resource": {
      "resourceType": "Practitioner",
      "id": "637a1065-6dd2-3881-8ba4-91f2867bbef5",
      "meta": {
        "profile": [ "http://hl7.org/fhir/us/core/StructureDefinition/us-core-practitioner" ]
      },
      "extension": [ {
        "url": "http://synthetichealth.github.io/synthea/utilization-encounters-extension",
        "valueInteger": 1
      } ],
      "identifier": [ {
        "system": "http://hl7.org/fhir/sid/us-npi",
        "value": "9999986893"
      } ],
      "active": true,
      "name": [ {
        "family": "Dicki44",
        "given": [ "Jose871" ],
        "prefix": [ "Dr." ]
      } ],
      "telecom": [ {
        "extension": [ {
          "url": "http://hl7.org/fhir/us/core/StructureDefinition/us-core-direct",
          "valueBoolean": true
        } ],
        "system": "email",
        "value": "Jose871.Dicki44@example.com",
        "use": "work"
      } ],
      "address": [ {
        "line": [ "750 WASHINGTON ST" ],
        "city": "BOSTON",
        "state": "MA",
        "postalCode": "021111552",
        "country": "US"
      } ],
      "gender": "male"
    },
    "request": {
      "method": "POST",
      "url": "Practitioner",
      "ifNoneExist": "identifier=http://hl7.org/fhir/sid/us-npi|9999986893"
    }
  }, {
    "fullUrl": "urn:uuid:a71ba65b-43e5-92e9-4475-8c8aa33b8cb5",
    "resource": {
      "resourceType": "PractitionerRole",
      "id": "a71ba65b-43e5-92e9-4475-8c8aa33b8cb5",
      "meta": {
        "profile": [ "http://hl7.org/fhir/us/core/StructureDefinition/us-core-practitionerrole" ]
      },
      "practitioner": {
        "identifier": {
          "system": "http://hl7.org/fhir/sid/us-npi",
          "value": "9999986893"
        },
        "display": "Dr. Jose871 Dicki44"
      },
      "organization": {
        "identifier": {
          "system": "https://github.com/synthetichealth/synthea",
          "value": "0d1570ab-371c-3898-9397-95905d8c5166"
        },
        "display": "TUFTS MEDICAL CENTER, INC"
      },
      "code": [ {
        "coding": [ {
          "system": "http://nucc.org/provider-taxonomy",
          "code": "208D00000X",
          "display": "General Practice Physician"
        } ],
        "text": "General Practice Physician"
      } ],
      "specialty": [ {
        "coding": [ {
          "system": "http://nucc.org/provider-taxonomy",
          "code": "208D00000X",
          "display": "General Practice Physician"
        } ],
        "text": "General Practice Physician"
      } ],
      "location": [ {
        "identifier": {
          "system": "https://github.com/synthetichealth/synthea",
          "value": "e1422937-ff27-34bf-81fe-7dc3fa012770"
        },
        "display": "TUFTS MEDICAL CENTER, INC"
      } ],
      "telecom": [ {
        "system": "phone",
        "value": "6176365442"
      }, {
        "extension": [ {
          "url": "http://hl7.org/fhir/us/core/StructureDefinition/us-core-direct",
          "valueBoolean": true
        } ],
        "system": "email",
        "value": "Jose871.Dicki44@example.com",
        "use": "work"
      } ]
    },
    "request": {
      "method": "POST",
      "url": "PractitionerRole"
    }
  }, {
    "fullUrl": "urn:uuid:dc81d245-d09e-33ae-97ee-68d174f8e727",
    "resource": {
      "resourceType": "Practitioner",
      "id": "dc81d245-d09e-33ae-97ee-68d174f8e727",
      "meta": {
        "profile": [ "http://hl7.org/fhir/us/core/StructureDefinition/us-core-practitioner" ]
      },
      "extension": [ {
        "url": "http://synthetichealth.github.io/synthea/utilization-encounters-extension",
        "valueInteger": 58
      } ],
      "identifier": [ {
        "system": "http://hl7.org/fhir/sid/us-npi",
        "value": "9999949099"
      } ],
      "active": true,
      "name": [ {
        "family": "Kilback373",
        "given": [ "Rosario163" ],
        "prefix": [ "Dr." ]
      } ],
      "telecom": [ {
        "extension": [ {
          "url": "http://hl7.org/fhir/us/core/StructureDefinition/us-core-direct",
          "valueBoolean": true
        } ],
        "system": "email",
        "value": "Rosario163.Kilback373@example.com",
        "use": "work"
      } ],
      "address": [ {
        "line": [ "1 FARMER CIR" ],
        "city": "ARLINGTON",
        "state": "MA",
        "postalCode": "024742866",
        "country": "US"
      } ],
      "gender": "male"
    },
    "request": {
      "method": "POST",
      "url": "Practitioner",
      "ifNoneExist": "identifier=http://hl7.org/fhir/sid/us-npi|9999949099"
    }
  }, {
    "fullUrl": "urn:uuid:df14e3d8-5628-b74a-03b0-2f7b33531b85",
    "resource": {
      "resourceType": "PractitionerRole",
      "id": "df14e3d8-5628-b74a-03b0-2f7b33531b85",
      "meta": {
        "profile": [ "http://hl7.org/fhir/us/core/StructureDefinition/us-core-practitionerrole" ]
      },
      "practitioner": {
        "identifier": {
          "system": "http://hl7.org/fhir/sid/us-npi",
          "value": "9999949099"
        },
        "display": "Dr. Rosario163 Kilback373"
      },
      "organization": {
        "identifier": {
          "system": "https://github.com/synthetichealth/synthea",
          "value": "9fdce5d5-d4d0-3156-a8d5-8757bfe4e9b3"
        },
        "display": "ONE CALL HEALTHCARE PLLC"
      },
      "code": [ {
        "coding": [ {
          "system": "http://nucc.org/provider-taxonomy",
          "code": "208D00000X",
          "display": "General Practice Physician"
        } ],
        "text": "General Practice Physician"
      } ],
      "specialty": [ {
        "coding": [ {
          "system": "http://nucc.org/provider-taxonomy",
          "code": "208D00000X",
          "display": "General Practice Physician"
        } ],
        "text": "General Practice Physician"
      } ],
      "location": [ {
        "identifier": {
          "system": "https://github.com/synthetichealth/synthea",
          "value": "f3f1618f-da04-3617-976f-68a8e0bd41b1"
        },
        "display": "ONE CALL HEALTHCARE PLLC"
      } ],
      "telecom": [ {
        "system": "phone",
        "value": "6178660789"
      }, {
        "extension": [ {
          "url": "http://hl7.org/fhir/us/core/StructureDefinition/us-core-direct",
          "valueBoolean": true
        } ],
        "system": "email",
        "value": "Rosario163.Kilback373@example.com",
        "use": "work"
      } ]
    },
    "request": {
      "method": "POST",
      "url": "PractitionerRole"
    }
  }, {
    "fullUrl": "urn:uuid:8284b45d-0147-316f-9d15-1beeb1261329",
    "resource": {
      "resourceType": "Practitioner",
      "id": "8284b45d-0147-316f-9d15-1beeb1261329",
      "meta": {
        "profile": [ "http://hl7.org/fhir/us/core/StructureDefinition/us-core-practitioner" ]
      },
      "extension": [ {
        "url": "http://synthetichealth.github.io/synthea/utilization-encounters-extension",
        "valueInteger": 34
      } ],
      "identifier": [ {
        "system": "http://hl7.org/fhir/sid/us-npi",
        "value": "9999942896"
      } ],
      "active": true,
      "name": [ {
        "family": "Fritsch593",
        "given": [ "Arla414" ],
        "prefix": [ "Dr." ]
      } ],
      "telecom": [ {
        "extension": [ {
          "url": "http://hl7.org/fhir/us/core/StructureDefinition/us-core-direct",
          "valueBoolean": true
        } ],
        "system": "email",
        "value": "Arla414.Fritsch593@example.com",
        "use": "work"
      } ],
      "address": [ {
        "line": [ "821 E MAIN ST STE 3" ],
        "city": "CHICOPEE",
        "state": "MA",
        "postalCode": "010206306",
        "country": "US"
      } ],
      "gender": "female"
    },
    "request": {
      "method": "POST",
      "url": "Practitioner",
      "ifNoneExist": "identifier=http://hl7.org/fhir/sid/us-npi|9999942896"
    }
  }, {
    "fullUrl": "urn:uuid:30f3439f-c1b6-46d4-9f43-64be079bb66c",
    "resource": {
      "resourceType": "PractitionerRole",
      "id": "30f3439f-c1b6-46d4-9f43-64be079bb66c",
      "meta": {
        "profile": [ "http://hl7.org/fhir/us/core/StructureDefinition/us-core-practitionerrole" ]
      },
      "practitioner": {
        "identifier": {
          "system": "http://hl7.org/fhir/sid/us-npi",
          "value": "9999942896"
        },
        "display": "Dr. Arla414 Fritsch593"
      },
      "organization": {
        "identifier": {
          "system": "https://github.com/synthetichealth/synthea",
          "value": "aad05540-c9cb-3805-b3c4-f9b9d9b42b2e"
        },
        "display": "RIVER'S EDGE PRIMARY CARE LLC"
      },
      "code": [ {
        "coding": [ {
          "system": "http://nucc.org/provider-taxonomy",
          "code": "208D00000X",
          "display": "General Practice Physician"
        } ],
        "text": "General Practice Physician"
      } ],
      "specialty": [ {
        "coding": [ {
          "system": "http://nucc.org/provider-taxonomy",
          "code": "208D00000X",
          "display": "General Practice Physician"
        } ],
        "text": "General Practice Physician"
      } ],
      "location": [ {
        "identifier": {
          "system": "https://github.com/synthetichealth/synthea",
          "value": "a3d9fbb2-8e79-3105-8bf0-ccd519a97ca2"
        },
        "display": "RIVER'S EDGE PRIMARY CARE LLC"
      } ],
      "telecom": [ {
        "system": "phone",
        "value": "4136956774"
      }, {
        "extension": [ {
          "url": "http://hl7.org/fhir/us/core/StructureDefinition/us-core-direct",
          "valueBoolean": true
        } ],
        "system": "email",
        "value": "Arla414.Fritsch593@example.com",
        "use": "work"
      } ]
    },
    "request": {
      "method": "POST",
      "url": "PractitionerRole"
    }
  }, {
    "fullUrl": "urn:uuid:40158140-bc53-31d8-bd9b-ce90e731c8fb",
    "resource": {
      "resourceType": "Practitioner",
      "id": "40158140-bc53-31d8-bd9b-ce90e731c8fb",
      "meta": {
        "profile": [ "http://hl7.org/fhir/us/core/StructureDefinition/us-core-practitioner" ]
      },
      "extension": [ {
        "url": "http://synthetichealth.github.io/synthea/utilization-encounters-extension",
        "valueInteger": 2
      } ],
      "identifier": [ {
        "system": "http://hl7.org/fhir/sid/us-npi",
        "value": "9999987693"
      } ],
      "active": true,
      "name": [ {
        "family": "Rohan584",
        "given": [ "Eugene421" ],
        "prefix": [ "Dr." ]
      } ],
      "telecom": [ {
        "extension": [ {
          "url": "http://hl7.org/fhir/us/core/StructureDefinition/us-core-direct",
          "valueBoolean": true
        } ],
        "system": "email",
        "value": "Eugene421.Rohan584@example.com",
        "use": "work"
      } ],
      "address": [ {
        "line": [ "55 LAKE AVE N" ],
        "city": "WORCESTER",
        "state": "MA",
        "postalCode": "016550002",
        "country": "US"
      } ],
      "gender": "female"
    },
    "request": {
      "method": "POST",
      "url": "Practitioner",
      "ifNoneExist": "identifier=http://hl7.org/fhir/sid/us-npi|9999987693"
    }
  }, {
    "fullUrl": "urn:uuid:5caacb65-7e6e-a327-c587-4ddf311e7848",
    "resource": {
      "resourceType": "PractitionerRole",
      "id": "5caacb65-7e6e-a327-c587-4ddf311e7848",
      "meta": {
        "profile": [ "http://hl7.org/fhir/us/core/StructureDefinition/us-core-practitionerrole" ]
      },
      "practitioner": {
        "identifier": {
          "system": "http://hl7.org/fhir/sid/us-npi",
          "value": "9999987693"
        },
        "display": "Dr. Eugene421 Rohan584"
      },
      "organization": {
        "identifier": {
          "system": "https://github.com/synthetichealth/synthea",
          "value": "1cec4304-9757-3a10-ad4f-7e2090c56131"
        },
        "display": "UMASS MEMORIAL MEDICAL CENTER INC"
      },
      "code": [ {
        "coding": [ {
          "system": "http://nucc.org/provider-taxonomy",
          "code": "208D00000X",
          "display": "General Practice Physician"
        } ],
        "text": "General Practice Physician"
      } ],
      "specialty": [ {
        "coding": [ {
          "system": "http://nucc.org/provider-taxonomy",
          "code": "208D00000X",
          "display": "General Practice Physician"
        } ],
        "text": "General Practice Physician"
      } ],
      "location": [ {
        "identifier": {
          "system": "https://github.com/synthetichealth/synthea",
          "value": "34d300db-86bd-3ca9-9a41-bf7ac5895e52"
        },
        "display": "UMASS MEMORIAL MEDICAL CENTER INC"
      } ],
      "telecom": [ {
        "system": "phone",
        "value": "5083340254"
      }, {
        "extension": [ {
          "url": "http://hl7.org/fhir/us/core/StructureDefinition/us-core-direct",
          "valueBoolean": true
        } ],
        "system": "email",
        "value": "Eugene421.Rohan584@example.com",
        "use": "work"
      } ]
    },
    "request": {
      "method": "POST",
      "url": "PractitionerRole"
    }
  }, {
    "fullUrl": "urn:uuid:55220f0a-05b3-3955-a045-b775f2284549",
    "resource": {
      "resourceType": "Practitioner",
      "id": "55220f0a-05b3-3955-a045-b775f2284549",
      "meta": {
        "profile": [ "http://hl7.org/fhir/us/core/StructureDefinition/us-core-practitioner" ]
      },
      "extension": [ {
        "url": "http://synthetichealth.github.io/synthea/utilization-encounters-extension",
        "valueInteger": 30
      } ],
      "identifier": [ {
        "system": "http://hl7.org/fhir/sid/us-npi",
        "value": "9999957191"
      } ],
      "active": true,
      "name": [ {
        "family": "Schneider199",
        "given": [ "Hank686" ],
        "prefix": [ "Dr." ]
      } ],
      "telecom": [ {
        "extension": [ {
          "url": "http://hl7.org/fhir/us/core/StructureDefinition/us-core-direct",
          "valueBoolean": true
        } ],
        "system": "email",
        "value": "Hank686.Schneider199@example.com",
        "use": "work"
      } ],
      "address": [ {
        "line": [ "817 MERRIMACK ST" ],
        "city": "LOWELL",
        "state": "MA",
        "postalCode": "018543548",
        "country": "US"
      } ],
      "gender": "male"
    },
    "request": {
      "method": "POST",
      "url": "Practitioner",
      "ifNoneExist": "identifier=http://hl7.org/fhir/sid/us-npi|9999957191"
    }
  }, {
    "fullUrl": "urn:uuid:4eb7a3ae-79f1-f02c-a658-01555cae90c8",
    "resource": {
      "resourceType": "PractitionerRole",
      "id": "4eb7a3ae-79f1-f02c-a658-01555cae90c8",
      "meta": {
        "profile": [ "http://hl7.org/fhir/us/core/StructureDefinition/us-core-practitionerrole" ]
      },
      "practitioner": {
        "identifier": {
          "system": "http://hl7.org/fhir/sid/us-npi",
          "value": "9999957191"
        },
        "display": "Dr. Hank686 Schneider199"
      },
      "organization": {
        "identifier": {
          "system": "https://github.com/synthetichealth/synthea",
          "value": "84d5768f-3a21-3da9-aad2-bbf7a3ae2700"
        },
        "display": "LOWELL FAMILY MEDICAL CARE PC"
      },
      "code": [ {
        "coding": [ {
          "system": "http://nucc.org/provider-taxonomy",
          "code": "208D00000X",
          "display": "General Practice Physician"
        } ],
        "text": "General Practice Physician"
      } ],
      "specialty": [ {
        "coding": [ {
          "system": "http://nucc.org/provider-taxonomy",
          "code": "208D00000X",
          "display": "General Practice Physician"
        } ],
        "text": "General Practice Physician"
      } ],
      "location": [ {
        "identifier": {
          "system": "https://github.com/synthetichealth/synthea",
          "value": "4388e9fe-05d7-36cf-ae9b-f363dd88fb54"
        },
        "display": "LOWELL FAMILY MEDICAL CARE PC"
      } ],
      "telecom": [ {
        "system": "phone",
        "value": "9784530550"
      }, {
        "extension": [ {
          "url": "http://hl7.org/fhir/us/core/StructureDefinition/us-core-direct",
          "valueBoolean": true
        } ],
        "system": "email",
        "value": "Hank686.Schneider199@example.com",
        "use": "work"
      } ]
    },
    "request": {
      "method": "POST",
      "url": "PractitionerRole"
    }
  }, {
    "fullUrl": "urn:uuid:9eafac5f-6b02-3691-8434-025577f5dffa",
    "resource": {
      "resourceType": "Practitioner",
      "id": "9eafac5f-6b02-3691-8434-025577f5dffa",
      "meta": {
        "profile": [ "http://hl7.org/fhir/us/core/StructureDefinition/us-core-practitioner" ]
      },
      "extension": [ {
        "url": "http://synthetichealth.github.io/synthea/utilization-encounters-extension",
        "valueInteger": 2
      } ],
      "identifier": [ {
        "system": "http://hl7.org/fhir/sid/us-npi",
        "value": "9999993295"
      } ],
      "active": true,
      "name": [ {
        "family": "Wolf938",
        "given": [ "Kala987" ],
        "prefix": [ "Dr." ]
      } ],
      "telecom": [ {
        "extension": [ {
          "url": "http://hl7.org/fhir/us/core/StructureDefinition/us-core-direct",
          "valueBoolean": true
        } ],
        "system": "email",
        "value": "Kala987.Wolf938@example.com",
        "use": "work"
      } ],
      "address": [ {
        "line": [ "575 BEECH ST" ],
        "city": "HOLYOKE",
        "state": "MA",
        "postalCode": "010402223",
        "country": "US"
      } ],
      "gender": "female"
    },
    "request": {
      "method": "POST",
      "url": "Practitioner",
      "ifNoneExist": "identifier=http://hl7.org/fhir/sid/us-npi|9999993295"
    }
  }, {
    "fullUrl": "urn:uuid:ec71ce14-aaeb-de25-3c0a-30c963bfbb76",
    "resource": {
      "resourceType": "PractitionerRole",
      "id": "ec71ce14-aaeb-de25-3c0a-30c963bfbb76",
      "meta": {
        "profile": [ "http://hl7.org/fhir/us/core/StructureDefinition/us-core-practitionerrole" ]
      },
      "practitioner": {
        "identifier": {
          "system": "http://hl7.org/fhir/sid/us-npi",
          "value": "9999993295"
        },
        "display": "Dr. Kala987 Wolf938"
      },
      "organization": {
        "identifier": {
          "system": "https://github.com/synthetichealth/synthea",
          "value": "4f5e8f16-a31b-3071-8556-d7188ede313d"
        },
        "display": "HOLYOKE MEDICAL CENTER INC"
      },
      "code": [ {
        "coding": [ {
          "system": "http://nucc.org/provider-taxonomy",
          "code": "208D00000X",
          "display": "General Practice Physician"
        } ],
        "text": "General Practice Physician"
      } ],
      "specialty": [ {
        "coding": [ {
          "system": "http://nucc.org/provider-taxonomy",
          "code": "208D00000X",
          "display": "General Practice Physician"
        } ],
        "text": "General Practice Physician"
      } ],
      "location": [ {
        "identifier": {
          "system": "https://github.com/synthetichealth/synthea",
          "value": "d261e902-ea03-3f5f-8869-4a647b897d89"
        },
        "display": "HOLYOKE MEDICAL CENTER INC"
      } ],
      "telecom": [ {
        "system": "phone",
        "value": "4135342805"
      }, {
        "extension": [ {
          "url": "http://hl7.org/fhir/us/core/StructureDefinition/us-core-direct",
          "valueBoolean": true
        } ],
        "system": "email",
        "value": "Kala987.Wolf938@example.com",
        "use": "work"
      } ]
    },
    "request": {
      "method": "POST",
      "url": "PractitionerRole"
    }
  }, {
    "fullUrl": "urn:uuid:a074fdd8-22db-3849-8662-0b14a206f61f",
    "resource": {
      "resourceType": "Practitioner",
      "id": "a074fdd8-22db-3849-8662-0b14a206f61f",
      "meta": {
        "profile": [ "http://hl7.org/fhir/us/core/StructureDefinition/us-core-practitioner" ]
      },
      "extension": [ {
        "url": "http://synthetichealth.github.io/synthea/utilization-encounters-extension",
        "valueInteger": 80
      } ],
      "identifier": [ {
        "system": "http://hl7.org/fhir/sid/us-npi",
        "value": "9999989897"
      } ],
      "active": true,
      "name": [ {
        "family": "Jakubowski832",
        "given": [ "Cira533" ],
        "prefix": [ "Dr." ]
      } ],
      "telecom": [ {
        "extension": [ {
          "url": "http://hl7.org/fhir/us/core/StructureDefinition/us-core-direct",
          "valueBoolean": true
        } ],
        "system": "email",
        "value": "Cira533.Jakubowski832@example.com",
        "use": "work"
      } ],
      "address": [ {
        "line": [ "2 REHABILITATION WAY" ],
        "city": "WOBURN",
        "state": "MA",
        "postalCode": "018016003",
        "country": "US"
      } ],
      "gender": "female"
    },
    "request": {
      "method": "POST",
      "url": "Practitioner",
      "ifNoneExist": "identifier=http://hl7.org/fhir/sid/us-npi|9999989897"
    }
  }, {
    "fullUrl": "urn:uuid:720991a2-e37e-c314-800c-e2ab8be70edf",
    "resource": {
      "resourceType": "PractitionerRole",
      "id": "720991a2-e37e-c314-800c-e2ab8be70edf",
      "meta": {
        "profile": [ "http://hl7.org/fhir/us/core/StructureDefinition/us-core-practitionerrole" ]
      },
      "practitioner": {
        "identifier": {
          "system": "http://hl7.org/fhir/sid/us-npi",
          "value": "9999989897"
        },
        "display": "Dr. Cira533 Jakubowski832"
      },
      "organization": {
        "identifier": {
          "system": "https://github.com/synthetichealth/synthea",
          "value": "217cb6f6-e822-3831-9d9d-ffa104971042"
        },
        "display": "ENCOMPASS HEALTH REHABILITATION HOSP OF NEW ENGLAN"
      },
      "code": [ {
        "coding": [ {
          "system": "http://nucc.org/provider-taxonomy",
          "code": "208D00000X",
          "display": "General Practice Physician"
        } ],
        "text": "General Practice Physician"
      } ],
      "specialty": [ {
        "coding": [ {
          "system": "http://nucc.org/provider-taxonomy",
          "code": "208D00000X",
          "display": "General Practice Physician"
        } ],
        "text": "General Practice Physician"
      } ],
      "location": [ {
        "identifier": {
          "system": "https://github.com/synthetichealth/synthea",
          "value": "ea493903-a9cf-337a-972e-d216c2bf21fa"
        },
        "display": "ENCOMPASS HEALTH REHABILITATION HOSP OF NEW ENGLAN"
      } ],
      "telecom": [ {
        "system": "phone",
        "value": "7819355050"
      }, {
        "extension": [ {
          "url": "http://hl7.org/fhir/us/core/StructureDefinition/us-core-direct",
          "valueBoolean": true
        } ],
        "system": "email",
        "value": "Cira533.Jakubowski832@example.com",
        "use": "work"
      } ]
    },
    "request": {
      "method": "POST",
      "url": "PractitionerRole"
    }
  }, {
    "fullUrl": "urn:uuid:57c916b4-9931-37c3-bb81-2b69a8199793",
    "resource": {
      "resourceType": "Practitioner",
      "id": "57c916b4-9931-37c3-bb81-2b69a8199793",
      "meta": {
        "profile": [ "http://hl7.org/fhir/us/core/StructureDefinition/us-core-practitioner" ]
      },
      "extension": [ {
        "url": "http://synthetichealth.github.io/synthea/utilization-encounters-extension",
        "valueInteger": 45
      } ],
      "identifier": [ {
        "system": "http://hl7.org/fhir/sid/us-npi",
        "value": "9999953299"
      } ],
      "active": true,
      "name": [ {
        "family": "Wunsch504",
        "given": [ "Jospeh459" ],
        "prefix": [ "Dr." ]
      } ],
      "telecom": [ {
        "extension": [ {
          "url": "http://hl7.org/fhir/us/core/StructureDefinition/us-core-direct",
          "valueBoolean": true
        } ],
        "system": "email",
        "value": "Jospeh459.Wunsch504@example.com",
        "use": "work"
      } ],
      "address": [ {
        "line": [ "200 CORDWAINER DR" ],
        "city": "NORWELL",
        "state": "MA",
        "postalCode": "020611671",
        "country": "US"
      } ],
      "gender": "male"
    },
    "request": {
      "method": "POST",
      "url": "Practitioner",
      "ifNoneExist": "identifier=http://hl7.org/fhir/sid/us-npi|9999953299"
    }
  }, {
    "fullUrl": "urn:uuid:f9a0d8ad-ce61-a153-c9b8-a6d1c40719df",
    "resource": {
      "resourceType": "PractitionerRole",
      "id": "f9a0d8ad-ce61-a153-c9b8-a6d1c40719df",
      "meta": {
        "profile": [ "http://hl7.org/fhir/us/core/StructureDefinition/us-core-practitionerrole" ]
      },
      "practitioner": {
        "identifier": {
          "system": "http://hl7.org/fhir/sid/us-npi",
          "value": "9999953299"
        },
        "display": "Dr. Jospeh459 Wunsch504"
      },
      "organization": {
        "identifier": {
          "system": "https://github.com/synthetichealth/synthea",
          "value": "91808f17-7583-32a3-aa55-23b131b327c7"
        },
        "display": "SOUTH SHORE CENTER FOR WELLNESS LTD"
      },
      "code": [ {
        "coding": [ {
          "system": "http://nucc.org/provider-taxonomy",
          "code": "208D00000X",
          "display": "General Practice Physician"
        } ],
        "text": "General Practice Physician"
      } ],
      "specialty": [ {
        "coding": [ {
          "system": "http://nucc.org/provider-taxonomy",
          "code": "208D00000X",
          "display": "General Practice Physician"
        } ],
        "text": "General Practice Physician"
      } ],
      "location": [ {
        "identifier": {
          "system": "https://github.com/synthetichealth/synthea",
          "value": "cb10fc5f-9370-332c-8653-a69c8f5e815d"
        },
        "display": "SOUTH SHORE CENTER FOR WELLNESS LTD"
      } ],
      "telecom": [ {
        "system": "phone",
        "value": "7818788340"
      }, {
        "extension": [ {
          "url": "http://hl7.org/fhir/us/core/StructureDefinition/us-core-direct",
          "valueBoolean": true
        } ],
        "system": "email",
        "value": "Jospeh459.Wunsch504@example.com",
        "use": "work"
      } ]
    },
    "request": {
      "method": "POST",
      "url": "PractitionerRole"
    }
  }, {
    "fullUrl": "urn:uuid:35efe44c-13ac-3228-b34e-99965e45a0dd",
    "resource": {
      "resourceType": "Practitioner",
      "id": "35efe44c-13ac-3228-b34e-99965e45a0dd",
      "meta": {
        "profile": [ "http://hl7.org/fhir/us/core/StructureDefinition/us-core-practitioner" ]
      },
      "extension": [ {
        "url": "http://synthetichealth.github.io/synthea/utilization-encounters-extension",
        "valueInteger": 2
      } ],
      "identifier": [ {
        "system": "http://hl7.org/fhir/sid/us-npi",
        "value": "9999987594"
      } ],
      "active": true,
      "name": [ {
        "family": "Funk324",
        "given": [ "Damaris45" ],
        "prefix": [ "Dr." ]
      } ],
      "telecom": [ {
        "extension": [ {
          "url": "http://hl7.org/fhir/us/core/StructureDefinition/us-core-direct",
          "valueBoolean": true
        } ],
        "system": "email",
        "value": "Damaris45.Funk324@example.com",
        "use": "work"
      } ],
      "address": [ {
        "line": [ "680 CENTRE ST" ],
        "city": "BROCKTON",
        "state": "MA",
        "postalCode": "023023308",
        "country": "US"
      } ],
      "gender": "female"
    },
    "request": {
      "method": "POST",
      "url": "Practitioner",
      "ifNoneExist": "identifier=http://hl7.org/fhir/sid/us-npi|9999987594"
    }
  }, {
    "fullUrl": "urn:uuid:399a417d-3cc6-de27-e707-9b218fa78679",
    "resource": {
      "resourceType": "PractitionerRole",
      "id": "399a417d-3cc6-de27-e707-9b218fa78679",
      "meta": {
        "profile": [ "http://hl7.org/fhir/us/core/StructureDefinition/us-core-practitionerrole" ]
      },
      "practitioner": {
        "identifier": {
          "system": "http://hl7.org/fhir/sid/us-npi",
          "value": "9999987594"
        },
        "display": "Dr. Damaris45 Funk324"
      },
      "organization": {
        "identifier": {
          "system": "https://github.com/synthetichealth/synthea",
          "value": "6aae7a31-90df-3455-ad8d-81f8cf2d21e8"
        },
        "display": "BROCKTON HOSPITAL, INC."
      },
      "code": [ {
        "coding": [ {
          "system": "http://nucc.org/provider-taxonomy",
          "code": "208D00000X",
          "display": "General Practice Physician"
        } ],
        "text": "General Practice Physician"
      } ],
      "specialty": [ {
        "coding": [ {
          "system": "http://nucc.org/provider-taxonomy",
          "code": "208D00000X",
          "display": "General Practice Physician"
        } ],
        "text": "General Practice Physician"
      } ],
      "location": [ {
        "identifier": {
          "system": "https://github.com/synthetichealth/synthea",
          "value": "ab1eb2eb-5fe2-39b8-9c17-4f2131691379"
        },
        "display": "BROCKTON HOSPITAL, INC."
      } ],
      "telecom": [ {
        "system": "phone",
        "value": "5089417000"
      }, {
        "extension": [ {
          "url": "http://hl7.org/fhir/us/core/StructureDefinition/us-core-direct",
          "valueBoolean": true
        } ],
        "system": "email",
        "value": "Damaris45.Funk324@example.com",
        "use": "work"
      } ]
    },
    "request": {
      "method": "POST",
      "url": "PractitionerRole"
    }
  } ]
}
