{
  "runID": "1e5c1e73-b48e-469b-8f6f-dde52feac82c",
  "seed": 12345,
  "clinicianSeed": 1729992746906,
  "referenceTime": "20241027",
  "endTime": "20241027",
  "version": "master-branch-latest\n",
  "patientCount": 10,
  "providerCount": 1327,
  "payerCount": 9,
  "javaVersion": "11.0.1",
  "generate.thread_pool_size": -1,
  "generatorThreads": 10,
  "runStartTime": "2024-10-27T01:32:26Z",
  "runTimeInSeconds": 16,
  "exporter.years_of_history": "10",
  "gender": "F",
  "age": "18-75",
  "state": "Massachusetts",
  "modules": "breast_cancer"
}
