Id,START,STOP,PATIENT,ORGANIZATION,PROVIDER,PAYER,ENCOUNTERCLASS,CODE,DESCRIPTION,BASE_ENCOUNTER_COST,TOTAL_CLAIM_COST,PAYER_COVERAGE,REASONCODE,REASONDESCRIPTION
a9c9fcf3-5af4-fe5b-6693-1a483a710da8,2016-10-31T13:37:15Z,2016-10-31T13:52:15Z,28d7b56c-6056-d0a2-2991-39d6e917216c,0d24cc89-3256-330c-b36d-d8de8babef84,88e0433b-fd12-308d-b120-3929556b61b0,26aab0cd-6aba-3e1b-ac5b-05c8867e762c,wellness,162673000,General examination of patient (procedure),136.80,272.80,0.00,,
6834dee4-54d4-9ea7-bf96-85db825415b3,2014-11-05T20:09:54Z,2014-11-05T20:24:54Z,a0b63e97-b6fd-5fe1-8f2d-2bec915efa97,79d49935-bcc0-36ca-920b-45365c367438,48f778ee-d92c-3158-b80d-d7795f87beb7,df166300-5a78-3502-a46a-832842197811,wellness,162673000,General examination of patient (procedure),136.80,272.80,172.80,,
411f69d3-0f0e-40b7-ca18-7faeb7a3e3f8,2017-09-20T10:41:30Z,2017-09-20T10:56:30Z,92675303-ca5b-136a-169b-e764c5753f06,aad05540-c9cb-3805-b3c4-f9b9d9b42b2e,8284b45d-0147-316f-9d15-1beeb1261329,26aab0cd-6aba-3e1b-ac5b-05c8867e762c,wellness,162673000,General examination of patient (procedure),136.80,408.80,0.00,,
589de23a-b06a-8ccd-23f0-ac897bb71ddc,2015-01-13T20:49:47Z,2015-01-13T21:04:47Z,4113255f-4e35-506a-ddef-4429caa17ffc,c0719377-d40a-3e9c-9f7c-af47c93b3f40,9815bf9f-47e0-376b-b36e-77a60983f15f,26aab0cd-6aba-3e1b-ac5b-05c8867e762c,wellness,162673000,General examination of patient (procedure),136.80,272.80,0.00,,
f7aa5578-6863-e250-edac-83e478409729,2016-04-19T14:47:06Z,2016-04-19T15:02:06Z,9df4460a-2f66-2d07-de9e-0afaf84bb157,5117bb89-3a9f-3740-a0f1-c3a1a8d7851e,99b6afe8-aac5-3710-8403-f49a074e88a5,b046940f-1664-3047-bca7-dfa76be352a4,wellness,162673000,General examination of patient (procedure),136.80,272.80,0.00,,
b102bb3b-cc78-be39-1799-e36356f2ece5,2015-05-06T13:35:55Z,2015-05-06T13:50:55Z,239ae86a-96db-6211-9042-d3f2850aabb8,84d5768f-3a21-3da9-aad2-bbf7a3ae2700,55220f0a-05b3-3955-a045-b775f2284549,0133f751-9229-3cfd-815f-b6d4979bdd6a,wellness,410620009,Well child visit (procedure),136.80,272.80,0.00,,
b90f28e7-8706-9870-bd75-a5e944fcfecd,2016-02-19T21:37:32Z,2016-02-19T21:52:32Z,6c434506-fb4b-3e3f-c19d-553dec3b6c17,93c3d861-e05d-33b9-91eb-1768470229d7,196d6d77-d882-3b53-ba9c-160e1e4fab56,e03e23c9-4df1-3eb6-a62d-f70f02301496,wellness,162673000,General examination of patient (procedure),136.80,272.80,0.00,,
8a81e370-69e9-1f32-c84d-2091b3c475ce,2015-07-18T23:57:21Z,2015-07-19T00:12:21Z,abc59f62-dc5a-5095-1141-80b4ee8be73b,a2d45ee8-b930-3169-b612-f602961ad212,675ec020-7c25-3a73-b064-b45c10c3ee6b,26aab0cd-6aba-3e1b-ac5b-05c8867e762c,wellness,410620009,Well child visit (procedure),136.80,272.80,0.00,,
9ceeba7a-a1f1-cfb0-0215-01a9658ab9a2,2015-09-15T02:04:54Z,2015-09-15T02:19:54Z,59844213-b884-17cb-59e9-c07a73a06f41,91808f17-7583-32a3-aa55-23b131b327c7,57c916b4-9931-37c3-bb81-2b69a8199793,d31fccc3-1767-390d-966a-22a5156f4219,wellness,162673000,General examination of patient (procedure),136.80,272.80,0.00,,
100cffba-275a-4fbf-a163-13c580e928b5,2019-02-22T21:37:32Z,2019-02-22T21:52:32Z,6c434506-fb4b-3e3f-c19d-553dec3b6c17,93c3d861-e05d-33b9-91eb-1768470229d7,196d6d77-d882-3b53-ba9c-160e1e4fab56,e03e23c9-4df1-3eb6-a62d-f70f02301496,wellness,162673000,General examination of patient (procedure),136.80,408.80,0.00,,
284bc45c-bca0-285f-73b4-0c2c098586c8,2016-05-11T13:35:55Z,2016-05-11T13:50:55Z,239ae86a-96db-6211-9042-d3f2850aabb8,84d5768f-3a21-3da9-aad2-bbf7a3ae2700,55220f0a-05b3-3955-a045-b775f2284549,734afbd6-4794-363b-9bc0-6a3981533ed5,wellness,162673000,General examination of patient (procedure),136.80,272.80,0.00,,
dc710b49-b3f0-9e1c-4cc4-8cd6f77a1b75,2018-11-05T13:37:15Z,2018-11-05T13:52:15Z,28d7b56c-6056-d0a2-2991-39d6e917216c,0d24cc89-3256-330c-b36d-d8de8babef84,88e0433b-fd12-308d-b120-3929556b61b0,26aab0cd-6aba-3e1b-ac5b-05c8867e762c,wellness,162673000,General examination of patient (procedure),136.80,272.80,0.00,,
84ab9a1e-79dc-e916-48cb-5f896e153bd1,2016-01-19T20:49:47Z,2016-01-19T21:04:47Z,4113255f-4e35-506a-ddef-4429caa17ffc,c0719377-d40a-3e9c-9f7c-af47c93b3f40,9815bf9f-47e0-376b-b36e-77a60983f15f,26aab0cd-6aba-3e1b-ac5b-05c8867e762c,wellness,162673000,General examination of patient (procedure),136.80,272.80,0.00,,
b136c50e-f61c-90fe-4393-71b7b9a814a2,2017-09-19T02:04:54Z,2017-09-19T02:19:54Z,59844213-b884-17cb-59e9-c07a73a06f41,91808f17-7583-32a3-aa55-23b131b327c7,57c916b4-9931-37c3-bb81-2b69a8199793,d31fccc3-1767-390d-966a-22a5156f4219,wellness,162673000,General examination of patient (procedure),136.80,272.80,0.00,,
cd38a096-a753-c2b1-e6eb-8d5c509b3abc,2018-03-27T14:47:06Z,2018-03-27T15:02:06Z,9df4460a-2f66-2d07-de9e-0afaf84bb157,5117bb89-3a9f-3740-a0f1-c3a1a8d7851e,99b6afe8-aac5-3710-8403-f49a074e88a5,b046940f-1664-3047-bca7-dfa76be352a4,wellness,162673000,General examination of patient (procedure),136.80,408.80,0.00,,
7397c0e9-a018-5f19-127f-46c2d3526a7b,2016-07-23T23:57:21Z,2016-07-24T00:12:21Z,abc59f62-dc5a-5095-1141-80b4ee8be73b,a2d45ee8-b930-3169-b612-f602961ad212,675ec020-7c25-3a73-b064-b45c10c3ee6b,26aab0cd-6aba-3e1b-ac5b-05c8867e762c,wellness,410620009,Well child visit (procedure),136.80,272.80,0.00,,
1cb3d4e3-cc53-047d-ef5e-e5326a61886b,2015-11-11T20:09:54Z,2015-11-11T20:24:54Z,a0b63e97-b6fd-5fe1-8f2d-2bec915efa97,79d49935-bcc0-36ca-920b-45365c367438,48f778ee-d92c-3158-b80d-d7795f87beb7,df166300-5a78-3502-a46a-832842197811,wellness,162673000,General examination of patient (procedure),136.80,272.80,172.80,,
a6c0f8b2-346f-f49b-f4fe-1fbefd68ac96,2019-08-27T02:04:54Z,2019-08-27T02:19:54Z,59844213-b884-17cb-59e9-c07a73a06f41,91808f17-7583-32a3-aa55-23b131b327c7,57c916b4-9931-37c3-bb81-2b69a8199793,d31fccc3-1767-390d-966a-22a5156f4219,wellness,162673000,General examination of patient (procedure),136.80,408.80,0.00,,
96dbb1ca-f363-8659-b238-c5f558b7a2b9,2020-09-23T10:41:30Z,2020-09-23T10:56:30Z,92675303-ca5b-136a-169b-e764c5753f06,aad05540-c9cb-3805-b3c4-f9b9d9b42b2e,8284b45d-0147-316f-9d15-1beeb1261329,26aab0cd-6aba-3e1b-ac5b-05c8867e762c,wellness,162673000,General examination of patient (procedure),136.80,272.80,0.00,,
9ee7c126-ee3c-cae8-f883-43b82ecf6287,2022-02-25T21:37:32Z,2022-02-25T21:52:32Z,6c434506-fb4b-3e3f-c19d-553dec3b6c17,93c3d861-e05d-33b9-91eb-1768470229d7,196d6d77-d882-3b53-ba9c-160e1e4fab56,e03e23c9-4df1-3eb6-a62d-f70f02301496,wellness,162673000,General examination of patient (procedure),136.80,272.80,0.00,,
9e808dd3-fab9-9ee3-3c9e-eb1d85b6f9eb,2017-05-17T13:35:55Z,2017-05-17T13:50:55Z,239ae86a-96db-6211-9042-d3f2850aabb8,84d5768f-3a21-3da9-aad2-bbf7a3ae2700,55220f0a-05b3-3955-a045-b775f2284549,734afbd6-4794-363b-9bc0-6a3981533ed5,wellness,162673000,General examination of patient (procedure),136.80,272.80,0.00,,
7345e412-f634-64f7-1c00-62fa117a05b1,2021-09-01T10:41:30Z,2021-09-01T10:56:30Z,92675303-ca5b-136a-169b-e764c5753f06,4f5e8f16-a31b-3071-8556-d7188ede313d,9eafac5f-6b02-3691-8434-025577f5dffa,26aab0cd-6aba-3e1b-ac5b-05c8867e762c,outpatient,33879002,Administration of vaccine to produce active immunity (procedure),142.58,278.58,0.00,,
8cfbd1c6-077b-5c1f-6a09-3c12bcb5f36e,2017-07-29T23:57:21Z,2017-07-30T00:12:21Z,abc59f62-dc5a-5095-1141-80b4ee8be73b,a2d45ee8-b930-3169-b612-f602961ad212,675ec020-7c25-3a73-b064-b45c10c3ee6b,26aab0cd-6aba-3e1b-ac5b-05c8867e762c,wellness,410620009,Well child visit (procedure),136.80,680.80,0.00,,
6f67de23-8417-3a89-3ed2-77c771a67e97,2020-11-09T13:37:15Z,2020-11-09T13:52:15Z,28d7b56c-6056-d0a2-2991-39d6e917216c,0d24cc89-3256-330c-b36d-d8de8babef84,88e0433b-fd12-308d-b120-3929556b61b0,26aab0cd-6aba-3e1b-ac5b-05c8867e762c,wellness,162673000,General examination of patient (procedure),136.80,272.80,0.00,,
9581600e-3b70-706b-19e2-47f189d5fff5,2016-11-16T20:09:54Z,2016-11-16T20:24:54Z,a0b63e97-b6fd-5fe1-8f2d-2bec915efa97,79d49935-bcc0-36ca-920b-45365c367438,48f778ee-d92c-3158-b80d-d7795f87beb7,df166300-5a78-3502-a46a-832842197811,wellness,162673000,General examination of patient (procedure),136.80,272.80,172.80,,
10788476-96e8-6b18-fc4e-6bc2cc4133d7,2021-04-19T13:37:15Z,2021-04-19T13:52:15Z,28d7b56c-6056-d0a2-2991-39d6e917216c,497f39dd-280e-3d58-af5b-c5e3a3a09b10,83eb8a32-dd70-3ddc-80a9-de779c60b7c1,26aab0cd-6aba-3e1b-ac5b-05c8867e762c,outpatient,33879002,Administration of vaccine to produce active immunity (procedure),142.58,278.58,0.00,,
d2731fb6-963e-2611-10df-c140be5b06ad,2017-01-24T20:49:47Z,2017-01-24T21:04:47Z,4113255f-4e35-506a-ddef-4429caa17ffc,c0719377-d40a-3e9c-9f7c-af47c93b3f40,9815bf9f-47e0-376b-b36e-77a60983f15f,26aab0cd-6aba-3e1b-ac5b-05c8867e762c,wellness,162673000,General examination of patient (procedure),136.80,272.80,0.00,,
08ff30a4-1ac5-1693-6f8a-e554d3a80ff9,2020-05-20T13:35:55Z,2020-05-20T13:50:55Z,239ae86a-96db-6211-9042-d3f2850aabb8,84d5768f-3a21-3da9-aad2-bbf7a3ae2700,55220f0a-05b3-3955-a045-b775f2284549,734afbd6-4794-363b-9bc0-6a3981533ed5,wellness,162673000,General examination of patient (procedure),136.80,680.80,0.00,,
399565f4-7f9c-2dc8-c51e-804804ad24a0,2017-11-22T20:09:54Z,2017-11-22T20:24:54Z,a0b63e97-b6fd-5fe1-8f2d-2bec915efa97,79d49935-bcc0-36ca-920b-45365c367438,48f778ee-d92c-3158-b80d-d7795f87beb7,df166300-5a78-3502-a46a-832842197811,wellness,162673000,General examination of patient (procedure),136.80,272.80,172.80,,
e590498a-7494-6a21-3060-3f5ac5814965,2019-04-02T14:47:06Z,2019-04-02T15:02:06Z,9df4460a-2f66-2d07-de9e-0afaf84bb157,5117bb89-3a9f-3740-a0f1-c3a1a8d7851e,99b6afe8-aac5-3710-8403-f49a074e88a5,b046940f-1664-3047-bca7-dfa76be352a4,wellness,162673000,General examination of patient (procedure),136.80,544.80,0.00,,
6757be73-b24b-6c11-4b73-c38f56d4b94b,2021-09-22T10:41:30Z,2021-09-22T10:56:30Z,92675303-ca5b-136a-169b-e764c5753f06,4f5e8f16-a31b-3071-8556-d7188ede313d,9eafac5f-6b02-3691-8434-025577f5dffa,26aab0cd-6aba-3e1b-ac5b-05c8867e762c,outpatient,33879002,Administration of vaccine to produce active immunity (procedure),142.58,278.58,0.00,,
08c59144-cb6c-e9da-46d5-d4063559bd70,2023-09-27T10:41:30Z,2023-09-27T10:56:30Z,92675303-ca5b-136a-169b-e764c5753f06,aad05540-c9cb-3805-b3c4-f9b9d9b42b2e,8284b45d-0147-316f-9d15-1beeb1261329,26aab0cd-6aba-3e1b-ac5b-05c8867e762c,wellness,162673000,General examination of patient (procedure),136.80,272.80,0.00,,
e40edb46-88c2-ffe7-285c-bb64fa85ad90,2020-09-01T02:04:54Z,2020-09-01T02:19:54Z,59844213-b884-17cb-59e9-c07a73a06f41,91808f17-7583-32a3-aa55-23b131b327c7,57c916b4-9931-37c3-bb81-2b69a8199793,d31fccc3-1767-390d-966a-22a5156f4219,wellness,162673000,General examination of patient (procedure),136.80,544.80,0.00,,
42672670-70b4-ca88-f4ca-fdb74a362390,2018-11-28T20:09:54Z,2018-11-28T20:24:54Z,a0b63e97-b6fd-5fe1-8f2d-2bec915efa97,79d49935-bcc0-36ca-920b-45365c367438,48f778ee-d92c-3158-b80d-d7795f87beb7,df166300-5a78-3502-a46a-832842197811,wellness,162673000,General examination of patient (procedure),136.80,272.80,172.80,,
f8bceeb4-e9d1-79df-2622-e5159ab840e8,2013-12-30T03:15:51Z,2013-12-31T23:19:26Z,6872def5-772f-427c-3053-de6e1c71ce0a,217cb6f6-e822-3831-9d9d-ffa104971042,a074fdd8-22db-3849-8662-0b14a206f61f,734afbd6-4794-363b-9bc0-6a3981533ed5,ambulatory,86013001,Periodic reevaluation and management of healthy individual (procedure),142.58,4305.05,2277.64,268547008,Screening for malignant neoplasm of breast (procedure)
040f54b2-ddf8-6f01-1f1d-b5c445ed97d6,2018-01-30T20:49:47Z,2018-01-30T21:04:47Z,4113255f-4e35-506a-ddef-4429caa17ffc,c0719377-d40a-3e9c-9f7c-af47c93b3f40,9815bf9f-47e0-376b-b36e-77a60983f15f,26aab0cd-6aba-3e1b-ac5b-05c8867e762c,wellness,162673000,General examination of patient (procedure),136.80,272.80,0.00,,
91c3899a-9795-8c6b-6f55-88bff2ce2317,2019-12-04T20:09:54Z,2019-12-04T20:24:54Z,a0b63e97-b6fd-5fe1-8f2d-2bec915efa97,79d49935-bcc0-36ca-920b-45365c367438,48f778ee-d92c-3158-b80d-d7795f87beb7,df166300-5a78-3502-a46a-832842197811,wellness,162673000,General examination of patient (procedure),136.80,272.80,172.80,,
0d9895a2-8110-3e1f-cf21-e66a7d8cf078,2018-08-04T23:57:21Z,2018-08-05T00:12:21Z,abc59f62-dc5a-5095-1141-80b4ee8be73b,a2d45ee8-b930-3169-b612-f602961ad212,675ec020-7c25-3a73-b064-b45c10c3ee6b,26aab0cd-6aba-3e1b-ac5b-05c8867e762c,wellness,410620009,Well child visit (procedure),136.80,408.80,0.00,,
e916130a-a6e8-9e38-773d-5dc2cf1c6e6b,2019-02-05T20:49:47Z,2019-02-05T21:04:47Z,4113255f-4e35-506a-ddef-4429caa17ffc,c0719377-d40a-3e9c-9f7c-af47c93b3f40,9815bf9f-47e0-376b-b36e-77a60983f15f,26aab0cd-6aba-3e1b-ac5b-05c8867e762c,wellness,162673000,General examination of patient (procedure),136.80,272.80,0.00,,
2cb4fa30-315f-06c6-54dc-ed4e8f40d275,2021-05-10T13:37:15Z,2021-05-10T13:52:15Z,28d7b56c-6056-d0a2-2991-39d6e917216c,497f39dd-280e-3d58-af5b-c5e3a3a09b10,83eb8a32-dd70-3ddc-80a9-de779c60b7c1,26aab0cd-6aba-3e1b-ac5b-05c8867e762c,outpatient,33879002,Administration of vaccine to produce active immunity (procedure),142.58,278.58,0.00,,
77db3cc0-da2a-57c6-9dee-01b95c60f667,2020-04-07T14:47:06Z,2020-04-07T15:02:06Z,9df4460a-2f66-2d07-de9e-0afaf84bb157,5117bb89-3a9f-3740-a0f1-c3a1a8d7851e,99b6afe8-aac5-3710-8403-f49a074e88a5,b046940f-1664-3047-bca7-dfa76be352a4,wellness,162673000,General examination of patient (procedure),136.80,272.80,0.00,,
a3a16f67-7f03-6d6d-829e-79a7ef83d512,2015-01-14T03:15:51Z,2015-01-14T03:30:51Z,6872def5-772f-427c-3053-de6e1c71ce0a,9fdce5d5-d4d0-3156-a8d5-8757bfe4e9b3,dc81d245-d09e-33ae-97ee-68d174f8e727,a735bf55-83e9-331a-899d-a82a60b9f60c,wellness,162673000,General examination of patient (procedure),136.80,272.80,31.84,,
964416d4-6c26-4923-4836-53547fec5211,2022-10-17T13:37:15Z,2022-10-17T13:52:15Z,28d7b56c-6056-d0a2-2991-39d6e917216c,0d24cc89-3256-330c-b36d-d8de8babef84,88e0433b-fd12-308d-b120-3929556b61b0,26aab0cd-6aba-3e1b-ac5b-05c8867e762c,wellness,162673000,General examination of patient (procedure),136.80,408.80,0.00,,
db6796bf-3e56-c83d-b19e-90311a6066c3,2020-12-09T20:09:54Z,2020-12-09T20:24:54Z,a0b63e97-b6fd-5fe1-8f2d-2bec915efa97,79d49935-bcc0-36ca-920b-45365c367438,48f778ee-d92c-3158-b80d-d7795f87beb7,df166300-5a78-3502-a46a-832842197811,wellness,162673000,General examination of patient (procedure),136.80,272.80,172.80,,
00768fef-a041-761a-ab16-10f7808cf53e,2023-05-24T13:35:55Z,2023-05-24T13:50:55Z,239ae86a-96db-6211-9042-d3f2850aabb8,84d5768f-3a21-3da9-aad2-bbf7a3ae2700,55220f0a-05b3-3955-a045-b775f2284549,0133f751-9229-3cfd-815f-b6d4979bdd6a,wellness,162673000,General examination of patient (procedure),136.80,272.80,0.00,,
4e775fc5-39a6-f1d2-6563-0d48c5b35dbc,2020-02-11T20:49:47Z,2020-02-11T21:04:47Z,4113255f-4e35-506a-ddef-4429caa17ffc,c0719377-d40a-3e9c-9f7c-af47c93b3f40,9815bf9f-47e0-376b-b36e-77a60983f15f,26aab0cd-6aba-3e1b-ac5b-05c8867e762c,wellness,162673000,General examination of patient (procedure),136.80,272.80,0.00,,
e2f5bd2d-86f3-2319-28a6-de375427d82a,2021-04-13T14:47:06Z,2021-04-13T15:02:06Z,9df4460a-2f66-2d07-de9e-0afaf84bb157,5117bb89-3a9f-3740-a0f1-c3a1a8d7851e,99b6afe8-aac5-3710-8403-f49a074e88a5,b046940f-1664-3047-bca7-dfa76be352a4,wellness,162673000,General examination of patient (procedure),136.80,272.80,0.00,,
0b3056b0-2688-c3b0-2bbb-ada74caa95cc,2019-08-10T23:57:21Z,2019-08-11T00:12:21Z,abc59f62-dc5a-5095-1141-80b4ee8be73b,a2d45ee8-b930-3169-b612-f602961ad212,675ec020-7c25-3a73-b064-b45c10c3ee6b,26aab0cd-6aba-3e1b-ac5b-05c8867e762c,wellness,410620009,Well child visit (procedure),136.80,408.80,0.00,,
31226c49-c4d2-7d1b-2654-f174834659ff,2022-04-19T14:47:06Z,2022-04-19T15:02:06Z,9df4460a-2f66-2d07-de9e-0afaf84bb157,5117bb89-3a9f-3740-a0f1-c3a1a8d7851e,99b6afe8-aac5-3710-8403-f49a074e88a5,b046940f-1664-3047-bca7-dfa76be352a4,wellness,162673000,General examination of patient (procedure),136.80,272.80,0.00,,
a0f99d6d-4717-6395-04aa-81a4360b5e50,2020-08-15T23:57:21Z,2020-08-16T00:12:21Z,abc59f62-dc5a-5095-1141-80b4ee8be73b,a2d45ee8-b930-3169-b612-f602961ad212,675ec020-7c25-3a73-b064-b45c10c3ee6b,26aab0cd-6aba-3e1b-ac5b-05c8867e762c,wellness,410620009,Well child visit (procedure),136.80,272.80,0.00,,
f28bce1f-b627-410d-59a1-bfd629b15249,2021-08-07T23:57:21Z,2021-08-08T00:12:21Z,abc59f62-dc5a-5095-1141-80b4ee8be73b,1cec4304-9757-3a10-ad4f-7e2090c56131,40158140-bc53-31d8-bd9b-ce90e731c8fb,26aab0cd-6aba-3e1b-ac5b-05c8867e762c,outpatient,33879002,Administration of vaccine to produce active immunity (procedure),142.58,278.58,0.00,,
b0a70805-8312-60c0-e0eb-177e8ca1350f,2023-04-25T14:47:06Z,2023-04-25T15:02:06Z,9df4460a-2f66-2d07-de9e-0afaf84bb157,5117bb89-3a9f-3740-a0f1-c3a1a8d7851e,99b6afe8-aac5-3710-8403-f49a074e88a5,b046940f-1664-3047-bca7-dfa76be352a4,wellness,162673000,General examination of patient (procedure),136.80,272.80,0.00,,
b2d320b8-8cbf-0b20-431f-581ad0139426,2015-02-02T04:24:52Z,2015-02-02T05:01:23Z,6872def5-772f-427c-3053-de6e1c71ce0a,217cb6f6-e822-3831-9d9d-ffa104971042,a074fdd8-22db-3849-8662-0b14a206f61f,a735bf55-83e9-331a-899d-a82a60b9f60c,ambulatory,439740005,Postoperative follow-up visit (procedure),142.58,573.98,459.18,254837009,Malignant neoplasm of breast (disorder)
bfbe1b78-1699-5a63-facd-f1ef00cc3e5f,2021-02-09T02:04:54Z,2021-02-09T02:19:54Z,59844213-b884-17cb-59e9-c07a73a06f41,6aae7a31-90df-3455-ad8d-81f8cf2d21e8,35efe44c-13ac-3228-b34e-99965e45a0dd,d31fccc3-1767-390d-966a-22a5156f4219,outpatient,33879002,Administration of vaccine to produce active immunity (procedure),142.58,278.58,0.00,,
ca7ba8dd-d2cc-eee3-4fae-1cbde857caf2,2024-04-30T14:47:06Z,2024-04-30T15:02:06Z,9df4460a-2f66-2d07-de9e-0afaf84bb157,5117bb89-3a9f-3740-a0f1-c3a1a8d7851e,99b6afe8-aac5-3710-8403-f49a074e88a5,b046940f-1664-3047-bca7-dfa76be352a4,wellness,162673000,General examination of patient (procedure),136.80,272.80,0.00,,
f8d98acf-003f-18e6-9559-a9d2f8c04f11,2021-05-12T20:09:54Z,2021-05-12T20:24:54Z,a0b63e97-b6fd-5fe1-8f2d-2bec915efa97,0fedae9f-701f-3317-9b2f-69aea2202cdc,cd6a4fcf-e08f-3173-95a5-8f6b4309f101,df166300-5a78-3502-a46a-832842197811,outpatient,33879002,Administration of vaccine to produce active immunity (procedure),142.58,278.58,228.58,,
42e3ac74-d3ae-5d7a-b57c-f9558fb38f1f,2023-10-23T13:37:15Z,2023-10-23T13:52:15Z,28d7b56c-6056-d0a2-2991-39d6e917216c,0d24cc89-3256-330c-b36d-d8de8babef84,88e0433b-fd12-308d-b120-3929556b61b0,26aab0cd-6aba-3e1b-ac5b-05c8867e762c,wellness,162673000,General examination of patient (procedure),136.80,544.80,0.00,,
638beea0-f2c8-7461-f5bb-4e1b60b333fc,2021-03-02T02:04:54Z,2021-03-02T02:19:54Z,59844213-b884-17cb-59e9-c07a73a06f41,6aae7a31-90df-3455-ad8d-81f8cf2d21e8,35efe44c-13ac-3228-b34e-99965e45a0dd,d31fccc3-1767-390d-966a-22a5156f4219,outpatient,33879002,Administration of vaccine to produce active immunity (procedure),142.58,278.58,0.00,,
11e9cdc6-4c8d-b75c-441c-0f221ffcfd41,2021-08-21T23:57:21Z,2021-08-22T00:12:21Z,abc59f62-dc5a-5095-1141-80b4ee8be73b,a2d45ee8-b930-3169-b612-f602961ad212,675ec020-7c25-3a73-b064-b45c10c3ee6b,26aab0cd-6aba-3e1b-ac5b-05c8867e762c,wellness,410620009,Well child visit (procedure),136.80,272.80,0.00,,
f6bab392-0801-6f3b-a9d3-542ebc758335,2021-09-07T02:04:54Z,2021-09-07T02:19:54Z,59844213-b884-17cb-59e9-c07a73a06f41,91808f17-7583-32a3-aa55-23b131b327c7,57c916b4-9931-37c3-bb81-2b69a8199793,d31fccc3-1767-390d-966a-22a5156f4219,wellness,162673000,General examination of patient (procedure),136.80,272.80,0.00,,
eeea861a-42a0-fa23-fea1-0200609d943d,2021-08-28T23:57:21Z,2021-08-29T00:12:21Z,abc59f62-dc5a-5095-1141-80b4ee8be73b,1cec4304-9757-3a10-ad4f-7e2090c56131,40158140-bc53-31d8-bd9b-ce90e731c8fb,26aab0cd-6aba-3e1b-ac5b-05c8867e762c,outpatient,33879002,Administration of vaccine to produce active immunity (procedure),142.58,278.58,0.00,,
4d5fc74b-115c-c956-8638-423b26987ec3,2021-02-16T20:49:47Z,2021-02-16T21:04:47Z,4113255f-4e35-506a-ddef-4429caa17ffc,c0719377-d40a-3e9c-9f7c-af47c93b3f40,9815bf9f-47e0-376b-b36e-77a60983f15f,26aab0cd-6aba-3e1b-ac5b-05c8867e762c,wellness,162673000,General examination of patient (procedure),136.80,272.80,0.00,,
5a0b7458-6456-bf8e-5712-73041d642272,2022-09-13T02:04:54Z,2022-09-13T02:19:54Z,59844213-b884-17cb-59e9-c07a73a06f41,91808f17-7583-32a3-aa55-23b131b327c7,57c916b4-9931-37c3-bb81-2b69a8199793,d31fccc3-1767-390d-966a-22a5156f4219,wellness,162673000,General examination of patient (procedure),136.80,272.80,0.00,,
df0f1cc4-dff2-651d-19b9-a090629bc5bf,2015-02-02T05:01:23Z,2015-02-02T05:19:59Z,6872def5-772f-427c-3053-de6e1c71ce0a,217cb6f6-e822-3831-9d9d-ffa104971042,a074fdd8-22db-3849-8662-0b14a206f61f,a735bf55-83e9-331a-899d-a82a60b9f60c,ambulatory,410410006,Screening surveillance (regime/therapy),142.58,232.51,186.00,254837009,Malignant neoplasm of breast (disorder)
93d4dbbc-61bb-749f-6c71-b8f080f36bcb,2022-08-27T23:57:21Z,2022-08-28T00:12:21Z,abc59f62-dc5a-5095-1141-80b4ee8be73b,a2d45ee8-b930-3169-b612-f602961ad212,675ec020-7c25-3a73-b064-b45c10c3ee6b,26aab0cd-6aba-3e1b-ac5b-05c8867e762c,wellness,410620009,Well child visit (procedure),136.80,408.80,0.00,,
8d1fb978-837b-c01d-e5f7-0e10e1c388ca,2023-09-19T02:04:54Z,2023-09-19T02:19:54Z,59844213-b884-17cb-59e9-c07a73a06f41,91808f17-7583-32a3-aa55-23b131b327c7,57c916b4-9931-37c3-bb81-2b69a8199793,d31fccc3-1767-390d-966a-22a5156f4219,wellness,162673000,General examination of patient (procedure),136.80,272.80,0.00,,
ee009a9f-80b8-e861-173f-4a40718ae565,2021-03-30T20:49:47Z,2021-03-30T21:04:47Z,4113255f-4e35-506a-ddef-4429caa17ffc,0d1570ab-371c-3898-9397-95905d8c5166,637a1065-6dd2-3881-8ba4-91f2867bbef5,26aab0cd-6aba-3e1b-ac5b-05c8867e762c,outpatient,33879002,Administration of vaccine to produce active immunity (procedure),142.58,278.58,0.00,,
662ecc52-ab46-bc33-e4b1-27df94cff60b,2015-02-02T05:19:59Z,2015-02-02T05:42:06Z,6872def5-772f-427c-3053-de6e1c71ce0a,217cb6f6-e822-3831-9d9d-ffa104971042,a074fdd8-22db-3849-8662-0b14a206f61f,a735bf55-83e9-331a-899d-a82a60b9f60c,ambulatory,185389009,Follow-up visit (procedure),85.55,16468.32,13174.66,254837009,Malignant neoplasm of breast (disorder)
d792d92f-f50d-649e-7cdc-7b2f69256def,2024-09-24T02:04:54Z,2024-09-24T02:19:54Z,59844213-b884-17cb-59e9-c07a73a06f41,91808f17-7583-32a3-aa55-23b131b327c7,57c916b4-9931-37c3-bb81-2b69a8199793,d31fccc3-1767-390d-966a-22a5156f4219,wellness,162673000,General examination of patient (procedure),136.80,272.80,0.00,,
47d29d55-6386-5bea-dc16-3ca99ab306e8,2022-02-22T20:49:47Z,2022-02-22T21:04:47Z,4113255f-4e35-506a-ddef-4429caa17ffc,c0719377-d40a-3e9c-9f7c-af47c93b3f40,9815bf9f-47e0-376b-b36e-77a60983f15f,26aab0cd-6aba-3e1b-ac5b-05c8867e762c,wellness,162673000,General examination of patient (procedure),136.80,408.80,0.00,,
95a962e0-343d-5212-76dd-90f0b29c7f48,2023-09-02T23:57:21Z,2023-09-03T00:12:21Z,abc59f62-dc5a-5095-1141-80b4ee8be73b,a2d45ee8-b930-3169-b612-f602961ad212,675ec020-7c25-3a73-b064-b45c10c3ee6b,26aab0cd-6aba-3e1b-ac5b-05c8867e762c,wellness,410620009,Well child visit (procedure),136.80,272.80,0.00,,
9ea8d952-7131-497a-e21b-f55b15eda5c4,2015-05-19T05:42:06Z,2015-05-19T06:25:29Z,6872def5-772f-427c-3053-de6e1c71ce0a,217cb6f6-e822-3831-9d9d-ffa104971042,a074fdd8-22db-3849-8662-0b14a206f61f,a735bf55-83e9-331a-899d-a82a60b9f60c,ambulatory,439740005,Postoperative follow-up visit (procedure),142.58,573.98,459.18,254837009,Malignant neoplasm of breast (disorder)
8b982e09-74e9-9d2d-a9ee-bffb8c4e80eb,2024-09-07T23:57:21Z,2024-09-08T00:12:21Z,abc59f62-dc5a-5095-1141-80b4ee8be73b,a2d45ee8-b930-3169-b612-f602961ad212,675ec020-7c25-3a73-b064-b45c10c3ee6b,26aab0cd-6aba-3e1b-ac5b-05c8867e762c,wellness,162673000,General examination of patient (procedure),136.80,272.80,0.00,,
e051a7f2-9a3b-90a3-19c0-51ad12f63067,2023-02-28T20:49:47Z,2023-02-28T21:04:47Z,4113255f-4e35-506a-ddef-4429caa17ffc,c0719377-d40a-3e9c-9f7c-af47c93b3f40,9815bf9f-47e0-376b-b36e-77a60983f15f,26aab0cd-6aba-3e1b-ac5b-05c8867e762c,wellness,162673000,General examination of patient (procedure),136.80,272.80,0.00,,
218541fd-dd01-617b-68e9-188841add8c2,2015-09-18T06:25:29Z,2015-09-18T07:03:15Z,6872def5-772f-427c-3053-de6e1c71ce0a,217cb6f6-e822-3831-9d9d-ffa104971042,a074fdd8-22db-3849-8662-0b14a206f61f,a735bf55-83e9-331a-899d-a82a60b9f60c,ambulatory,439740005,Postoperative follow-up visit (procedure),142.58,573.98,459.18,254837009,Malignant neoplasm of breast (disorder)
41936c45-0328-8dc9-6eea-41aff89fc799,2024-03-05T20:49:47Z,2024-03-05T21:04:47Z,4113255f-4e35-506a-ddef-4429caa17ffc,c0719377-d40a-3e9c-9f7c-af47c93b3f40,9815bf9f-47e0-376b-b36e-77a60983f15f,26aab0cd-6aba-3e1b-ac5b-05c8867e762c,wellness,162673000,General examination of patient (procedure),136.80,272.80,0.00,,
c94f02da-0332-e7d8-d602-3a49c263aa27,2016-01-07T07:03:15Z,2016-01-07T07:42:38Z,6872def5-772f-427c-3053-de6e1c71ce0a,217cb6f6-e822-3831-9d9d-ffa104971042,a074fdd8-22db-3849-8662-0b14a206f61f,a735bf55-83e9-331a-899d-a82a60b9f60c,ambulatory,439740005,Postoperative follow-up visit (procedure),142.58,573.98,272.78,254837009,Malignant neoplasm of breast (disorder)
b3393dde-1a4c-dcb8-a40a-be136bc6299c,2016-01-07T07:42:38Z,2016-01-07T08:05:31Z,6872def5-772f-427c-3053-de6e1c71ce0a,217cb6f6-e822-3831-9d9d-ffa104971042,a074fdd8-22db-3849-8662-0b14a206f61f,a735bf55-83e9-331a-899d-a82a60b9f60c,ambulatory,410410006,Screening surveillance (regime/therapy),142.58,282.99,226.39,254837009,Malignant neoplasm of breast (disorder)
f701cb8d-657b-4612-7556-67edb537e513,2021-06-02T20:09:54Z,2021-06-02T20:24:54Z,a0b63e97-b6fd-5fe1-8f2d-2bec915efa97,0fedae9f-701f-3317-9b2f-69aea2202cdc,cd6a4fcf-e08f-3173-95a5-8f6b4309f101,df166300-5a78-3502-a46a-832842197811,outpatient,33879002,Administration of vaccine to produce active immunity (procedure),142.58,278.58,228.58,,
0050e168-832b-e9fc-5709-ffa8b05ace92,2021-12-15T20:09:54Z,2021-12-15T20:24:54Z,a0b63e97-b6fd-5fe1-8f2d-2bec915efa97,79d49935-bcc0-36ca-920b-45365c367438,48f778ee-d92c-3158-b80d-d7795f87beb7,df166300-5a78-3502-a46a-832842197811,wellness,162673000,General examination of patient (procedure),136.80,272.80,172.80,,
04e0fd9b-b6d4-4ca9-2578-f53f865d8cc9,2016-01-07T08:05:31Z,2016-01-07T08:20:31Z,6872def5-772f-427c-3053-de6e1c71ce0a,217cb6f6-e822-3831-9d9d-ffa104971042,a074fdd8-22db-3849-8662-0b14a206f61f,a735bf55-83e9-331a-899d-a82a60b9f60c,ambulatory,185389009,Follow-up visit (procedure),85.55,4181.24,3344.99,254837009,Malignant neoplasm of breast (disorder)
d8bbc2d0-5a24-e695-cb26-9c17cf6af3bc,2022-12-21T20:09:54Z,2022-12-21T20:24:54Z,a0b63e97-b6fd-5fe1-8f2d-2bec915efa97,79d49935-bcc0-36ca-920b-45365c367438,48f778ee-d92c-3158-b80d-d7795f87beb7,df166300-5a78-3502-a46a-832842197811,wellness,162673000,General examination of patient (procedure),136.80,408.80,308.80,,
a9db7c4c-6a40-bc7b-63dd-ad4fa1a8cdba,2016-01-20T03:15:51Z,2016-01-20T03:30:51Z,6872def5-772f-427c-3053-de6e1c71ce0a,9fdce5d5-d4d0-3156-a8d5-8757bfe4e9b3,dc81d245-d09e-33ae-97ee-68d174f8e727,a735bf55-83e9-331a-899d-a82a60b9f60c,wellness,162673000,General examination of patient (procedure),136.80,272.80,218.24,,
48316670-1a18-d7b9-3872-42d99dba89ff,2023-12-27T20:09:54Z,2023-12-27T20:24:54Z,a0b63e97-b6fd-5fe1-8f2d-2bec915efa97,79d49935-bcc0-36ca-920b-45365c367438,48f778ee-d92c-3158-b80d-d7795f87beb7,df166300-5a78-3502-a46a-832842197811,wellness,162673000,General examination of patient (procedure),136.80,272.80,172.80,,
628bb7f7-5390-c4fc-4c9d-08648c4ff6a4,2016-05-04T08:20:27Z,2016-05-04T09:00:51Z,6872def5-772f-427c-3053-de6e1c71ce0a,217cb6f6-e822-3831-9d9d-ffa104971042,a074fdd8-22db-3849-8662-0b14a206f61f,a735bf55-83e9-331a-899d-a82a60b9f60c,ambulatory,439740005,Postoperative follow-up visit (procedure),142.58,573.98,459.18,254837009,Malignant neoplasm of breast (disorder)
d433013a-d9df-7eec-9704-ec77da3e7471,2016-09-06T09:00:51Z,2016-09-06T09:40:03Z,6872def5-772f-427c-3053-de6e1c71ce0a,217cb6f6-e822-3831-9d9d-ffa104971042,a074fdd8-22db-3849-8662-0b14a206f61f,a735bf55-83e9-331a-899d-a82a60b9f60c,ambulatory,439740005,Postoperative follow-up visit (procedure),142.58,573.98,459.18,254837009,Malignant neoplasm of breast (disorder)
bb4acee3-3c49-d05b-63ba-7a94340498a1,2016-12-30T09:40:03Z,2016-12-30T10:18:25Z,6872def5-772f-427c-3053-de6e1c71ce0a,217cb6f6-e822-3831-9d9d-ffa104971042,a074fdd8-22db-3849-8662-0b14a206f61f,a735bf55-83e9-331a-899d-a82a60b9f60c,ambulatory,439740005,Postoperative follow-up visit (procedure),142.58,573.98,272.78,254837009,Malignant neoplasm of breast (disorder)
b43c5ba4-14c1-8f9e-ab1a-70d279d84765,2016-12-30T10:18:25Z,2016-12-30T10:42:13Z,6872def5-772f-427c-3053-de6e1c71ce0a,217cb6f6-e822-3831-9d9d-ffa104971042,a074fdd8-22db-3849-8662-0b14a206f61f,a735bf55-83e9-331a-899d-a82a60b9f60c,ambulatory,410410006,Screening surveillance (regime/therapy),142.58,211.60,169.28,254837009,Malignant neoplasm of breast (disorder)
0750b580-9333-e6f4-c234-aecc0e3bd7e2,2016-12-30T10:42:13Z,2016-12-30T11:10:54Z,6872def5-772f-427c-3053-de6e1c71ce0a,217cb6f6-e822-3831-9d9d-ffa104971042,a074fdd8-22db-3849-8662-0b14a206f61f,a735bf55-83e9-331a-899d-a82a60b9f60c,ambulatory,185389009,Follow-up visit (procedure),85.55,4181.24,3344.99,254837009,Malignant neoplasm of breast (disorder)
2435731b-3036-12b5-7441-070bddacdbc7,2017-01-25T03:15:51Z,2017-01-25T03:30:51Z,6872def5-772f-427c-3053-de6e1c71ce0a,9fdce5d5-d4d0-3156-a8d5-8757bfe4e9b3,dc81d245-d09e-33ae-97ee-68d174f8e727,a735bf55-83e9-331a-899d-a82a60b9f60c,wellness,162673000,General examination of patient (procedure),136.80,408.80,327.04,,
7782530c-c54b-81d0-a692-5202aed37d37,2017-04-08T11:10:54Z,2017-04-08T11:51:06Z,6872def5-772f-427c-3053-de6e1c71ce0a,217cb6f6-e822-3831-9d9d-ffa104971042,a074fdd8-22db-3849-8662-0b14a206f61f,a735bf55-83e9-331a-899d-a82a60b9f60c,ambulatory,439740005,Postoperative follow-up visit (procedure),142.58,573.98,459.18,254837009,Malignant neoplasm of breast (disorder)
277250bf-312c-aa92-2915-e784647adf54,2017-07-15T11:51:06Z,2017-07-15T12:34:14Z,6872def5-772f-427c-3053-de6e1c71ce0a,217cb6f6-e822-3831-9d9d-ffa104971042,a074fdd8-22db-3849-8662-0b14a206f61f,a735bf55-83e9-331a-899d-a82a60b9f60c,ambulatory,439740005,Postoperative follow-up visit (procedure),142.58,573.98,459.18,254837009,Malignant neoplasm of breast (disorder)
dfe47cf4-a4cc-11df-eec4-235ad15535e2,2017-10-30T12:34:14Z,2017-10-30T13:17:02Z,6872def5-772f-427c-3053-de6e1c71ce0a,217cb6f6-e822-3831-9d9d-ffa104971042,a074fdd8-22db-3849-8662-0b14a206f61f,a735bf55-83e9-331a-899d-a82a60b9f60c,ambulatory,439740005,Postoperative follow-up visit (procedure),142.58,573.98,459.18,254837009,Malignant neoplasm of breast (disorder)
dab30453-4f2e-6975-8e5c-e917797c8d8f,2017-10-30T13:17:02Z,2017-10-30T13:39:05Z,6872def5-772f-427c-3053-de6e1c71ce0a,217cb6f6-e822-3831-9d9d-ffa104971042,a074fdd8-22db-3849-8662-0b14a206f61f,a735bf55-83e9-331a-899d-a82a60b9f60c,ambulatory,410410006,Screening surveillance (regime/therapy),142.58,211.60,169.28,254837009,Malignant neoplasm of breast (disorder)
433bba02-689d-1ea3-2f67-01f549136fc0,2017-10-30T13:39:05Z,2017-10-30T14:01:21Z,6872def5-772f-427c-3053-de6e1c71ce0a,217cb6f6-e822-3831-9d9d-ffa104971042,a074fdd8-22db-3849-8662-0b14a206f61f,a735bf55-83e9-331a-899d-a82a60b9f60c,ambulatory,185389009,Follow-up visit (procedure),85.55,6582.44,5265.95,254837009,Malignant neoplasm of breast (disorder)
afbbd7c1-958c-6a40-405d-43c52bc49fc7,2018-01-31T03:15:51Z,2018-01-31T03:30:51Z,6872def5-772f-427c-3053-de6e1c71ce0a,9fdce5d5-d4d0-3156-a8d5-8757bfe4e9b3,dc81d245-d09e-33ae-97ee-68d174f8e727,a735bf55-83e9-331a-899d-a82a60b9f60c,wellness,162673000,General examination of patient (procedure),136.80,272.80,31.84,,
6cc43c11-d042-b683-4675-754e86c00d58,2018-02-25T14:01:21Z,2018-02-25T14:43:56Z,6872def5-772f-427c-3053-de6e1c71ce0a,217cb6f6-e822-3831-9d9d-ffa104971042,a074fdd8-22db-3849-8662-0b14a206f61f,a735bf55-83e9-331a-899d-a82a60b9f60c,ambulatory,439740005,Postoperative follow-up visit (procedure),142.58,573.98,459.18,254837009,Malignant neoplasm of breast (disorder)
b256b759-f911-1098-ab69-e03d1234a08f,2018-06-30T14:43:56Z,2018-06-30T15:20:09Z,6872def5-772f-427c-3053-de6e1c71ce0a,217cb6f6-e822-3831-9d9d-ffa104971042,a074fdd8-22db-3849-8662-0b14a206f61f,a735bf55-83e9-331a-899d-a82a60b9f60c,ambulatory,439740005,Postoperative follow-up visit (procedure),142.58,573.98,459.18,254837009,Malignant neoplasm of breast (disorder)
deb78a48-66ff-8f23-ad4b-04ffad4ca92d,2018-10-31T15:20:09Z,2018-10-31T15:50:16Z,6872def5-772f-427c-3053-de6e1c71ce0a,217cb6f6-e822-3831-9d9d-ffa104971042,a074fdd8-22db-3849-8662-0b14a206f61f,a735bf55-83e9-331a-899d-a82a60b9f60c,ambulatory,439740005,Postoperative follow-up visit (procedure),142.58,573.98,459.18,254837009,Malignant neoplasm of breast (disorder)
94b53629-7f20-e466-ef98-fad7a24a662c,2018-10-31T15:50:16Z,2018-10-31T16:10:51Z,6872def5-772f-427c-3053-de6e1c71ce0a,217cb6f6-e822-3831-9d9d-ffa104971042,a074fdd8-22db-3849-8662-0b14a206f61f,a735bf55-83e9-331a-899d-a82a60b9f60c,ambulatory,410410006,Screening surveillance (regime/therapy),142.58,211.60,169.28,254837009,Malignant neoplasm of breast (disorder)
60d4aa74-7ca8-e0f0-f892-ec4a7bdb8211,2018-10-31T16:10:51Z,2018-10-31T16:35:06Z,6872def5-772f-427c-3053-de6e1c71ce0a,217cb6f6-e822-3831-9d9d-ffa104971042,a074fdd8-22db-3849-8662-0b14a206f61f,a735bf55-83e9-331a-899d-a82a60b9f60c,ambulatory,185389009,Follow-up visit (procedure),85.55,4522.83,3618.26,254837009,Malignant neoplasm of breast (disorder)
a30d4cc8-1c8c-befd-13fc-b6405d9c37cc,2019-02-06T03:15:51Z,2019-02-06T03:30:51Z,6872def5-772f-427c-3053-de6e1c71ce0a,9fdce5d5-d4d0-3156-a8d5-8757bfe4e9b3,dc81d245-d09e-33ae-97ee-68d174f8e727,a735bf55-83e9-331a-899d-a82a60b9f60c,wellness,162673000,General examination of patient (procedure),136.80,272.80,31.84,,
51f5603f-3e72-d0ac-15c5-d75462d4f6e3,2019-09-29T16:35:06Z,2019-09-29T17:10:59Z,6872def5-772f-427c-3053-de6e1c71ce0a,217cb6f6-e822-3831-9d9d-ffa104971042,a074fdd8-22db-3849-8662-0b14a206f61f,a735bf55-83e9-331a-899d-a82a60b9f60c,ambulatory,439740005,Postoperative follow-up visit (procedure),142.58,573.98,459.18,254837009,Malignant neoplasm of breast (disorder)
8c0963e0-280c-14f0-e118-6f1267508b15,2019-09-29T17:10:59Z,2019-09-29T17:32:21Z,6872def5-772f-427c-3053-de6e1c71ce0a,217cb6f6-e822-3831-9d9d-ffa104971042,a074fdd8-22db-3849-8662-0b14a206f61f,a735bf55-83e9-331a-899d-a82a60b9f60c,ambulatory,410410006,Screening surveillance (regime/therapy),142.58,211.60,169.28,254837009,Malignant neoplasm of breast (disorder)
28a0cf36-8d60-92c1-ad1c-ed54d34adfef,2019-09-29T17:32:21Z,2019-09-29T17:59:04Z,6872def5-772f-427c-3053-de6e1c71ce0a,217cb6f6-e822-3831-9d9d-ffa104971042,a074fdd8-22db-3849-8662-0b14a206f61f,a735bf55-83e9-331a-899d-a82a60b9f60c,ambulatory,185389009,Follow-up visit (procedure),85.55,12794.91,10235.93,254837009,Malignant neoplasm of breast (disorder)
621f4fa9-c9a2-cf77-9669-8a73b7124e6c,2020-02-12T03:15:51Z,2020-02-12T03:30:51Z,6872def5-772f-427c-3053-de6e1c71ce0a,9fdce5d5-d4d0-3156-a8d5-8757bfe4e9b3,dc81d245-d09e-33ae-97ee-68d174f8e727,a735bf55-83e9-331a-899d-a82a60b9f60c,wellness,162673000,General examination of patient (procedure),136.80,272.80,31.84,,
d7c83229-cd69-7150-dd10-79c70b6f2816,2020-10-15T17:59:04Z,2020-10-15T18:39:43Z,6872def5-772f-427c-3053-de6e1c71ce0a,217cb6f6-e822-3831-9d9d-ffa104971042,a074fdd8-22db-3849-8662-0b14a206f61f,a735bf55-83e9-331a-899d-a82a60b9f60c,ambulatory,439740005,Postoperative follow-up visit (procedure),142.58,573.98,459.18,254837009,Malignant neoplasm of breast (disorder)
2429b2f5-95d7-db52-ae1a-c195fc5d8d2f,2020-10-15T18:39:43Z,2020-10-15T18:58:33Z,6872def5-772f-427c-3053-de6e1c71ce0a,217cb6f6-e822-3831-9d9d-ffa104971042,a074fdd8-22db-3849-8662-0b14a206f61f,a735bf55-83e9-331a-899d-a82a60b9f60c,ambulatory,410410006,Screening surveillance (regime/therapy),142.58,211.60,169.28,254837009,Malignant neoplasm of breast (disorder)
52eeab97-f7ff-e603-b0a4-4f97a0750b71,2020-10-15T18:58:33Z,2020-10-15T19:27:57Z,6872def5-772f-427c-3053-de6e1c71ce0a,217cb6f6-e822-3831-9d9d-ffa104971042,a074fdd8-22db-3849-8662-0b14a206f61f,a735bf55-83e9-331a-899d-a82a60b9f60c,ambulatory,185389009,Follow-up visit (procedure),85.55,5203.63,4162.90,254837009,Malignant neoplasm of breast (disorder)
4d456cde-843e-3713-7823-1fa40979a89e,2021-02-17T03:15:51Z,2021-02-17T03:30:51Z,6872def5-772f-427c-3053-de6e1c71ce0a,9fdce5d5-d4d0-3156-a8d5-8757bfe4e9b3,dc81d245-d09e-33ae-97ee-68d174f8e727,a735bf55-83e9-331a-899d-a82a60b9f60c,wellness,162673000,General examination of patient (procedure),136.80,408.80,140.64,,
0c66dd0d-b6b2-7323-04d5-29615a35173b,2021-03-03T03:15:51Z,2021-03-03T03:30:51Z,6872def5-772f-427c-3053-de6e1c71ce0a,217cb6f6-e822-3831-9d9d-ffa104971042,a074fdd8-22db-3849-8662-0b14a206f61f,a735bf55-83e9-331a-899d-a82a60b9f60c,outpatient,33879002,Administration of vaccine to produce active immunity (procedure),142.58,278.58,222.86,,
42243ca1-ae08-6d55-1663-3058a4b01170,2021-03-24T03:15:51Z,2021-03-24T03:30:51Z,6872def5-772f-427c-3053-de6e1c71ce0a,217cb6f6-e822-3831-9d9d-ffa104971042,a074fdd8-22db-3849-8662-0b14a206f61f,a735bf55-83e9-331a-899d-a82a60b9f60c,outpatient,33879002,Administration of vaccine to produce active immunity (procedure),142.58,278.58,222.86,,
c98bb069-b58c-318a-a065-6a364e318407,2021-10-18T19:27:57Z,2021-10-18T20:06:25Z,6872def5-772f-427c-3053-de6e1c71ce0a,217cb6f6-e822-3831-9d9d-ffa104971042,a074fdd8-22db-3849-8662-0b14a206f61f,a735bf55-83e9-331a-899d-a82a60b9f60c,ambulatory,439740005,Postoperative follow-up visit (procedure),142.58,573.98,459.18,254837009,Malignant neoplasm of breast (disorder)
39bf4f02-404b-8e6c-f56d-bf98abbd52df,2021-10-18T20:06:25Z,2021-10-18T20:31:12Z,6872def5-772f-427c-3053-de6e1c71ce0a,217cb6f6-e822-3831-9d9d-ffa104971042,a074fdd8-22db-3849-8662-0b14a206f61f,a735bf55-83e9-331a-899d-a82a60b9f60c,ambulatory,410410006,Screening surveillance (regime/therapy),142.58,273.85,219.08,254837009,Malignant neoplasm of breast (disorder)
124b2824-e425-f4fa-4b8b-e10e594f261b,2021-10-18T20:31:12Z,2021-10-18T20:48:10Z,6872def5-772f-427c-3053-de6e1c71ce0a,217cb6f6-e822-3831-9d9d-ffa104971042,a074fdd8-22db-3849-8662-0b14a206f61f,a735bf55-83e9-331a-899d-a82a60b9f60c,ambulatory,185389009,Follow-up visit (procedure),85.55,4181.24,3344.99,254837009,Malignant neoplasm of breast (disorder)
a2ffcfa4-7e2d-5a44-04ba-4fbe1bca2189,2022-02-23T03:15:51Z,2022-02-23T03:30:51Z,6872def5-772f-427c-3053-de6e1c71ce0a,9fdce5d5-d4d0-3156-a8d5-8757bfe4e9b3,dc81d245-d09e-33ae-97ee-68d174f8e727,a735bf55-83e9-331a-899d-a82a60b9f60c,wellness,162673000,General examination of patient (procedure),136.80,408.80,140.64,,
5ab334fc-f2e9-7f68-0ed2-8d55151d0971,2022-11-02T20:48:10Z,2022-11-02T21:31:28Z,6872def5-772f-427c-3053-de6e1c71ce0a,217cb6f6-e822-3831-9d9d-ffa104971042,a074fdd8-22db-3849-8662-0b14a206f61f,a735bf55-83e9-331a-899d-a82a60b9f60c,ambulatory,439740005,Postoperative follow-up visit (procedure),142.58,573.98,459.18,254837009,Malignant neoplasm of breast (disorder)
c714f8fe-f212-86dd-edda-c11c82b1915c,2022-11-02T21:31:28Z,2022-11-02T21:48:28Z,6872def5-772f-427c-3053-de6e1c71ce0a,217cb6f6-e822-3831-9d9d-ffa104971042,a074fdd8-22db-3849-8662-0b14a206f61f,a735bf55-83e9-331a-899d-a82a60b9f60c,ambulatory,410410006,Screening surveillance (regime/therapy),142.58,211.60,169.28,254837009,Malignant neoplasm of breast (disorder)
ec560df8-b455-5285-f474-323d80609e29,2022-11-02T21:48:28Z,2022-11-02T22:18:23Z,6872def5-772f-427c-3053-de6e1c71ce0a,217cb6f6-e822-3831-9d9d-ffa104971042,a074fdd8-22db-3849-8662-0b14a206f61f,a735bf55-83e9-331a-899d-a82a60b9f60c,ambulatory,185389009,Follow-up visit (procedure),85.55,4181.24,3344.99,254837009,Malignant neoplasm of breast (disorder)
7d8467ca-f1bd-a450-0d70-4f64bc7457f8,2023-03-01T03:15:51Z,2023-03-01T03:30:51Z,6872def5-772f-427c-3053-de6e1c71ce0a,9fdce5d5-d4d0-3156-a8d5-8757bfe4e9b3,dc81d245-d09e-33ae-97ee-68d174f8e727,a735bf55-83e9-331a-899d-a82a60b9f60c,wellness,162673000,General examination of patient (procedure),136.80,272.80,31.84,,
cddd2a40-8071-46a1-a71b-148a94da4ccf,2023-11-05T22:18:23Z,2023-11-05T23:03:00Z,6872def5-772f-427c-3053-de6e1c71ce0a,217cb6f6-e822-3831-9d9d-ffa104971042,a074fdd8-22db-3849-8662-0b14a206f61f,a735bf55-83e9-331a-899d-a82a60b9f60c,ambulatory,439740005,Postoperative follow-up visit (procedure),142.58,573.98,459.18,254837009,Malignant neoplasm of breast (disorder)
99ea6828-497c-0cd2-cd18-74f18f3a98ca,2023-11-05T23:03:00Z,2023-11-05T23:20:11Z,6872def5-772f-427c-3053-de6e1c71ce0a,217cb6f6-e822-3831-9d9d-ffa104971042,a074fdd8-22db-3849-8662-0b14a206f61f,a735bf55-83e9-331a-899d-a82a60b9f60c,ambulatory,410410006,Screening surveillance (regime/therapy),142.58,211.60,169.28,254837009,Malignant neoplasm of breast (disorder)
988d079f-77d4-5ecf-7aaf-e674fd89357f,2023-11-05T23:20:11Z,2023-11-05T23:43:19Z,6872def5-772f-427c-3053-de6e1c71ce0a,217cb6f6-e822-3831-9d9d-ffa104971042,a074fdd8-22db-3849-8662-0b14a206f61f,a735bf55-83e9-331a-899d-a82a60b9f60c,ambulatory,185389009,Follow-up visit (procedure),85.55,16468.32,13174.66,254837009,Malignant neoplasm of breast (disorder)
370642c5-a971-4011-cafd-4f6809466e92,2024-03-06T03:15:51Z,2024-03-06T03:30:51Z,6872def5-772f-427c-3053-de6e1c71ce0a,9fdce5d5-d4d0-3156-a8d5-8757bfe4e9b3,dc81d245-d09e-33ae-97ee-68d174f8e727,a735bf55-83e9-331a-899d-a82a60b9f60c,wellness,162673000,General examination of patient (procedure),136.80,272.80,31.84,,
