DATE,PATIENT,ENCOUNTER,CODE,DESCRIPTION,BASE_COST
2015-05-06T13:35:55Z,239ae86a-96db-6211-9042-d3f2850aabb8,b102bb3b-cc78-be39-1799-e36356f2ece5,140,Influenza  seasonal  injectable  preservative free,136.00
2016-02-19T21:37:32Z,6c434506-fb4b-3e3f-c19d-553dec3b6c17,b90f28e7-8706-9870-bd75-a5e944fcfecd,140,Influenza  seasonal  injectable  preservative free,136.00
2016-10-31T13:37:15Z,28d7b56c-6056-d0a2-2991-39d6e917216c,a9c9fcf3-5af4-fe5b-6693-1a483a710da8,140,Influenza  seasonal  injectable  preservative free,136.00
2015-01-13T20:49:47Z,4113255f-4e35-506a-ddef-4429caa17ffc,589de23a-b06a-8ccd-23f0-ac897bb71ddc,140,Influenza  seasonal  injectable  preservative free,136.00
2015-09-15T02:04:54Z,59844213-b884-17cb-59e9-c07a73a06f41,9ceeba7a-a1f1-cfb0-0215-01a9658ab9a2,140,Influenza  seasonal  injectable  preservative free,136.00
2016-04-19T14:47:06Z,9df4460a-2f66-2d07-de9e-0afaf84bb157,f7aa5578-6863-e250-edac-83e478409729,140,Influenza  seasonal  injectable  preservative free,136.00
2015-07-18T23:57:21Z,abc59f62-dc5a-5095-1141-80b4ee8be73b,8a81e370-69e9-1f32-c84d-2091b3c475ce,140,Influenza  seasonal  injectable  preservative free,136.00
2017-09-19T02:04:54Z,59844213-b884-17cb-59e9-c07a73a06f41,b136c50e-f61c-90fe-4393-71b7b9a814a2,140,Influenza  seasonal  injectable  preservative free,136.00
2014-11-05T20:09:54Z,a0b63e97-b6fd-5fe1-8f2d-2bec915efa97,6834dee4-54d4-9ea7-bf96-85db825415b3,140,Influenza  seasonal  injectable  preservative free,136.00
2017-09-20T10:41:30Z,92675303-ca5b-136a-169b-e764c5753f06,411f69d3-0f0e-40b7-ca18-7faeb7a3e3f8,140,Influenza  seasonal  injectable  preservative free,136.00
2017-09-20T10:41:30Z,92675303-ca5b-136a-169b-e764c5753f06,411f69d3-0f0e-40b7-ca18-7faeb7a3e3f8,113,Td (adult)  5 Lf tetanus toxoid  preservative free  adsorbed,136.00
2019-02-22T21:37:32Z,6c434506-fb4b-3e3f-c19d-553dec3b6c17,100cffba-275a-4fbf-a163-13c580e928b5,140,Influenza  seasonal  injectable  preservative free,136.00
2019-02-22T21:37:32Z,6c434506-fb4b-3e3f-c19d-553dec3b6c17,100cffba-275a-4fbf-a163-13c580e928b5,113,Td (adult)  5 Lf tetanus toxoid  preservative free  adsorbed,136.00
2016-05-11T13:35:55Z,239ae86a-96db-6211-9042-d3f2850aabb8,284bc45c-bca0-285f-73b4-0c2c098586c8,140,Influenza  seasonal  injectable  preservative free,136.00
2020-09-23T10:41:30Z,92675303-ca5b-136a-169b-e764c5753f06,96dbb1ca-f363-8659-b238-c5f558b7a2b9,140,Influenza  seasonal  injectable  preservative free,136.00
2016-07-23T23:57:21Z,abc59f62-dc5a-5095-1141-80b4ee8be73b,7397c0e9-a018-5f19-127f-46c2d3526a7b,140,Influenza  seasonal  injectable  preservative free,136.00
2018-11-05T13:37:15Z,28d7b56c-6056-d0a2-2991-39d6e917216c,dc710b49-b3f0-9e1c-4cc4-8cd6f77a1b75,140,Influenza  seasonal  injectable  preservative free,136.00
2022-02-25T21:37:32Z,6c434506-fb4b-3e3f-c19d-553dec3b6c17,9ee7c126-ee3c-cae8-f883-43b82ecf6287,140,Influenza  seasonal  injectable  preservative free,136.00
2015-11-11T20:09:54Z,a0b63e97-b6fd-5fe1-8f2d-2bec915efa97,1cb3d4e3-cc53-047d-ef5e-e5326a61886b,140,Influenza  seasonal  injectable  preservative free,136.00
2017-05-17T13:35:55Z,239ae86a-96db-6211-9042-d3f2850aabb8,9e808dd3-fab9-9ee3-3c9e-eb1d85b6f9eb,140,Influenza  seasonal  injectable  preservative free,136.00
2016-01-19T20:49:47Z,4113255f-4e35-506a-ddef-4429caa17ffc,84ab9a1e-79dc-e916-48cb-5f896e153bd1,140,Influenza  seasonal  injectable  preservative free,136.00
2020-11-09T13:37:15Z,28d7b56c-6056-d0a2-2991-39d6e917216c,6f67de23-8417-3a89-3ed2-77c771a67e97,140,Influenza  seasonal  injectable  preservative free,136.00
2016-11-16T20:09:54Z,a0b63e97-b6fd-5fe1-8f2d-2bec915efa97,9581600e-3b70-706b-19e2-47f189d5fff5,140,Influenza  seasonal  injectable  preservative free,136.00
2018-03-27T14:47:06Z,9df4460a-2f66-2d07-de9e-0afaf84bb157,cd38a096-a753-c2b1-e6eb-8d5c509b3abc,121,zoster vaccine  live,136.00
2018-03-27T14:47:06Z,9df4460a-2f66-2d07-de9e-0afaf84bb157,cd38a096-a753-c2b1-e6eb-8d5c509b3abc,140,Influenza  seasonal  injectable  preservative free,136.00
2021-09-01T10:41:30Z,92675303-ca5b-136a-169b-e764c5753f06,7345e412-f634-64f7-1c00-62fa117a05b1,208,COVID-19  mRNA  LNP-S  PF  30 mcg/0.3 mL dose,136.00
2021-09-22T10:41:30Z,92675303-ca5b-136a-169b-e764c5753f06,6757be73-b24b-6c11-4b73-c38f56d4b94b,208,COVID-19  mRNA  LNP-S  PF  30 mcg/0.3 mL dose,136.00
2019-08-27T02:04:54Z,59844213-b884-17cb-59e9-c07a73a06f41,a6c0f8b2-346f-f49b-f4fe-1fbefd68ac96,121,zoster vaccine  live,136.00
2019-08-27T02:04:54Z,59844213-b884-17cb-59e9-c07a73a06f41,a6c0f8b2-346f-f49b-f4fe-1fbefd68ac96,140,Influenza  seasonal  injectable  preservative free,136.00
2017-11-22T20:09:54Z,a0b63e97-b6fd-5fe1-8f2d-2bec915efa97,399565f4-7f9c-2dc8-c51e-804804ad24a0,140,Influenza  seasonal  injectable  preservative free,136.00
2017-01-24T20:49:47Z,4113255f-4e35-506a-ddef-4429caa17ffc,d2731fb6-963e-2611-10df-c140be5b06ad,140,Influenza  seasonal  injectable  preservative free,136.00
2018-11-28T20:09:54Z,a0b63e97-b6fd-5fe1-8f2d-2bec915efa97,42672670-70b4-ca88-f4ca-fdb74a362390,140,Influenza  seasonal  injectable  preservative free,136.00
2023-09-27T10:41:30Z,92675303-ca5b-136a-169b-e764c5753f06,08c59144-cb6c-e9da-46d5-d4063559bd70,140,Influenza  seasonal  injectable  preservative free,136.00
2017-07-29T23:57:21Z,abc59f62-dc5a-5095-1141-80b4ee8be73b,8cfbd1c6-077b-5c1f-6a09-3c12bcb5f36e,115,Tdap,136.00
2017-07-29T23:57:21Z,abc59f62-dc5a-5095-1141-80b4ee8be73b,8cfbd1c6-077b-5c1f-6a09-3c12bcb5f36e,140,Influenza  seasonal  injectable  preservative free,136.00
2017-07-29T23:57:21Z,abc59f62-dc5a-5095-1141-80b4ee8be73b,8cfbd1c6-077b-5c1f-6a09-3c12bcb5f36e,62,HPV  quadrivalent,136.00
2017-07-29T23:57:21Z,abc59f62-dc5a-5095-1141-80b4ee8be73b,8cfbd1c6-077b-5c1f-6a09-3c12bcb5f36e,114,meningococcal MCV4P,136.00
2018-01-30T20:49:47Z,4113255f-4e35-506a-ddef-4429caa17ffc,040f54b2-ddf8-6f01-1f1d-b5c445ed97d6,140,Influenza  seasonal  injectable  preservative free,136.00
2021-04-19T13:37:15Z,28d7b56c-6056-d0a2-2991-39d6e917216c,10788476-96e8-6b18-fc4e-6bc2cc4133d7,208,COVID-19  mRNA  LNP-S  PF  30 mcg/0.3 mL dose,136.00
2019-04-02T14:47:06Z,9df4460a-2f66-2d07-de9e-0afaf84bb157,e590498a-7494-6a21-3060-3f5ac5814965,121,zoster vaccine  live,136.00
2019-04-02T14:47:06Z,9df4460a-2f66-2d07-de9e-0afaf84bb157,e590498a-7494-6a21-3060-3f5ac5814965,140,Influenza  seasonal  injectable  preservative free,136.00
2019-04-02T14:47:06Z,9df4460a-2f66-2d07-de9e-0afaf84bb157,e590498a-7494-6a21-3060-3f5ac5814965,113,Td (adult)  5 Lf tetanus toxoid  preservative free  adsorbed,136.00
2021-05-10T13:37:15Z,28d7b56c-6056-d0a2-2991-39d6e917216c,2cb4fa30-315f-06c6-54dc-ed4e8f40d275,208,COVID-19  mRNA  LNP-S  PF  30 mcg/0.3 mL dose,136.00
2019-12-04T20:09:54Z,a0b63e97-b6fd-5fe1-8f2d-2bec915efa97,91c3899a-9795-8c6b-6f55-88bff2ce2317,140,Influenza  seasonal  injectable  preservative free,136.00
2020-05-20T13:35:55Z,239ae86a-96db-6211-9042-d3f2850aabb8,08ff30a4-1ac5-1693-6f8a-e554d3a80ff9,140,Influenza  seasonal  injectable  preservative free,136.00
2020-05-20T13:35:55Z,239ae86a-96db-6211-9042-d3f2850aabb8,08ff30a4-1ac5-1693-6f8a-e554d3a80ff9,113,Td (adult)  5 Lf tetanus toxoid  preservative free  adsorbed,136.00
2020-05-20T13:35:55Z,239ae86a-96db-6211-9042-d3f2850aabb8,08ff30a4-1ac5-1693-6f8a-e554d3a80ff9,43,Hep B  adult,136.00
2020-05-20T13:35:55Z,239ae86a-96db-6211-9042-d3f2850aabb8,08ff30a4-1ac5-1693-6f8a-e554d3a80ff9,114,meningococcal MCV4P,136.00
2019-02-05T20:49:47Z,4113255f-4e35-506a-ddef-4429caa17ffc,e916130a-a6e8-9e38-773d-5dc2cf1c6e6b,140,Influenza  seasonal  injectable  preservative free,136.00
2020-09-01T02:04:54Z,59844213-b884-17cb-59e9-c07a73a06f41,e40edb46-88c2-ffe7-285c-bb64fa85ad90,121,zoster vaccine  live,136.00
2020-09-01T02:04:54Z,59844213-b884-17cb-59e9-c07a73a06f41,e40edb46-88c2-ffe7-285c-bb64fa85ad90,140,Influenza  seasonal  injectable  preservative free,136.00
2020-09-01T02:04:54Z,59844213-b884-17cb-59e9-c07a73a06f41,e40edb46-88c2-ffe7-285c-bb64fa85ad90,113,Td (adult)  5 Lf tetanus toxoid  preservative free  adsorbed,136.00
2020-04-07T14:47:06Z,9df4460a-2f66-2d07-de9e-0afaf84bb157,77db3cc0-da2a-57c6-9dee-01b95c60f667,140,Influenza  seasonal  injectable  preservative free,136.00
2018-08-04T23:57:21Z,abc59f62-dc5a-5095-1141-80b4ee8be73b,0d9895a2-8110-3e1f-cf21-e66a7d8cf078,140,Influenza  seasonal  injectable  preservative free,136.00
2018-08-04T23:57:21Z,abc59f62-dc5a-5095-1141-80b4ee8be73b,0d9895a2-8110-3e1f-cf21-e66a7d8cf078,62,HPV  quadrivalent,136.00
2021-04-13T14:47:06Z,9df4460a-2f66-2d07-de9e-0afaf84bb157,e2f5bd2d-86f3-2319-28a6-de375427d82a,140,Influenza  seasonal  injectable  preservative free,136.00
2019-08-10T23:57:21Z,abc59f62-dc5a-5095-1141-80b4ee8be73b,0b3056b0-2688-c3b0-2bbb-ada74caa95cc,140,Influenza  seasonal  injectable  preservative free,136.00
2019-08-10T23:57:21Z,abc59f62-dc5a-5095-1141-80b4ee8be73b,0b3056b0-2688-c3b0-2bbb-ada74caa95cc,62,HPV  quadrivalent,136.00
2020-08-15T23:57:21Z,abc59f62-dc5a-5095-1141-80b4ee8be73b,a0f99d6d-4717-6395-04aa-81a4360b5e50,140,Influenza  seasonal  injectable  preservative free,136.00
2022-04-19T14:47:06Z,9df4460a-2f66-2d07-de9e-0afaf84bb157,31226c49-c4d2-7d1b-2654-f174834659ff,140,Influenza  seasonal  injectable  preservative free,136.00
2015-01-14T03:15:51Z,6872def5-772f-427c-3053-de6e1c71ce0a,a3a16f67-7f03-6d6d-829e-79a7ef83d512,140,Influenza  seasonal  injectable  preservative free,136.00
2023-05-24T13:35:55Z,239ae86a-96db-6211-9042-d3f2850aabb8,00768fef-a041-761a-ab16-10f7808cf53e,140,Influenza  seasonal  injectable  preservative free,136.00
2023-04-25T14:47:06Z,9df4460a-2f66-2d07-de9e-0afaf84bb157,b0a70805-8312-60c0-e0eb-177e8ca1350f,140,Influenza  seasonal  injectable  preservative free,136.00
2020-12-09T20:09:54Z,a0b63e97-b6fd-5fe1-8f2d-2bec915efa97,db6796bf-3e56-c83d-b19e-90311a6066c3,140,Influenza  seasonal  injectable  preservative free,136.00
2022-10-17T13:37:15Z,28d7b56c-6056-d0a2-2991-39d6e917216c,964416d4-6c26-4923-4836-53547fec5211,121,zoster vaccine  live,136.00
2022-10-17T13:37:15Z,28d7b56c-6056-d0a2-2991-39d6e917216c,964416d4-6c26-4923-4836-53547fec5211,140,Influenza  seasonal  injectable  preservative free,136.00
2021-02-09T02:04:54Z,59844213-b884-17cb-59e9-c07a73a06f41,bfbe1b78-1699-5a63-facd-f1ef00cc3e5f,208,COVID-19  mRNA  LNP-S  PF  30 mcg/0.3 mL dose,136.00
2024-04-30T14:47:06Z,9df4460a-2f66-2d07-de9e-0afaf84bb157,ca7ba8dd-d2cc-eee3-4fae-1cbde857caf2,140,Influenza  seasonal  injectable  preservative free,136.00
2021-08-07T23:57:21Z,abc59f62-dc5a-5095-1141-80b4ee8be73b,f28bce1f-b627-410d-59a1-bfd629b15249,208,COVID-19  mRNA  LNP-S  PF  30 mcg/0.3 mL dose,136.00
2021-03-02T02:04:54Z,59844213-b884-17cb-59e9-c07a73a06f41,638beea0-f2c8-7461-f5bb-4e1b60b333fc,208,COVID-19  mRNA  LNP-S  PF  30 mcg/0.3 mL dose,136.00
2021-08-21T23:57:21Z,abc59f62-dc5a-5095-1141-80b4ee8be73b,11e9cdc6-4c8d-b75c-441c-0f221ffcfd41,140,Influenza  seasonal  injectable  preservative free,136.00
2020-02-11T20:49:47Z,4113255f-4e35-506a-ddef-4429caa17ffc,4e775fc5-39a6-f1d2-6563-0d48c5b35dbc,140,Influenza  seasonal  injectable  preservative free,136.00
2021-09-07T02:04:54Z,59844213-b884-17cb-59e9-c07a73a06f41,f6bab392-0801-6f3b-a9d3-542ebc758335,140,Influenza  seasonal  injectable  preservative free,136.00
2023-10-23T13:37:15Z,28d7b56c-6056-d0a2-2991-39d6e917216c,42e3ac74-d3ae-5d7a-b57c-f9558fb38f1f,121,zoster vaccine  live,136.00
2023-10-23T13:37:15Z,28d7b56c-6056-d0a2-2991-39d6e917216c,42e3ac74-d3ae-5d7a-b57c-f9558fb38f1f,140,Influenza  seasonal  injectable  preservative free,136.00
2023-10-23T13:37:15Z,28d7b56c-6056-d0a2-2991-39d6e917216c,42e3ac74-d3ae-5d7a-b57c-f9558fb38f1f,113,Td (adult)  5 Lf tetanus toxoid  preservative free  adsorbed,136.00
2021-08-28T23:57:21Z,abc59f62-dc5a-5095-1141-80b4ee8be73b,eeea861a-42a0-fa23-fea1-0200609d943d,208,COVID-19  mRNA  LNP-S  PF  30 mcg/0.3 mL dose,136.00
2022-09-13T02:04:54Z,59844213-b884-17cb-59e9-c07a73a06f41,5a0b7458-6456-bf8e-5712-73041d642272,140,Influenza  seasonal  injectable  preservative free,136.00
2021-02-16T20:49:47Z,4113255f-4e35-506a-ddef-4429caa17ffc,4d5fc74b-115c-c956-8638-423b26987ec3,140,Influenza  seasonal  injectable  preservative free,136.00
2023-09-19T02:04:54Z,59844213-b884-17cb-59e9-c07a73a06f41,8d1fb978-837b-c01d-e5f7-0e10e1c388ca,140,Influenza  seasonal  injectable  preservative free,136.00
2021-03-30T20:49:47Z,4113255f-4e35-506a-ddef-4429caa17ffc,ee009a9f-80b8-e861-173f-4a40718ae565,212,COVID-19 vaccine  vector-nr  rS-Ad26  PF  0.5 mL,136.00
2022-08-27T23:57:21Z,abc59f62-dc5a-5095-1141-80b4ee8be73b,93d4dbbc-61bb-749f-6c71-b8f080f36bcb,140,Influenza  seasonal  injectable  preservative free,136.00
2022-08-27T23:57:21Z,abc59f62-dc5a-5095-1141-80b4ee8be73b,93d4dbbc-61bb-749f-6c71-b8f080f36bcb,114,meningococcal MCV4P,136.00
2023-09-02T23:57:21Z,abc59f62-dc5a-5095-1141-80b4ee8be73b,95a962e0-343d-5212-76dd-90f0b29c7f48,140,Influenza  seasonal  injectable  preservative free,136.00
2024-09-24T02:04:54Z,59844213-b884-17cb-59e9-c07a73a06f41,d792d92f-f50d-649e-7cdc-7b2f69256def,140,Influenza  seasonal  injectable  preservative free,136.00
2022-02-22T20:49:47Z,4113255f-4e35-506a-ddef-4429caa17ffc,47d29d55-6386-5bea-dc16-3ca99ab306e8,140,Influenza  seasonal  injectable  preservative free,136.00
2022-02-22T20:49:47Z,4113255f-4e35-506a-ddef-4429caa17ffc,47d29d55-6386-5bea-dc16-3ca99ab306e8,113,Td (adult)  5 Lf tetanus toxoid  preservative free  adsorbed,136.00
2024-09-07T23:57:21Z,abc59f62-dc5a-5095-1141-80b4ee8be73b,8b982e09-74e9-9d2d-a9ee-bffb8c4e80eb,140,Influenza  seasonal  injectable  preservative free,136.00
2023-02-28T20:49:47Z,4113255f-4e35-506a-ddef-4429caa17ffc,e051a7f2-9a3b-90a3-19c0-51ad12f63067,140,Influenza  seasonal  injectable  preservative free,136.00
2024-03-05T20:49:47Z,4113255f-4e35-506a-ddef-4429caa17ffc,41936c45-0328-8dc9-6eea-41aff89fc799,140,Influenza  seasonal  injectable  preservative free,136.00
2021-05-12T20:09:54Z,a0b63e97-b6fd-5fe1-8f2d-2bec915efa97,f8d98acf-003f-18e6-9559-a9d2f8c04f11,208,COVID-19  mRNA  LNP-S  PF  30 mcg/0.3 mL dose,136.00
2021-06-02T20:09:54Z,a0b63e97-b6fd-5fe1-8f2d-2bec915efa97,f701cb8d-657b-4612-7556-67edb537e513,208,COVID-19  mRNA  LNP-S  PF  30 mcg/0.3 mL dose,136.00
2021-12-15T20:09:54Z,a0b63e97-b6fd-5fe1-8f2d-2bec915efa97,0050e168-832b-e9fc-5709-ffa8b05ace92,140,Influenza  seasonal  injectable  preservative free,136.00
2022-12-21T20:09:54Z,a0b63e97-b6fd-5fe1-8f2d-2bec915efa97,d8bbc2d0-5a24-e695-cb26-9c17cf6af3bc,140,Influenza  seasonal  injectable  preservative free,136.00
2022-12-21T20:09:54Z,a0b63e97-b6fd-5fe1-8f2d-2bec915efa97,d8bbc2d0-5a24-e695-cb26-9c17cf6af3bc,113,Td (adult)  5 Lf tetanus toxoid  preservative free  adsorbed,136.00
2016-01-20T03:15:51Z,6872def5-772f-427c-3053-de6e1c71ce0a,a9db7c4c-6a40-bc7b-63dd-ad4fa1a8cdba,140,Influenza  seasonal  injectable  preservative free,136.00
2023-12-27T20:09:54Z,a0b63e97-b6fd-5fe1-8f2d-2bec915efa97,48316670-1a18-d7b9-3872-42d99dba89ff,140,Influenza  seasonal  injectable  preservative free,136.00
2017-01-25T03:15:51Z,6872def5-772f-427c-3053-de6e1c71ce0a,2435731b-3036-12b5-7441-070bddacdbc7,140,Influenza  seasonal  injectable  preservative free,136.00
2017-01-25T03:15:51Z,6872def5-772f-427c-3053-de6e1c71ce0a,2435731b-3036-12b5-7441-070bddacdbc7,113,Td (adult)  5 Lf tetanus toxoid  preservative free  adsorbed,136.00
2018-01-31T03:15:51Z,6872def5-772f-427c-3053-de6e1c71ce0a,afbbd7c1-958c-6a40-405d-43c52bc49fc7,140,Influenza  seasonal  injectable  preservative free,136.00
2019-02-06T03:15:51Z,6872def5-772f-427c-3053-de6e1c71ce0a,a30d4cc8-1c8c-befd-13fc-b6405d9c37cc,140,Influenza  seasonal  injectable  preservative free,136.00
2020-02-12T03:15:51Z,6872def5-772f-427c-3053-de6e1c71ce0a,621f4fa9-c9a2-cf77-9669-8a73b7124e6c,140,Influenza  seasonal  injectable  preservative free,136.00
2021-02-17T03:15:51Z,6872def5-772f-427c-3053-de6e1c71ce0a,4d456cde-843e-3713-7823-1fa40979a89e,140,Influenza  seasonal  injectable  preservative free,136.00
2021-02-17T03:15:51Z,6872def5-772f-427c-3053-de6e1c71ce0a,4d456cde-843e-3713-7823-1fa40979a89e,133,Pneumococcal conjugate PCV 13,136.00
2021-03-03T03:15:51Z,6872def5-772f-427c-3053-de6e1c71ce0a,0c66dd0d-b6b2-7323-04d5-29615a35173b,208,COVID-19  mRNA  LNP-S  PF  30 mcg/0.3 mL dose,136.00
2021-03-24T03:15:51Z,6872def5-772f-427c-3053-de6e1c71ce0a,42243ca1-ae08-6d55-1663-3058a4b01170,208,COVID-19  mRNA  LNP-S  PF  30 mcg/0.3 mL dose,136.00
2022-02-23T03:15:51Z,6872def5-772f-427c-3053-de6e1c71ce0a,a2ffcfa4-7e2d-5a44-04ba-4fbe1bca2189,140,Influenza  seasonal  injectable  preservative free,136.00
2022-02-23T03:15:51Z,6872def5-772f-427c-3053-de6e1c71ce0a,a2ffcfa4-7e2d-5a44-04ba-4fbe1bca2189,33,pneumococcal polysaccharide vaccine  23 valent,136.00
2023-03-01T03:15:51Z,6872def5-772f-427c-3053-de6e1c71ce0a,7d8467ca-f1bd-a450-0d70-4f64bc7457f8,140,Influenza  seasonal  injectable  preservative free,136.00
2024-03-06T03:15:51Z,6872def5-772f-427c-3053-de6e1c71ce0a,370642c5-a971-4011-cafd-4f6809466e92,140,Influenza  seasonal  injectable  preservative free,136.00
