DATE,PATIENT,ENCOUNTER,CATEGORY,CODE,DESCRIPTION,VALUE,UNITS,TYPE
2014-12-11T21:37:32Z,6c434506-fb4b-3e3f-c19d-553dec3b6c17,,,QALY,QALY,26.0,a,numeric
2015-12-11T21:37:32Z,6c434506-fb4b-3e3f-c19d-553dec3b6c17,,,QALY,QALY,27.0,a,numeric
2016-12-11T21:37:32Z,6c434506-fb4b-3e3f-c19d-553dec3b6c17,,,QALY,QALY,28.0,a,numeric
2017-12-11T21:37:32Z,6c434506-fb4b-3e3f-c19d-553dec3b6c17,,,QALY,QALY,29.0,a,numeric
2018-12-11T21:37:32Z,6c434506-fb4b-3e3f-c19d-553dec3b6c17,,,QALY,QALY,30.0,a,numeric
2019-12-11T21:37:32Z,6c434506-fb4b-3e3f-c19d-553dec3b6c17,,,QALY,QALY,31.0,a,numeric
2020-12-11T21:37:32Z,6c434506-fb4b-3e3f-c19d-553dec3b6c17,,,QALY,QALY,32.0,a,numeric
2021-12-11T21:37:32Z,6c434506-fb4b-3e3f-c19d-553dec3b6c17,,,QALY,QALY,33.0,a,numeric
2022-12-11T21:37:32Z,6c434506-fb4b-3e3f-c19d-553dec3b6c17,,,QALY,QALY,34.0,a,numeric
2023-12-11T21:37:32Z,6c434506-fb4b-3e3f-c19d-553dec3b6c17,,,QALY,QALY,35.0,a,numeric
2014-12-11T21:37:32Z,6c434506-fb4b-3e3f-c19d-553dec3b6c17,,,DALY,DALY,0.0,a,numeric
2015-12-11T21:37:32Z,6c434506-fb4b-3e3f-c19d-553dec3b6c17,,,DALY,DALY,0.0,a,numeric
2016-12-11T21:37:32Z,6c434506-fb4b-3e3f-c19d-553dec3b6c17,,,DALY,DALY,0.0,a,numeric
2017-12-11T21:37:32Z,6c434506-fb4b-3e3f-c19d-553dec3b6c17,,,DALY,DALY,0.0,a,numeric
2018-12-11T21:37:32Z,6c434506-fb4b-3e3f-c19d-553dec3b6c17,,,DALY,DALY,0.0,a,numeric
2019-12-11T21:37:32Z,6c434506-fb4b-3e3f-c19d-553dec3b6c17,,,DALY,DALY,0.0,a,numeric
2020-12-11T21:37:32Z,6c434506-fb4b-3e3f-c19d-553dec3b6c17,,,DALY,DALY,0.0,a,numeric
2021-12-11T21:37:32Z,6c434506-fb4b-3e3f-c19d-553dec3b6c17,,,DALY,DALY,0.0,a,numeric
2022-12-11T21:37:32Z,6c434506-fb4b-3e3f-c19d-553dec3b6c17,,,DALY,DALY,0.0,a,numeric
2023-12-11T21:37:32Z,6c434506-fb4b-3e3f-c19d-553dec3b6c17,,,DALY,DALY,0.0,a,numeric
2014-12-11T21:37:32Z,6c434506-fb4b-3e3f-c19d-553dec3b6c17,,,QOLS,QOLS,1.0,{score},numeric
2015-12-11T21:37:32Z,6c434506-fb4b-3e3f-c19d-553dec3b6c17,,,QOLS,QOLS,1.0,{score},numeric
2016-12-11T21:37:32Z,6c434506-fb4b-3e3f-c19d-553dec3b6c17,,,QOLS,QOLS,1.0,{score},numeric
2017-12-11T21:37:32Z,6c434506-fb4b-3e3f-c19d-553dec3b6c17,,,QOLS,QOLS,1.0,{score},numeric
2018-12-11T21:37:32Z,6c434506-fb4b-3e3f-c19d-553dec3b6c17,,,QOLS,QOLS,1.0,{score},numeric
2019-12-11T21:37:32Z,6c434506-fb4b-3e3f-c19d-553dec3b6c17,,,QOLS,QOLS,1.0,{score},numeric
2020-12-11T21:37:32Z,6c434506-fb4b-3e3f-c19d-553dec3b6c17,,,QOLS,QOLS,1.0,{score},numeric
2021-12-11T21:37:32Z,6c434506-fb4b-3e3f-c19d-553dec3b6c17,,,QOLS,QOLS,1.0,{score},numeric
2022-12-11T21:37:32Z,6c434506-fb4b-3e3f-c19d-553dec3b6c17,,,QOLS,QOLS,1.0,{score},numeric
2023-12-11T21:37:32Z,6c434506-fb4b-3e3f-c19d-553dec3b6c17,,,QOLS,QOLS,1.0,{score},numeric
2014-07-09T10:41:30Z,92675303-ca5b-136a-169b-e764c5753f06,,,QALY,QALY,27.0,a,numeric
2015-07-09T10:41:30Z,92675303-ca5b-136a-169b-e764c5753f06,,,QALY,QALY,28.0,a,numeric
2016-07-09T10:41:30Z,92675303-ca5b-136a-169b-e764c5753f06,,,QALY,QALY,29.0,a,numeric
2017-07-09T10:41:30Z,92675303-ca5b-136a-169b-e764c5753f06,,,QALY,QALY,30.0,a,numeric
2018-07-09T10:41:30Z,92675303-ca5b-136a-169b-e764c5753f06,,,QALY,QALY,31.0,a,numeric
2019-07-09T10:41:30Z,92675303-ca5b-136a-169b-e764c5753f06,,,QALY,QALY,32.0,a,numeric
2020-07-09T10:41:30Z,92675303-ca5b-136a-169b-e764c5753f06,,,QALY,QALY,33.0,a,numeric
2021-07-09T10:41:30Z,92675303-ca5b-136a-169b-e764c5753f06,,,QALY,QALY,34.0,a,numeric
2022-07-09T10:41:30Z,92675303-ca5b-136a-169b-e764c5753f06,,,QALY,QALY,35.0,a,numeric
2023-07-09T10:41:30Z,92675303-ca5b-136a-169b-e764c5753f06,,,QALY,QALY,36.0,a,numeric
2024-07-09T10:41:30Z,92675303-ca5b-136a-169b-e764c5753f06,,,QALY,QALY,37.0,a,numeric
2014-07-09T10:41:30Z,92675303-ca5b-136a-169b-e764c5753f06,,,DALY,DALY,0.0,a,numeric
2015-07-09T10:41:30Z,92675303-ca5b-136a-169b-e764c5753f06,,,DALY,DALY,0.0,a,numeric
2016-07-09T10:41:30Z,92675303-ca5b-136a-169b-e764c5753f06,,,DALY,DALY,0.0,a,numeric
2017-07-09T10:41:30Z,92675303-ca5b-136a-169b-e764c5753f06,,,DALY,DALY,0.0,a,numeric
2018-07-09T10:41:30Z,92675303-ca5b-136a-169b-e764c5753f06,,,DALY,DALY,0.0,a,numeric
2019-07-09T10:41:30Z,92675303-ca5b-136a-169b-e764c5753f06,,,DALY,DALY,0.0,a,numeric
2020-07-09T10:41:30Z,92675303-ca5b-136a-169b-e764c5753f06,,,DALY,DALY,0.0,a,numeric
2021-07-09T10:41:30Z,92675303-ca5b-136a-169b-e764c5753f06,,,DALY,DALY,0.0,a,numeric
2022-07-09T10:41:30Z,92675303-ca5b-136a-169b-e764c5753f06,,,DALY,DALY,0.0,a,numeric
2023-07-09T10:41:30Z,92675303-ca5b-136a-169b-e764c5753f06,,,DALY,DALY,0.0,a,numeric
2024-07-09T10:41:30Z,92675303-ca5b-136a-169b-e764c5753f06,,,DALY,DALY,0.0,a,numeric
2014-07-09T10:41:30Z,92675303-ca5b-136a-169b-e764c5753f06,,,QOLS,QOLS,1.0,{score},numeric
2015-07-09T10:41:30Z,92675303-ca5b-136a-169b-e764c5753f06,,,QOLS,QOLS,1.0,{score},numeric
2016-07-09T10:41:30Z,92675303-ca5b-136a-169b-e764c5753f06,,,QOLS,QOLS,1.0,{score},numeric
2017-07-09T10:41:30Z,92675303-ca5b-136a-169b-e764c5753f06,,,QOLS,QOLS,1.0,{score},numeric
2018-07-09T10:41:30Z,92675303-ca5b-136a-169b-e764c5753f06,,,QOLS,QOLS,1.0,{score},numeric
2019-07-09T10:41:30Z,92675303-ca5b-136a-169b-e764c5753f06,,,QOLS,QOLS,1.0,{score},numeric
2020-07-09T10:41:30Z,92675303-ca5b-136a-169b-e764c5753f06,,,QOLS,QOLS,1.0,{score},numeric
2021-07-09T10:41:30Z,92675303-ca5b-136a-169b-e764c5753f06,,,QOLS,QOLS,1.0,{score},numeric
2022-07-09T10:41:30Z,92675303-ca5b-136a-169b-e764c5753f06,,,QOLS,QOLS,1.0,{score},numeric
2023-07-09T10:41:30Z,92675303-ca5b-136a-169b-e764c5753f06,,,QOLS,QOLS,1.0,{score},numeric
2024-07-09T10:41:30Z,92675303-ca5b-136a-169b-e764c5753f06,,,QOLS,QOLS,1.0,{score},numeric
2015-02-02T05:42:06Z,6872def5-772f-427c-3053-de6e1c71ce0a,662ecc52-ab46-bc33-e4b1-27df94cff60b,therapy,88040-1,Response to cancer treatment,Improving (qualifier value),,text
2014-10-16T13:37:15Z,28d7b56c-6056-d0a2-2991-39d6e917216c,,,QALY,QALY,41.0,a,numeric
2015-10-16T13:37:15Z,28d7b56c-6056-d0a2-2991-39d6e917216c,,,QALY,QALY,42.0,a,numeric
2016-10-16T13:37:15Z,28d7b56c-6056-d0a2-2991-39d6e917216c,,,QALY,QALY,43.0,a,numeric
2017-10-16T13:37:15Z,28d7b56c-6056-d0a2-2991-39d6e917216c,,,QALY,QALY,44.0,a,numeric
2018-10-16T13:37:15Z,28d7b56c-6056-d0a2-2991-39d6e917216c,,,QALY,QALY,45.0,a,numeric
2019-10-16T13:37:15Z,28d7b56c-6056-d0a2-2991-39d6e917216c,,,QALY,QALY,46.0,a,numeric
2020-10-16T13:37:15Z,28d7b56c-6056-d0a2-2991-39d6e917216c,,,QALY,QALY,47.0,a,numeric
2014-07-15T23:57:21Z,abc59f62-dc5a-5095-1141-80b4ee8be73b,,,QALY,QALY,7.0,a,numeric
2015-07-15T23:57:21Z,abc59f62-dc5a-5095-1141-80b4ee8be73b,,,QALY,QALY,8.0,a,numeric
2016-07-15T23:57:21Z,abc59f62-dc5a-5095-1141-80b4ee8be73b,,,QALY,QALY,9.0,a,numeric
2017-07-15T23:57:21Z,abc59f62-dc5a-5095-1141-80b4ee8be73b,,,QALY,QALY,10.0,a,numeric
2018-07-15T23:57:21Z,abc59f62-dc5a-5095-1141-80b4ee8be73b,,,QALY,QALY,11.0,a,numeric
2019-07-15T23:57:21Z,abc59f62-dc5a-5095-1141-80b4ee8be73b,,,QALY,QALY,12.0,a,numeric
2020-07-15T23:57:21Z,abc59f62-dc5a-5095-1141-80b4ee8be73b,,,QALY,QALY,13.0,a,numeric
2021-07-15T23:57:21Z,abc59f62-dc5a-5095-1141-80b4ee8be73b,,,QALY,QALY,14.0,a,numeric
2022-07-15T23:57:21Z,abc59f62-dc5a-5095-1141-80b4ee8be73b,,,QALY,QALY,15.0,a,numeric
2021-10-16T13:37:15Z,28d7b56c-6056-d0a2-2991-39d6e917216c,,,QALY,QALY,48.0,a,numeric
2023-07-15T23:57:21Z,abc59f62-dc5a-5095-1141-80b4ee8be73b,,,QALY,QALY,16.0,a,numeric
2024-07-15T23:57:21Z,abc59f62-dc5a-5095-1141-80b4ee8be73b,,,QALY,QALY,17.0,a,numeric
2014-07-15T23:57:21Z,abc59f62-dc5a-5095-1141-80b4ee8be73b,,,DALY,DALY,0.0,a,numeric
2015-07-15T23:57:21Z,abc59f62-dc5a-5095-1141-80b4ee8be73b,,,DALY,DALY,0.0,a,numeric
2016-07-15T23:57:21Z,abc59f62-dc5a-5095-1141-80b4ee8be73b,,,DALY,DALY,0.0,a,numeric
2017-07-15T23:57:21Z,abc59f62-dc5a-5095-1141-80b4ee8be73b,,,DALY,DALY,0.0,a,numeric
2018-07-15T23:57:21Z,abc59f62-dc5a-5095-1141-80b4ee8be73b,,,DALY,DALY,0.0,a,numeric
2022-10-16T13:37:15Z,28d7b56c-6056-d0a2-2991-39d6e917216c,,,QALY,QALY,49.0,a,numeric
2019-07-15T23:57:21Z,abc59f62-dc5a-5095-1141-80b4ee8be73b,,,DALY,DALY,0.0,a,numeric
2023-10-16T13:37:15Z,28d7b56c-6056-d0a2-2991-39d6e917216c,,,QALY,QALY,50.0,a,numeric
2020-07-15T23:57:21Z,abc59f62-dc5a-5095-1141-80b4ee8be73b,,,DALY,DALY,0.0,a,numeric
2024-10-16T13:37:15Z,28d7b56c-6056-d0a2-2991-39d6e917216c,,,QALY,QALY,51.0,a,numeric
2021-07-15T23:57:21Z,abc59f62-dc5a-5095-1141-80b4ee8be73b,,,DALY,DALY,0.0,a,numeric
2014-03-26T13:47:06Z,9df4460a-2f66-2d07-de9e-0afaf84bb157,,,QALY,QALY,45.0,a,numeric
2022-07-15T23:57:21Z,abc59f62-dc5a-5095-1141-80b4ee8be73b,,,DALY,DALY,0.0,a,numeric
2015-03-26T13:47:06Z,9df4460a-2f66-2d07-de9e-0afaf84bb157,,,QALY,QALY,46.0,a,numeric
2023-07-15T23:57:21Z,abc59f62-dc5a-5095-1141-80b4ee8be73b,,,DALY,DALY,0.0,a,numeric
2024-07-15T23:57:21Z,abc59f62-dc5a-5095-1141-80b4ee8be73b,,,DALY,DALY,0.0,a,numeric
2014-07-15T23:57:21Z,abc59f62-dc5a-5095-1141-80b4ee8be73b,,,QOLS,QOLS,1.0,{score},numeric
2014-10-16T13:37:15Z,28d7b56c-6056-d0a2-2991-39d6e917216c,,,DALY,DALY,0.0,a,numeric
2015-07-15T23:57:21Z,abc59f62-dc5a-5095-1141-80b4ee8be73b,,,QOLS,QOLS,1.0,{score},numeric
2015-10-16T13:37:15Z,28d7b56c-6056-d0a2-2991-39d6e917216c,,,DALY,DALY,0.0,a,numeric
2016-07-15T23:57:21Z,abc59f62-dc5a-5095-1141-80b4ee8be73b,,,QOLS,QOLS,1.0,{score},numeric
2016-10-16T13:37:15Z,28d7b56c-6056-d0a2-2991-39d6e917216c,,,DALY,DALY,0.0,a,numeric
2017-07-15T23:57:21Z,abc59f62-dc5a-5095-1141-80b4ee8be73b,,,QOLS,QOLS,1.0,{score},numeric
2016-03-26T13:47:06Z,9df4460a-2f66-2d07-de9e-0afaf84bb157,,,QALY,QALY,47.0,a,numeric
2018-07-15T23:57:21Z,abc59f62-dc5a-5095-1141-80b4ee8be73b,,,QOLS,QOLS,1.0,{score},numeric
2017-03-26T13:47:06Z,9df4460a-2f66-2d07-de9e-0afaf84bb157,,,QALY,QALY,48.0,a,numeric
2018-03-26T13:47:06Z,9df4460a-2f66-2d07-de9e-0afaf84bb157,,,QALY,QALY,49.0,a,numeric
2017-10-16T13:37:15Z,28d7b56c-6056-d0a2-2991-39d6e917216c,,,DALY,DALY,0.0,a,numeric
2019-03-26T13:47:06Z,9df4460a-2f66-2d07-de9e-0afaf84bb157,,,QALY,QALY,50.0,a,numeric
2019-07-15T23:57:21Z,abc59f62-dc5a-5095-1141-80b4ee8be73b,,,QOLS,QOLS,1.0,{score},numeric
2020-07-15T23:57:21Z,abc59f62-dc5a-5095-1141-80b4ee8be73b,,,QOLS,QOLS,1.0,{score},numeric
2020-03-26T13:47:06Z,9df4460a-2f66-2d07-de9e-0afaf84bb157,,,QALY,QALY,51.0,a,numeric
2021-07-15T23:57:21Z,abc59f62-dc5a-5095-1141-80b4ee8be73b,,,QOLS,QOLS,1.0,{score},numeric
2022-07-15T23:57:21Z,abc59f62-dc5a-5095-1141-80b4ee8be73b,,,QOLS,QOLS,1.0,{score},numeric
2023-07-15T23:57:21Z,abc59f62-dc5a-5095-1141-80b4ee8be73b,,,QOLS,QOLS,1.0,{score},numeric
2024-07-15T23:57:21Z,abc59f62-dc5a-5095-1141-80b4ee8be73b,,,QOLS,QOLS,1.0,{score},numeric
2021-03-26T13:47:06Z,9df4460a-2f66-2d07-de9e-0afaf84bb157,,,QALY,QALY,52.0,a,numeric
2022-03-26T13:47:06Z,9df4460a-2f66-2d07-de9e-0afaf84bb157,,,QALY,QALY,53.0,a,numeric
2023-03-26T13:47:06Z,9df4460a-2f66-2d07-de9e-0afaf84bb157,,,QALY,QALY,54.0,a,numeric
2024-03-26T13:47:06Z,9df4460a-2f66-2d07-de9e-0afaf84bb157,,,QALY,QALY,55.0,a,numeric
2018-10-16T13:37:15Z,28d7b56c-6056-d0a2-2991-39d6e917216c,,,DALY,DALY,0.0,a,numeric
2019-10-16T13:37:15Z,28d7b56c-6056-d0a2-2991-39d6e917216c,,,DALY,DALY,0.0,a,numeric
2020-10-16T13:37:15Z,28d7b56c-6056-d0a2-2991-39d6e917216c,,,DALY,DALY,0.0,a,numeric
2021-10-16T13:37:15Z,28d7b56c-6056-d0a2-2991-39d6e917216c,,,DALY,DALY,0.0,a,numeric
2014-03-26T13:47:06Z,9df4460a-2f66-2d07-de9e-0afaf84bb157,,,DALY,DALY,0.0,a,numeric
2022-10-16T13:37:15Z,28d7b56c-6056-d0a2-2991-39d6e917216c,,,DALY,DALY,0.0,a,numeric
2015-03-26T13:47:06Z,9df4460a-2f66-2d07-de9e-0afaf84bb157,,,DALY,DALY,0.0,a,numeric
2023-10-16T13:37:15Z,28d7b56c-6056-d0a2-2991-39d6e917216c,,,DALY,DALY,0.0,a,numeric
2016-03-26T13:47:06Z,9df4460a-2f66-2d07-de9e-0afaf84bb157,,,DALY,DALY,0.0,a,numeric
2024-10-16T13:37:15Z,28d7b56c-6056-d0a2-2991-39d6e917216c,,,DALY,DALY,0.0,a,numeric
2017-03-26T13:47:06Z,9df4460a-2f66-2d07-de9e-0afaf84bb157,,,DALY,DALY,0.0,a,numeric
2018-03-26T13:47:06Z,9df4460a-2f66-2d07-de9e-0afaf84bb157,,,DALY,DALY,0.0,a,numeric
2019-03-26T13:47:06Z,9df4460a-2f66-2d07-de9e-0afaf84bb157,,,DALY,DALY,0.0,a,numeric
2020-03-26T13:47:06Z,9df4460a-2f66-2d07-de9e-0afaf84bb157,,,DALY,DALY,0.0,a,numeric
2014-10-16T13:37:15Z,28d7b56c-6056-d0a2-2991-39d6e917216c,,,QOLS,QOLS,1.0,{score},numeric
2021-03-26T13:47:06Z,9df4460a-2f66-2d07-de9e-0afaf84bb157,,,DALY,DALY,0.0,a,numeric
2015-10-16T13:37:15Z,28d7b56c-6056-d0a2-2991-39d6e917216c,,,QOLS,QOLS,1.0,{score},numeric
2022-03-26T13:47:06Z,9df4460a-2f66-2d07-de9e-0afaf84bb157,,,DALY,DALY,0.0,a,numeric
2016-10-16T13:37:15Z,28d7b56c-6056-d0a2-2991-39d6e917216c,,,QOLS,QOLS,1.0,{score},numeric
2023-03-26T13:47:06Z,9df4460a-2f66-2d07-de9e-0afaf84bb157,,,DALY,DALY,0.0,a,numeric
2017-10-16T13:37:15Z,28d7b56c-6056-d0a2-2991-39d6e917216c,,,QOLS,QOLS,1.0,{score},numeric
2024-03-26T13:47:06Z,9df4460a-2f66-2d07-de9e-0afaf84bb157,,,DALY,DALY,0.0,a,numeric
2018-10-16T13:37:15Z,28d7b56c-6056-d0a2-2991-39d6e917216c,,,QOLS,QOLS,1.0,{score},numeric
2019-10-16T13:37:15Z,28d7b56c-6056-d0a2-2991-39d6e917216c,,,QOLS,QOLS,1.0,{score},numeric
2020-10-16T13:37:15Z,28d7b56c-6056-d0a2-2991-39d6e917216c,,,QOLS,QOLS,1.0,{score},numeric
2021-10-16T13:37:15Z,28d7b56c-6056-d0a2-2991-39d6e917216c,,,QOLS,QOLS,1.0,{score},numeric
2022-10-16T13:37:15Z,28d7b56c-6056-d0a2-2991-39d6e917216c,,,QOLS,QOLS,1.0,{score},numeric
2014-03-26T13:47:06Z,9df4460a-2f66-2d07-de9e-0afaf84bb157,,,QOLS,QOLS,1.0,{score},numeric
2023-10-16T13:37:15Z,28d7b56c-6056-d0a2-2991-39d6e917216c,,,QOLS,QOLS,1.0,{score},numeric
2015-03-26T13:47:06Z,9df4460a-2f66-2d07-de9e-0afaf84bb157,,,QOLS,QOLS,1.0,{score},numeric
2024-10-16T13:37:15Z,28d7b56c-6056-d0a2-2991-39d6e917216c,,,QOLS,QOLS,1.0,{score},numeric
2016-03-26T13:47:06Z,9df4460a-2f66-2d07-de9e-0afaf84bb157,,,QOLS,QOLS,1.0,{score},numeric
2017-03-26T13:47:06Z,9df4460a-2f66-2d07-de9e-0afaf84bb157,,,QOLS,QOLS,1.0,{score},numeric
2014-03-18T12:35:55Z,239ae86a-96db-6211-9042-d3f2850aabb8,,,QALY,QALY,15.0,a,numeric
2018-03-26T13:47:06Z,9df4460a-2f66-2d07-de9e-0afaf84bb157,,,QOLS,QOLS,1.0,{score},numeric
2015-03-18T12:35:55Z,239ae86a-96db-6211-9042-d3f2850aabb8,,,QALY,QALY,16.0,a,numeric
2019-03-26T13:47:06Z,9df4460a-2f66-2d07-de9e-0afaf84bb157,,,QOLS,QOLS,1.0,{score},numeric
2020-03-26T13:47:06Z,9df4460a-2f66-2d07-de9e-0afaf84bb157,,,QOLS,QOLS,1.0,{score},numeric
2021-03-26T13:47:06Z,9df4460a-2f66-2d07-de9e-0afaf84bb157,,,QOLS,QOLS,1.0,{score},numeric
2022-03-26T13:47:06Z,9df4460a-2f66-2d07-de9e-0afaf84bb157,,,QOLS,QOLS,1.0,{score},numeric
2016-03-18T12:35:55Z,239ae86a-96db-6211-9042-d3f2850aabb8,,,QALY,QALY,17.0,a,numeric
2017-03-18T12:35:55Z,239ae86a-96db-6211-9042-d3f2850aabb8,,,QALY,QALY,18.0,a,numeric
2018-03-18T12:35:55Z,239ae86a-96db-6211-9042-d3f2850aabb8,,,QALY,QALY,19.0,a,numeric
2019-03-18T12:35:55Z,239ae86a-96db-6211-9042-d3f2850aabb8,,,QALY,QALY,20.0,a,numeric
2020-03-18T12:35:55Z,239ae86a-96db-6211-9042-d3f2850aabb8,,,QALY,QALY,21.0,a,numeric
2021-03-18T12:35:55Z,239ae86a-96db-6211-9042-d3f2850aabb8,,,QALY,QALY,22.0,a,numeric
2022-03-18T12:35:55Z,239ae86a-96db-6211-9042-d3f2850aabb8,,,QALY,QALY,23.0,a,numeric
2023-03-18T12:35:55Z,239ae86a-96db-6211-9042-d3f2850aabb8,,,QALY,QALY,24.0,a,numeric
2024-03-18T12:35:55Z,239ae86a-96db-6211-9042-d3f2850aabb8,,,QALY,QALY,25.0,a,numeric
2014-03-18T12:35:55Z,239ae86a-96db-6211-9042-d3f2850aabb8,,,DALY,DALY,0.0,a,numeric
2015-03-18T12:35:55Z,239ae86a-96db-6211-9042-d3f2850aabb8,,,DALY,DALY,0.0,a,numeric
2016-03-18T12:35:55Z,239ae86a-96db-6211-9042-d3f2850aabb8,,,DALY,DALY,0.0,a,numeric
2017-03-18T12:35:55Z,239ae86a-96db-6211-9042-d3f2850aabb8,,,DALY,DALY,0.0,a,numeric
2018-03-18T12:35:55Z,239ae86a-96db-6211-9042-d3f2850aabb8,,,DALY,DALY,0.0,a,numeric
2019-03-18T12:35:55Z,239ae86a-96db-6211-9042-d3f2850aabb8,,,DALY,DALY,0.0,a,numeric
2020-03-18T12:35:55Z,239ae86a-96db-6211-9042-d3f2850aabb8,,,DALY,DALY,0.0,a,numeric
2021-03-18T12:35:55Z,239ae86a-96db-6211-9042-d3f2850aabb8,,,DALY,DALY,0.0,a,numeric
2023-03-26T13:47:06Z,9df4460a-2f66-2d07-de9e-0afaf84bb157,,,QOLS,QOLS,1.0,{score},numeric
2024-03-26T13:47:06Z,9df4460a-2f66-2d07-de9e-0afaf84bb157,,,QOLS,QOLS,1.0,{score},numeric
2022-03-18T12:35:55Z,239ae86a-96db-6211-9042-d3f2850aabb8,,,DALY,DALY,0.0,a,numeric
2023-03-18T12:35:55Z,239ae86a-96db-6211-9042-d3f2850aabb8,,,DALY,DALY,0.0,a,numeric
2024-03-18T12:35:55Z,239ae86a-96db-6211-9042-d3f2850aabb8,,,DALY,DALY,0.0,a,numeric
2014-03-18T12:35:55Z,239ae86a-96db-6211-9042-d3f2850aabb8,,,QOLS,QOLS,1.0,{score},numeric
2015-03-18T12:35:55Z,239ae86a-96db-6211-9042-d3f2850aabb8,,,QOLS,QOLS,1.0,{score},numeric
2016-03-18T12:35:55Z,239ae86a-96db-6211-9042-d3f2850aabb8,,,QOLS,QOLS,1.0,{score},numeric
2017-03-18T12:35:55Z,239ae86a-96db-6211-9042-d3f2850aabb8,,,QOLS,QOLS,1.0,{score},numeric
2018-03-18T12:35:55Z,239ae86a-96db-6211-9042-d3f2850aabb8,,,QOLS,QOLS,1.0,{score},numeric
2019-03-18T12:35:55Z,239ae86a-96db-6211-9042-d3f2850aabb8,,,QOLS,QOLS,1.0,{score},numeric
2020-03-18T12:35:55Z,239ae86a-96db-6211-9042-d3f2850aabb8,,,QOLS,QOLS,1.0,{score},numeric
2021-03-18T12:35:55Z,239ae86a-96db-6211-9042-d3f2850aabb8,,,QOLS,QOLS,1.0,{score},numeric
2022-03-18T12:35:55Z,239ae86a-96db-6211-9042-d3f2850aabb8,,,QOLS,QOLS,1.0,{score},numeric
2023-03-18T12:35:55Z,239ae86a-96db-6211-9042-d3f2850aabb8,,,QOLS,QOLS,1.0,{score},numeric
2024-03-18T12:35:55Z,239ae86a-96db-6211-9042-d3f2850aabb8,,,QOLS,QOLS,1.0,{score},numeric
2016-01-07T08:20:27Z,6872def5-772f-427c-3053-de6e1c71ce0a,04e0fd9b-b6d4-4ca9-2578-f53f865d8cc9,therapy,88040-1,Response to cancer treatment,Improving (qualifier value),,text
2014-12-20T20:49:47Z,4113255f-4e35-506a-ddef-4429caa17ffc,,,QALY,QALY,53.0,a,numeric
2015-12-20T20:49:47Z,4113255f-4e35-506a-ddef-4429caa17ffc,,,QALY,QALY,54.0,a,numeric
2016-12-20T20:49:47Z,4113255f-4e35-506a-ddef-4429caa17ffc,,,QALY,QALY,55.0,a,numeric
2014-08-26T02:04:54Z,59844213-b884-17cb-59e9-c07a73a06f41,,,QALY,QALY,44.0,a,numeric
2017-12-20T20:49:47Z,4113255f-4e35-506a-ddef-4429caa17ffc,,,QALY,QALY,56.0,a,numeric
2018-12-20T20:49:47Z,4113255f-4e35-506a-ddef-4429caa17ffc,,,QALY,QALY,57.0,a,numeric
2015-08-26T02:04:54Z,59844213-b884-17cb-59e9-c07a73a06f41,,,QALY,QALY,45.0,a,numeric
2019-12-20T20:49:47Z,4113255f-4e35-506a-ddef-4429caa17ffc,,,QALY,QALY,58.0,a,numeric
2020-12-20T20:49:47Z,4113255f-4e35-506a-ddef-4429caa17ffc,,,QALY,QALY,59.0,a,numeric
2021-12-20T20:49:47Z,4113255f-4e35-506a-ddef-4429caa17ffc,,,QALY,QALY,60.0,a,numeric
2016-08-26T02:04:54Z,59844213-b884-17cb-59e9-c07a73a06f41,,,QALY,QALY,46.0,a,numeric
2022-12-20T20:49:47Z,4113255f-4e35-506a-ddef-4429caa17ffc,,,QALY,QALY,61.0,a,numeric
2017-08-26T02:04:54Z,59844213-b884-17cb-59e9-c07a73a06f41,,,QALY,QALY,47.0,a,numeric
2018-08-26T02:04:54Z,59844213-b884-17cb-59e9-c07a73a06f41,,,QALY,QALY,48.0,a,numeric
2019-08-26T02:04:54Z,59844213-b884-17cb-59e9-c07a73a06f41,,,QALY,QALY,49.0,a,numeric
2020-08-26T02:04:54Z,59844213-b884-17cb-59e9-c07a73a06f41,,,QALY,QALY,50.0,a,numeric
2021-08-26T02:04:54Z,59844213-b884-17cb-59e9-c07a73a06f41,,,QALY,QALY,51.0,a,numeric
2022-08-26T02:04:54Z,59844213-b884-17cb-59e9-c07a73a06f41,,,QALY,QALY,52.0,a,numeric
2023-08-26T02:04:54Z,59844213-b884-17cb-59e9-c07a73a06f41,,,QALY,QALY,53.0,a,numeric
2023-12-20T20:49:47Z,4113255f-4e35-506a-ddef-4429caa17ffc,,,QALY,QALY,62.0,a,numeric
2024-08-26T02:04:54Z,59844213-b884-17cb-59e9-c07a73a06f41,,,QALY,QALY,54.0,a,numeric
2014-08-26T02:04:54Z,59844213-b884-17cb-59e9-c07a73a06f41,,,DALY,DALY,0.0,a,numeric
2015-08-26T02:04:54Z,59844213-b884-17cb-59e9-c07a73a06f41,,,DALY,DALY,0.0,a,numeric
2016-08-26T02:04:54Z,59844213-b884-17cb-59e9-c07a73a06f41,,,DALY,DALY,0.0,a,numeric
2017-08-26T02:04:54Z,59844213-b884-17cb-59e9-c07a73a06f41,,,DALY,DALY,0.0,a,numeric
2018-08-26T02:04:54Z,59844213-b884-17cb-59e9-c07a73a06f41,,,DALY,DALY,0.0,a,numeric
2019-08-26T02:04:54Z,59844213-b884-17cb-59e9-c07a73a06f41,,,DALY,DALY,0.0,a,numeric
2020-08-26T02:04:54Z,59844213-b884-17cb-59e9-c07a73a06f41,,,DALY,DALY,0.0,a,numeric
2014-12-20T20:49:47Z,4113255f-4e35-506a-ddef-4429caa17ffc,,,DALY,DALY,0.0,a,numeric
2021-08-26T02:04:54Z,59844213-b884-17cb-59e9-c07a73a06f41,,,DALY,DALY,0.0,a,numeric
2015-12-20T20:49:47Z,4113255f-4e35-506a-ddef-4429caa17ffc,,,DALY,DALY,0.0,a,numeric
2022-08-26T02:04:54Z,59844213-b884-17cb-59e9-c07a73a06f41,,,DALY,DALY,0.0,a,numeric
2023-08-26T02:04:54Z,59844213-b884-17cb-59e9-c07a73a06f41,,,DALY,DALY,0.0,a,numeric
2016-12-20T20:49:47Z,4113255f-4e35-506a-ddef-4429caa17ffc,,,DALY,DALY,0.0,a,numeric
2024-08-26T02:04:54Z,59844213-b884-17cb-59e9-c07a73a06f41,,,DALY,DALY,0.0,a,numeric
2017-12-20T20:49:47Z,4113255f-4e35-506a-ddef-4429caa17ffc,,,DALY,DALY,0.0,a,numeric
2018-12-20T20:49:47Z,4113255f-4e35-506a-ddef-4429caa17ffc,,,DALY,DALY,0.0,a,numeric
2019-12-20T20:49:47Z,4113255f-4e35-506a-ddef-4429caa17ffc,,,DALY,DALY,0.0,a,numeric
2020-12-20T20:49:47Z,4113255f-4e35-506a-ddef-4429caa17ffc,,,DALY,DALY,0.0,a,numeric
2014-08-26T02:04:54Z,59844213-b884-17cb-59e9-c07a73a06f41,,,QOLS,QOLS,1.0,{score},numeric
2021-12-20T20:49:47Z,4113255f-4e35-506a-ddef-4429caa17ffc,,,DALY,DALY,0.0,a,numeric
2015-08-26T02:04:54Z,59844213-b884-17cb-59e9-c07a73a06f41,,,QOLS,QOLS,1.0,{score},numeric
2022-12-20T20:49:47Z,4113255f-4e35-506a-ddef-4429caa17ffc,,,DALY,DALY,0.0,a,numeric
2016-08-26T02:04:54Z,59844213-b884-17cb-59e9-c07a73a06f41,,,QOLS,QOLS,1.0,{score},numeric
2023-12-20T20:49:47Z,4113255f-4e35-506a-ddef-4429caa17ffc,,,DALY,DALY,0.0,a,numeric
2017-08-26T02:04:54Z,59844213-b884-17cb-59e9-c07a73a06f41,,,QOLS,QOLS,1.0,{score},numeric
2018-08-26T02:04:54Z,59844213-b884-17cb-59e9-c07a73a06f41,,,QOLS,QOLS,1.0,{score},numeric
2019-08-26T02:04:54Z,59844213-b884-17cb-59e9-c07a73a06f41,,,QOLS,QOLS,1.0,{score},numeric
2020-08-26T02:04:54Z,59844213-b884-17cb-59e9-c07a73a06f41,,,QOLS,QOLS,1.0,{score},numeric
2014-12-20T20:49:47Z,4113255f-4e35-506a-ddef-4429caa17ffc,,,QOLS,QOLS,1.0,{score},numeric
2021-08-26T02:04:54Z,59844213-b884-17cb-59e9-c07a73a06f41,,,QOLS,QOLS,1.0,{score},numeric
2015-12-20T20:49:47Z,4113255f-4e35-506a-ddef-4429caa17ffc,,,QOLS,QOLS,1.0,{score},numeric
2022-08-26T02:04:54Z,59844213-b884-17cb-59e9-c07a73a06f41,,,QOLS,QOLS,1.0,{score},numeric
2016-12-20T20:49:47Z,4113255f-4e35-506a-ddef-4429caa17ffc,,,QOLS,QOLS,1.0,{score},numeric
2023-08-26T02:04:54Z,59844213-b884-17cb-59e9-c07a73a06f41,,,QOLS,QOLS,1.0,{score},numeric
2024-08-26T02:04:54Z,59844213-b884-17cb-59e9-c07a73a06f41,,,QOLS,QOLS,1.0,{score},numeric
2017-12-20T20:49:47Z,4113255f-4e35-506a-ddef-4429caa17ffc,,,QOLS,QOLS,1.0,{score},numeric
2018-12-20T20:49:47Z,4113255f-4e35-506a-ddef-4429caa17ffc,,,QOLS,QOLS,1.0,{score},numeric
2019-12-20T20:49:47Z,4113255f-4e35-506a-ddef-4429caa17ffc,,,QOLS,QOLS,1.0,{score},numeric
2020-12-20T20:49:47Z,4113255f-4e35-506a-ddef-4429caa17ffc,,,QOLS,QOLS,1.0,{score},numeric
2021-12-20T20:49:47Z,4113255f-4e35-506a-ddef-4429caa17ffc,,,QOLS,QOLS,1.0,{score},numeric
2022-12-20T20:49:47Z,4113255f-4e35-506a-ddef-4429caa17ffc,,,QOLS,QOLS,1.0,{score},numeric
2023-12-20T20:49:47Z,4113255f-4e35-506a-ddef-4429caa17ffc,,,QOLS,QOLS,1.0,{score},numeric
2014-10-18T20:09:54Z,a0b63e97-b6fd-5fe1-8f2d-2bec915efa97,,,QALY,QALY,52.0,a,numeric
2016-12-30T11:10:54Z,6872def5-772f-427c-3053-de6e1c71ce0a,0750b580-9333-e6f4-c234-aecc0e3bd7e2,therapy,88040-1,Response to cancer treatment,Improving (qualifier value),,text
2015-10-18T20:09:54Z,a0b63e97-b6fd-5fe1-8f2d-2bec915efa97,,,QALY,QALY,53.0,a,numeric
2016-10-18T20:09:54Z,a0b63e97-b6fd-5fe1-8f2d-2bec915efa97,,,QALY,QALY,54.0,a,numeric
2017-10-18T20:09:54Z,a0b63e97-b6fd-5fe1-8f2d-2bec915efa97,,,QALY,QALY,55.0,a,numeric
2018-10-18T20:09:54Z,a0b63e97-b6fd-5fe1-8f2d-2bec915efa97,,,QALY,QALY,56.0,a,numeric
2019-10-18T20:09:54Z,a0b63e97-b6fd-5fe1-8f2d-2bec915efa97,,,QALY,QALY,57.0,a,numeric
2020-10-18T20:09:54Z,a0b63e97-b6fd-5fe1-8f2d-2bec915efa97,,,QALY,QALY,58.0,a,numeric
2021-10-18T20:09:54Z,a0b63e97-b6fd-5fe1-8f2d-2bec915efa97,,,QALY,QALY,59.0,a,numeric
2022-10-18T20:09:54Z,a0b63e97-b6fd-5fe1-8f2d-2bec915efa97,,,QALY,QALY,60.0,a,numeric
2023-10-18T20:09:54Z,a0b63e97-b6fd-5fe1-8f2d-2bec915efa97,,,QALY,QALY,61.0,a,numeric
2024-10-18T20:09:54Z,a0b63e97-b6fd-5fe1-8f2d-2bec915efa97,,,QALY,QALY,62.0,a,numeric
2014-10-18T20:09:54Z,a0b63e97-b6fd-5fe1-8f2d-2bec915efa97,,,DALY,DALY,0.0,a,numeric
2015-10-18T20:09:54Z,a0b63e97-b6fd-5fe1-8f2d-2bec915efa97,,,DALY,DALY,0.0,a,numeric
2016-10-18T20:09:54Z,a0b63e97-b6fd-5fe1-8f2d-2bec915efa97,,,DALY,DALY,0.0,a,numeric
2017-10-18T20:09:54Z,a0b63e97-b6fd-5fe1-8f2d-2bec915efa97,,,DALY,DALY,0.0,a,numeric
2018-10-18T20:09:54Z,a0b63e97-b6fd-5fe1-8f2d-2bec915efa97,,,DALY,DALY,0.0,a,numeric
2019-10-18T20:09:54Z,a0b63e97-b6fd-5fe1-8f2d-2bec915efa97,,,DALY,DALY,0.0,a,numeric
2020-10-18T20:09:54Z,a0b63e97-b6fd-5fe1-8f2d-2bec915efa97,,,DALY,DALY,0.0,a,numeric
2021-10-18T20:09:54Z,a0b63e97-b6fd-5fe1-8f2d-2bec915efa97,,,DALY,DALY,0.0,a,numeric
2022-10-18T20:09:54Z,a0b63e97-b6fd-5fe1-8f2d-2bec915efa97,,,DALY,DALY,0.0,a,numeric
2023-10-18T20:09:54Z,a0b63e97-b6fd-5fe1-8f2d-2bec915efa97,,,DALY,DALY,0.0,a,numeric
2024-10-18T20:09:54Z,a0b63e97-b6fd-5fe1-8f2d-2bec915efa97,,,DALY,DALY,0.0,a,numeric
2014-10-18T20:09:54Z,a0b63e97-b6fd-5fe1-8f2d-2bec915efa97,,,QOLS,QOLS,1.0,{score},numeric
2015-10-18T20:09:54Z,a0b63e97-b6fd-5fe1-8f2d-2bec915efa97,,,QOLS,QOLS,1.0,{score},numeric
2016-10-18T20:09:54Z,a0b63e97-b6fd-5fe1-8f2d-2bec915efa97,,,QOLS,QOLS,1.0,{score},numeric
2017-10-18T20:09:54Z,a0b63e97-b6fd-5fe1-8f2d-2bec915efa97,,,QOLS,QOLS,1.0,{score},numeric
2018-10-18T20:09:54Z,a0b63e97-b6fd-5fe1-8f2d-2bec915efa97,,,QOLS,QOLS,1.0,{score},numeric
2019-10-18T20:09:54Z,a0b63e97-b6fd-5fe1-8f2d-2bec915efa97,,,QOLS,QOLS,1.0,{score},numeric
2020-10-18T20:09:54Z,a0b63e97-b6fd-5fe1-8f2d-2bec915efa97,,,QOLS,QOLS,1.0,{score},numeric
2021-10-18T20:09:54Z,a0b63e97-b6fd-5fe1-8f2d-2bec915efa97,,,QOLS,QOLS,1.0,{score},numeric
2022-10-18T20:09:54Z,a0b63e97-b6fd-5fe1-8f2d-2bec915efa97,,,QOLS,QOLS,1.0,{score},numeric
2023-10-18T20:09:54Z,a0b63e97-b6fd-5fe1-8f2d-2bec915efa97,,,QOLS,QOLS,1.0,{score},numeric
2024-10-18T20:09:54Z,a0b63e97-b6fd-5fe1-8f2d-2bec915efa97,,,QOLS,QOLS,1.0,{score},numeric
2017-10-30T14:01:21Z,6872def5-772f-427c-3053-de6e1c71ce0a,433bba02-689d-1ea3-2f67-01f549136fc0,therapy,88040-1,Response to cancer treatment,Improving (qualifier value),,text
2014-11-23T03:15:51Z,6872def5-772f-427c-3053-de6e1c71ce0a,,,QALY,QALY,58.0,a,numeric
2015-11-23T03:15:51Z,6872def5-772f-427c-3053-de6e1c71ce0a,,,QALY,QALY,58.8,a,numeric
2016-11-23T03:15:51Z,6872def5-772f-427c-3053-de6e1c71ce0a,,,QALY,QALY,59.7,a,numeric
2017-11-23T03:15:51Z,6872def5-772f-427c-3053-de6e1c71ce0a,,,QALY,QALY,60.5,a,numeric
2018-11-23T03:15:51Z,6872def5-772f-427c-3053-de6e1c71ce0a,,,QALY,QALY,61.3,a,numeric
2019-11-23T03:15:51Z,6872def5-772f-427c-3053-de6e1c71ce0a,,,QALY,QALY,62.2,a,numeric
2020-11-23T03:15:51Z,6872def5-772f-427c-3053-de6e1c71ce0a,,,QALY,QALY,63.0,a,numeric
2021-11-23T03:15:51Z,6872def5-772f-427c-3053-de6e1c71ce0a,,,QALY,QALY,63.9,a,numeric
2022-11-23T03:15:51Z,6872def5-772f-427c-3053-de6e1c71ce0a,,,QALY,QALY,64.7,a,numeric
2023-11-23T03:15:51Z,6872def5-772f-427c-3053-de6e1c71ce0a,,,QALY,QALY,65.6,a,numeric
2014-11-23T03:15:51Z,6872def5-772f-427c-3053-de6e1c71ce0a,,,DALY,DALY,0.0,a,numeric
2015-11-23T03:15:51Z,6872def5-772f-427c-3053-de6e1c71ce0a,,,DALY,DALY,0.2,a,numeric
2016-11-23T03:15:51Z,6872def5-772f-427c-3053-de6e1c71ce0a,,,DALY,DALY,0.3,a,numeric
2017-11-23T03:15:51Z,6872def5-772f-427c-3053-de6e1c71ce0a,,,DALY,DALY,0.5,a,numeric
2018-11-23T03:15:51Z,6872def5-772f-427c-3053-de6e1c71ce0a,,,DALY,DALY,0.7,a,numeric
2019-11-23T03:15:51Z,6872def5-772f-427c-3053-de6e1c71ce0a,,,DALY,DALY,0.8,a,numeric
2020-11-23T03:15:51Z,6872def5-772f-427c-3053-de6e1c71ce0a,,,DALY,DALY,1.0,a,numeric
2021-11-23T03:15:51Z,6872def5-772f-427c-3053-de6e1c71ce0a,,,DALY,DALY,1.1,a,numeric
2022-11-23T03:15:51Z,6872def5-772f-427c-3053-de6e1c71ce0a,,,DALY,DALY,1.3,a,numeric
2023-11-23T03:15:51Z,6872def5-772f-427c-3053-de6e1c71ce0a,,,DALY,DALY,1.4,a,numeric
2014-11-23T03:15:51Z,6872def5-772f-427c-3053-de6e1c71ce0a,,,QOLS,QOLS,1.0,{score},numeric
2015-11-23T03:15:51Z,6872def5-772f-427c-3053-de6e1c71ce0a,,,QOLS,QOLS,0.8,{score},numeric
2016-11-23T03:15:51Z,6872def5-772f-427c-3053-de6e1c71ce0a,,,QOLS,QOLS,0.8,{score},numeric
2017-11-23T03:15:51Z,6872def5-772f-427c-3053-de6e1c71ce0a,,,QOLS,QOLS,0.8,{score},numeric
2018-11-23T03:15:51Z,6872def5-772f-427c-3053-de6e1c71ce0a,,,QOLS,QOLS,0.8,{score},numeric
2019-11-23T03:15:51Z,6872def5-772f-427c-3053-de6e1c71ce0a,,,QOLS,QOLS,0.8,{score},numeric
2020-11-23T03:15:51Z,6872def5-772f-427c-3053-de6e1c71ce0a,,,QOLS,QOLS,0.8,{score},numeric
2021-11-23T03:15:51Z,6872def5-772f-427c-3053-de6e1c71ce0a,,,QOLS,QOLS,0.8,{score},numeric
2022-11-23T03:15:51Z,6872def5-772f-427c-3053-de6e1c71ce0a,,,QOLS,QOLS,0.9,{score},numeric
2023-11-23T03:15:51Z,6872def5-772f-427c-3053-de6e1c71ce0a,,,QOLS,QOLS,0.9,{score},numeric
