Id,BIRTHDATE,DEATHDATE,SSN,DRIVERS,PASSPORT,PREFIX,FIRST,MIDDLE,LAST,SUFFIX,MAIDEN,MARITAL,RACE,ETHNICITY,GENDER,BIRTHPLACE,ADDRESS,CITY,STATE,COUNTY,FIPS,ZIP,LAT,LON,HEALTHCARE_EXPENSES,HEALTHCARE_COVERAGE,INCOME
6c434506-fb4b-3e3f-c19d-553dec3b6c17,1987-12-11,,999-44-3322,S99915042,X10070052X,Mrs.,Claudia969,,Carvajal694,,Pacheco179,W,white,hispanic,F,La Paz  Baja California  MX,625 Doyle Row,Lynn,Massachusetts,Essex County,25009,01905,42.52076231741145,-70.99610076420646,10362.40,0.00,35548
92675303-ca5b-136a-169b-e764c5753f06,1986-07-09,,999-62-9859,S99994357,X32943342X,Mrs.,Elena945,Florencia449,Arriaga291,,Urrutia540,M,white,hispanic,F,Carolina  Puerto Rico  PR,386 Altenwerth Orchard Apt 67,Chicopee,Massachusetts,Hampden County,25013,01022,42.184457490345814,-72.57177354003923,11192.36,0.00,122769
28d7b56c-6056-d0a2-2991-39d6e917216c,1972-10-16,,999-31-6091,S99927108,X29397514X,Ms.,Angela104,Bella510,Funk324,,,S,white,nonhispanic,F,Westfield  Massachusetts  US,677 Bosco Extension,South Yarmouth,Massachusetts,Barnstable County,25001,02664,41.69360171519502,-70.16953083062255,12693.96,0.00,126996
239ae86a-96db-6211-9042-d3f2850aabb8,1998-03-18,,999-74-7366,S99994192,X33003241X,Ms.,Alethia102,Tilda804,Muller251,,,,white,nonhispanic,F,Pembroke  Massachusetts  US,541 Stracke Plaza,Lowell,Massachusetts,Middlesex County,25017,01851,42.67839476037261,-71.33971522886895,8010.80,3029.20,27460
9df4460a-2f66-2d07-de9e-0afaf84bb157,1968-03-26,,999-18-7495,S99914227,X70637886X,Mrs.,Myra819,Sindy229,Hayes766,,Daugherty69,W,white,nonhispanic,F,Topsfield  Massachusetts  US,1041 Schuppe Vale,Dalton,Massachusetts,Berkshire County,,00000,42.47374174523344,-73.10494900506748,13228.80,0.00,162957
a0b63e97-b6fd-5fe1-8f2d-2bec915efa97,1961-10-18,,999-53-6488,S99914709,X57641510X,Mrs.,Bao544,Luetta803,Walter473,,MacGyver246,D,white,nonhispanic,F,Chelmsford  Massachusetts  US,250 Morar Fork Apt 66,Boston,Massachusetts,Suffolk County,25025,02122,42.35669114363619,-71.00729538672405,6250.00,9036.76,22493
59844213-b884-17cb-59e9-c07a73a06f41,1969-08-25,,999-75-8169,S99910423,X17609740X,Ms.,Clorinda310,Danielle72,Breitenberg711,,,S,black,nonhispanic,F,Everett  Massachusetts  US,227 Stiedemann Union Suite 28,Whitman,Massachusetts,Plymouth County,,00000,42.10609469292333,-70.91765574475585,13513.16,0.00,73067
abc59f62-dc5a-5095-1141-80b4ee8be73b,2006-07-15,,999-37-1058,S99920883,,Ms.,Jacque955,Jin479,Will178,,,,white,nonhispanic,F,Lawrence  Massachusetts  US,492 Keebler Estate,Shrewsbury,Massachusetts,Worcester County,,00000,42.2492633419548,-71.705572733258,10778.76,0.00,123522
4113255f-4e35-506a-ddef-4429caa17ffc,1960-12-20,,999-88-1434,S99964937,X7106438X,Mrs.,Rasheeda241,Mirian768,Shields502,,Heaney114,M,black,nonhispanic,F,Paxton  Massachusetts  US,946 Carroll Arcade Suite 20,Boston,Massachusetts,Suffolk County,25025,02130,42.34789223655134,-71.049264374543,15280.98,0.00,154543
6872def5-772f-427c-3053-de6e1c71ce0a,1955-11-22,,999-96-6821,S99963399,X8593734X,Mrs.,Janetta325,Priscilla527,Schiller186,,West559,M,white,hispanic,F,Lexington  Massachusetts  US,1037 Stehr Park,Belmont,Massachusetts,Middlesex County,25017,02138,42.42000352463694,-71.18158394036953,27621.17,130124.23,52361
