Id,NAME,OWNERSHIP,ADDRESS,CITY,STATE_HEADQUARTERED,ZIP,PHONE,AMOUNT_COVERED,AMOUNT_UNCOVERED,REVENUE,COVERED_ENCOUNTERS,UNCOVERED_ENCOUNTERS,COVERED_MEDICATIONS,UNCOVERED_MEDICATIONS,COVERED_PROCEDURES,UNCOVERED_PROCEDURES,COVERED_IMMUNIZATIONS,UNCOVERED_IMMUNIZATIONS,UNIQUE_CUSTOMERS,QOLS_AVG,MEMBER_MONTHS
a735bf55-83e9-331a-899d-a82a60b9f60c,Medicare,GOVERNMENT,,,,,,74184.51,6090.27,20241.90,50,0,0,0,38,0,15,0,1,0.7716830925796279,120
df166300-5a78-3502-a46a-832842197811,Medicaid,GOVERNMENT,,,,,,12065.96,6900.00,7810.00,63,0,0,0,0,0,76,0,2,0.9848484848484849,792
d18ef2e6-ef40-324c-be54-34a5ee865625,Dual Eligible,GOVERNMENT,,,,,,0.00,0.00,0.00,0,0,0,0,0,0,0,0,0,NaN,0
26aab0cd-6aba-3e1b-ac5b-05c8867e762c,Humana,PRIVATE,,,,,,0.00,49946.06,703152.00,162,0,0,0,0,0,204,0,4,0.9771428571428571,2100
b046940f-1664-3047-bca7-dfa76be352a4,Blue Cross Blue Shield,PRIVATE,,,,,,14785.98,13228.80,326370.00,46,0,0,0,0,0,51,0,2,0.8615384615384616,780
d31fccc3-1767-390d-966a-22a5156f4219,UnitedHealthcare,PRIVATE,,,,,,0.00,4646.76,109654.00,14,0,0,0,0,0,20,0,1,0.9473684210526315,228
0133f751-9229-3cfd-815f-b6d4979bdd6a,Aetna,PRIVATE,,,,,,0.00,1500.00,4840.68,5,0,0,0,0,0,6,0,2,1.0,72
8fa6c185-e44e-3e34-8bd8-39be8694f4ce,Cigna Health,PRIVATE,,,,,,0.00,2589.60,8384.64,7,0,0,0,0,0,12,0,2,1.0,96
734afbd6-4794-363b-9bc0-6a3981533ed5,Anthem,PRIVATE,,,,,,41153.74,13752.50,31572.99,55,0,2,0,43,0,24,0,2,0.9444444444444444,216
e03e23c9-4df1-3eb6-a62d-f70f02301496,NO_INSURANCE,NO_INSURANCE,,,,,,0.00,30278.40,0.00,0,108,0,0,0,0,0,114,4,0.9920634920634921,1512
