PATIENT,MEMBERID,START_DATE,END_DATE,PAYER,SECONDARY_PAYER,PLAN_OWNERSHIP,OWNER_NAME
6c434506-fb4b-3e3f-c19d-553dec3b6c17,,2013-12-13T21:37:32Z,2014-12-12T21:37:32Z,e03e23c9-4df1-3eb6-a62d-f70f02301496,,,
6c434506-fb4b-3e3f-c19d-553dec3b6c17,,2014-12-12T21:37:32Z,2015-12-11T21:37:32Z,e03e23c9-4df1-3eb6-a62d-f70f02301496,,,
6c434506-fb4b-3e3f-c19d-553dec3b6c17,,2015-12-11T21:37:32Z,2016-12-16T21:37:32Z,e03e23c9-4df1-3eb6-a62d-f70f02301496,,,
6c434506-fb4b-3e3f-c19d-553dec3b6c17,,2016-12-16T21:37:32Z,2017-12-15T21:37:32Z,e03e23c9-4df1-3eb6-a62d-f70f02301496,,,
6c434506-fb4b-3e3f-c19d-553dec3b6c17,,2017-12-15T21:37:32Z,2018-12-14T21:37:32Z,e03e23c9-4df1-3eb6-a62d-f70f02301496,,,
6c434506-fb4b-3e3f-c19d-553dec3b6c17,,2018-12-14T21:37:32Z,2019-12-13T21:37:32Z,e03e23c9-4df1-3eb6-a62d-f70f02301496,,,
6c434506-fb4b-3e3f-c19d-553dec3b6c17,,2019-12-13T21:37:32Z,2020-12-11T21:37:32Z,e03e23c9-4df1-3eb6-a62d-f70f02301496,,,
6c434506-fb4b-3e3f-c19d-553dec3b6c17,,2020-12-11T21:37:32Z,2021-12-17T21:37:32Z,e03e23c9-4df1-3eb6-a62d-f70f02301496,,,
6c434506-fb4b-3e3f-c19d-553dec3b6c17,,2021-12-17T21:37:32Z,2022-12-16T21:37:32Z,e03e23c9-4df1-3eb6-a62d-f70f02301496,,,
6c434506-fb4b-3e3f-c19d-553dec3b6c17,,2022-12-16T21:37:32Z,2023-12-15T21:37:32Z,e03e23c9-4df1-3eb6-a62d-f70f02301496,,,
6c434506-fb4b-3e3f-c19d-553dec3b6c17,,2023-12-15T21:37:32Z,2024-12-11T21:37:32Z,e03e23c9-4df1-3eb6-a62d-f70f02301496,,,
92675303-ca5b-136a-169b-e764c5753f06,9c40af4a-938c-a51d-27f9-6cc8185cc347,2013-07-10T10:41:30Z,2014-07-09T10:41:30Z,26aab0cd-6aba-3e1b-ac5b-05c8867e762c,,Self,Elena945 Urrutia540
92675303-ca5b-136a-169b-e764c5753f06,95678a74-32fc-84ee-9546-24d498f1c241,2014-07-09T10:41:30Z,2015-07-15T10:41:30Z,26aab0cd-6aba-3e1b-ac5b-05c8867e762c,,Self,Elena945 Urrutia540
92675303-ca5b-136a-169b-e764c5753f06,15bb5c7e-3f8d-c321-5c21-ebef1f11df21,2015-07-15T10:41:30Z,2016-07-13T10:41:30Z,26aab0cd-6aba-3e1b-ac5b-05c8867e762c,,Spouse,Mr. Arriaga291
92675303-ca5b-136a-169b-e764c5753f06,506909d3-c0d0-66ad-b208-d726a02e82d7,2016-07-13T10:41:30Z,2017-07-12T10:41:30Z,26aab0cd-6aba-3e1b-ac5b-05c8867e762c,,Spouse,Mr. Arriaga291
92675303-ca5b-136a-169b-e764c5753f06,c7932dff-3a85-d417-7ea6-3f72e6866e8f,2017-07-12T10:41:30Z,2018-07-11T10:41:30Z,26aab0cd-6aba-3e1b-ac5b-05c8867e762c,,Self,Elena945 Florencia449 Arriaga291
92675303-ca5b-136a-169b-e764c5753f06,1009bb8d-b55b-28b7-d8ec-2252e325802b,2018-07-11T10:41:30Z,2019-07-10T10:41:30Z,26aab0cd-6aba-3e1b-ac5b-05c8867e762c,,Self,Elena945 Florencia449 Arriaga291
92675303-ca5b-136a-169b-e764c5753f06,fc613f26-810e-25da-0e55-dabe8aab0978,2019-07-10T10:41:30Z,2020-07-15T10:41:30Z,26aab0cd-6aba-3e1b-ac5b-05c8867e762c,,Spouse,Mr. Arriaga291
92675303-ca5b-136a-169b-e764c5753f06,f13ffb49-c3ee-0f64-dc1b-fbcbd48ee729,2020-07-15T10:41:30Z,2021-07-14T10:41:30Z,26aab0cd-6aba-3e1b-ac5b-05c8867e762c,,Self,Elena945 Florencia449 Arriaga291
92675303-ca5b-136a-169b-e764c5753f06,94228ada-5723-91fb-3bec-a3af9b7ae3af,2021-07-14T10:41:30Z,2022-07-13T10:41:30Z,26aab0cd-6aba-3e1b-ac5b-05c8867e762c,,Spouse,Mr. Arriaga291
92675303-ca5b-136a-169b-e764c5753f06,4ea51a82-74d0-485a-a064-237032474e0a,2022-07-13T10:41:30Z,2023-07-12T10:41:30Z,26aab0cd-6aba-3e1b-ac5b-05c8867e762c,,Self,Elena945 Florencia449 Arriaga291
92675303-ca5b-136a-169b-e764c5753f06,214ecbce-0200-fa55-c16f-ed92991c6c36,2023-07-12T10:41:30Z,2024-07-10T10:41:30Z,26aab0cd-6aba-3e1b-ac5b-05c8867e762c,,Spouse,Mr. Arriaga291
92675303-ca5b-136a-169b-e764c5753f06,b9efc25b-cbf5-814e-26cc-76d97534064e,2024-07-10T10:41:30Z,2025-07-09T10:41:30Z,26aab0cd-6aba-3e1b-ac5b-05c8867e762c,,Self,Elena945 Florencia449 Arriaga291
239ae86a-96db-6211-9042-d3f2850aabb8,35564723-2290-e6d8-642c-53b76f666f7e,2013-03-20T13:35:55Z,2014-03-19T13:35:55Z,734afbd6-4794-363b-9bc0-6a3981533ed5,,Guardian,Aurelio227 Muller251
239ae86a-96db-6211-9042-d3f2850aabb8,35564723-2290-e6d8-642c-53b76f666f7e,2014-03-19T13:35:55Z,2015-03-18T13:35:55Z,734afbd6-4794-363b-9bc0-6a3981533ed5,,Guardian,Aurelio227 Muller251
239ae86a-96db-6211-9042-d3f2850aabb8,ae3795cb-88a6-0975-e92f-8c0d9022abd5,2015-03-18T13:35:55Z,2016-03-23T13:35:55Z,0133f751-9229-3cfd-815f-b6d4979bdd6a,,Guardian,Ruby458 Anderson154
239ae86a-96db-6211-9042-d3f2850aabb8,48088f38-9009-bd3d-ccdb-beefc1ec7946,2016-03-23T13:35:55Z,2017-03-22T13:35:55Z,734afbd6-4794-363b-9bc0-6a3981533ed5,,Self,Alethia102 Muller251
239ae86a-96db-6211-9042-d3f2850aabb8,5bca243e-85f5-699e-d4ef-13b2ec10d545,2017-03-22T13:35:55Z,2018-03-21T13:35:55Z,734afbd6-4794-363b-9bc0-6a3981533ed5,,Self,Alethia102 Muller251
239ae86a-96db-6211-9042-d3f2850aabb8,87dac247-54dd-20b2-8593-5de237ca7c79,2018-03-21T13:35:55Z,2019-03-20T13:35:55Z,734afbd6-4794-363b-9bc0-6a3981533ed5,,Self,Alethia102 Muller251
239ae86a-96db-6211-9042-d3f2850aabb8,27232ed1-758e-421f-ed23-1f2269cad2b6,2019-03-20T13:35:55Z,2020-03-18T13:35:55Z,734afbd6-4794-363b-9bc0-6a3981533ed5,,Self,Alethia102 Muller251
239ae86a-96db-6211-9042-d3f2850aabb8,9cd2a19d-c567-833b-11e6-acc367e1b274,2020-03-18T13:35:55Z,2021-03-24T13:35:55Z,734afbd6-4794-363b-9bc0-6a3981533ed5,,Self,Alethia102 Muller251
239ae86a-96db-6211-9042-d3f2850aabb8,bd1c3312-4253-5b16-1154-9d7f98d46187,2021-03-24T13:35:55Z,2022-03-23T13:35:55Z,0133f751-9229-3cfd-815f-b6d4979bdd6a,,Self,Alethia102 Muller251
239ae86a-96db-6211-9042-d3f2850aabb8,33db88d9-fff6-0475-19b4-9a34b328c2fb,2022-03-23T13:35:55Z,2023-03-22T13:35:55Z,0133f751-9229-3cfd-815f-b6d4979bdd6a,,Self,Alethia102 Muller251
239ae86a-96db-6211-9042-d3f2850aabb8,cb56faf1-727e-5a1e-983a-6031260648e5,2023-03-22T13:35:55Z,2024-03-20T13:35:55Z,0133f751-9229-3cfd-815f-b6d4979bdd6a,,Self,Alethia102 Muller251
239ae86a-96db-6211-9042-d3f2850aabb8,3d939e19-4b67-a406-66ac-1feb8bfe4b86,2024-03-20T13:35:55Z,2025-03-18T12:35:55Z,734afbd6-4794-363b-9bc0-6a3981533ed5,,Self,Alethia102 Muller251
28d7b56c-6056-d0a2-2991-39d6e917216c,7e2733cf-eb33-2891-e619-dd2f7fef14a1,2013-10-21T13:37:15Z,2014-10-20T13:37:15Z,26aab0cd-6aba-3e1b-ac5b-05c8867e762c,,Self,Angela104 Funk324
28d7b56c-6056-d0a2-2991-39d6e917216c,882c1d68-1413-02cf-ac53-d6f341cf2263,2014-10-20T13:37:15Z,2015-10-19T13:37:15Z,26aab0cd-6aba-3e1b-ac5b-05c8867e762c,,Self,Angela104 Funk324
28d7b56c-6056-d0a2-2991-39d6e917216c,5ee0f9fa-a9f7-0fba-4ae9-276aab02a020,2015-10-19T13:37:15Z,2016-10-17T13:37:15Z,26aab0cd-6aba-3e1b-ac5b-05c8867e762c,,Self,Angela104 Funk324
28d7b56c-6056-d0a2-2991-39d6e917216c,e6b7240e-433a-f84a-c8f4-7f09340e3d9a,2016-10-17T13:37:15Z,2017-10-16T13:37:15Z,26aab0cd-6aba-3e1b-ac5b-05c8867e762c,,Self,Angela104 Funk324
28d7b56c-6056-d0a2-2991-39d6e917216c,fe459ee1-77e0-c126-9728-17fc37b11718,2017-10-16T13:37:15Z,2018-10-22T13:37:15Z,26aab0cd-6aba-3e1b-ac5b-05c8867e762c,,Self,Angela104 Funk324
28d7b56c-6056-d0a2-2991-39d6e917216c,9bd37bbb-b2ad-d822-058d-7d1157518050,2018-10-22T13:37:15Z,2019-10-21T13:37:15Z,26aab0cd-6aba-3e1b-ac5b-05c8867e762c,,Self,Angela104 Funk324
28d7b56c-6056-d0a2-2991-39d6e917216c,1e6f9cb2-10e9-f43b-8e2a-f2fc86432401,2019-10-21T13:37:15Z,2020-10-19T13:37:15Z,26aab0cd-6aba-3e1b-ac5b-05c8867e762c,,Self,Angela104 Funk324
28d7b56c-6056-d0a2-2991-39d6e917216c,5721b555-06be-81d5-0611-a5e43a3823f0,2020-10-19T13:37:15Z,2021-10-18T13:37:15Z,26aab0cd-6aba-3e1b-ac5b-05c8867e762c,,Self,Angela104 Funk324
28d7b56c-6056-d0a2-2991-39d6e917216c,805bb639-9240-9671-4a10-7fc240ad1665,2021-10-18T13:37:15Z,2022-10-17T13:37:15Z,26aab0cd-6aba-3e1b-ac5b-05c8867e762c,,Self,Angela104 Funk324
28d7b56c-6056-d0a2-2991-39d6e917216c,71b63c2e-c918-82d9-648b-9ff77e5973c7,2022-10-17T13:37:15Z,2023-10-16T13:37:15Z,26aab0cd-6aba-3e1b-ac5b-05c8867e762c,,Self,Angela104 Funk324
28d7b56c-6056-d0a2-2991-39d6e917216c,5d3aadab-6d09-2f8e-b44e-147754dcc5ac,2023-10-16T13:37:15Z,2024-10-21T13:37:15Z,26aab0cd-6aba-3e1b-ac5b-05c8867e762c,,Self,Angela104 Funk324
28d7b56c-6056-d0a2-2991-39d6e917216c,b25584ea-71ed-f43c-13ec-7ee765fb9d16,2024-10-21T13:37:15Z,2025-10-16T13:37:15Z,26aab0cd-6aba-3e1b-ac5b-05c8867e762c,,Self,Angela104 Funk324
9df4460a-2f66-2d07-de9e-0afaf84bb157,ccdb80dc-bfaa-d921-ea30-b79530fdc249,2013-03-26T14:47:06Z,2014-04-01T14:47:06Z,b046940f-1664-3047-bca7-dfa76be352a4,,Self,Myra819 Sindy229 Hayes766
9df4460a-2f66-2d07-de9e-0afaf84bb157,c0f977f6-fc0f-bc00-b65a-bac133317a98,2014-04-01T14:47:06Z,2015-03-31T14:47:06Z,b046940f-1664-3047-bca7-dfa76be352a4,,Spouse,Mr. Hayes766
9df4460a-2f66-2d07-de9e-0afaf84bb157,f8228f46-a0db-e904-56b7-da99cd96ca86,2015-03-31T14:47:06Z,2016-03-29T14:47:06Z,b046940f-1664-3047-bca7-dfa76be352a4,,Self,Myra819 Sindy229 Hayes766
9df4460a-2f66-2d07-de9e-0afaf84bb157,bc418671-3acc-c71d-44cb-825a61fe3abc,2016-03-29T14:47:06Z,2017-03-28T14:47:06Z,b046940f-1664-3047-bca7-dfa76be352a4,,Spouse,Mr. Hayes766
9df4460a-2f66-2d07-de9e-0afaf84bb157,28618b35-e15f-49ee-0bbc-da578e800984,2017-03-28T14:47:06Z,2018-03-27T14:47:06Z,b046940f-1664-3047-bca7-dfa76be352a4,,Spouse,Mr. Hayes766
9df4460a-2f66-2d07-de9e-0afaf84bb157,5da42255-3aa6-ad74-8bf3-30b3e0323223,2018-03-27T14:47:06Z,2019-03-26T14:47:06Z,b046940f-1664-3047-bca7-dfa76be352a4,,Spouse,Mr. Hayes766
9df4460a-2f66-2d07-de9e-0afaf84bb157,fb2b49a3-6e28-8b3d-df4f-77f1f1b1b36b,2019-03-26T14:47:06Z,2020-03-31T14:47:06Z,b046940f-1664-3047-bca7-dfa76be352a4,,Self,Myra819 Sindy229 Hayes766
9df4460a-2f66-2d07-de9e-0afaf84bb157,027b12bd-d799-92c1-f8b2-2a99bc331592,2020-03-31T14:47:06Z,2021-03-30T14:47:06Z,b046940f-1664-3047-bca7-dfa76be352a4,,Self,Myra819 Sindy229 Hayes766
9df4460a-2f66-2d07-de9e-0afaf84bb157,25712c63-1ae0-6e43-8970-310c69bc8921,2021-03-30T14:47:06Z,2022-03-29T14:47:06Z,b046940f-1664-3047-bca7-dfa76be352a4,,Spouse,Mr. Hayes766
9df4460a-2f66-2d07-de9e-0afaf84bb157,c60ec382-d294-48da-9a6e-60b95d3eca1d,2022-03-29T14:47:06Z,2023-03-28T14:47:06Z,b046940f-1664-3047-bca7-dfa76be352a4,,Spouse,Mr. Hayes766
9df4460a-2f66-2d07-de9e-0afaf84bb157,882fa752-b2e1-04bb-d64b-78af4920aa91,2023-03-28T14:47:06Z,2024-03-26T14:47:06Z,b046940f-1664-3047-bca7-dfa76be352a4,,Self,Myra819 Sindy229 Hayes766
9df4460a-2f66-2d07-de9e-0afaf84bb157,7accaa2b-aed7-4aec-e0cd-98883aa108ff,2024-03-26T14:47:06Z,2025-03-26T13:47:06Z,b046940f-1664-3047-bca7-dfa76be352a4,,Self,Myra819 Sindy229 Hayes766
59844213-b884-17cb-59e9-c07a73a06f41,2b52b05e-9e3b-7bb4-6806-443fe56be0fe,2013-08-27T02:04:54Z,2014-08-26T02:04:54Z,d31fccc3-1767-390d-966a-22a5156f4219,,Self,Clorinda310 Breitenberg711
59844213-b884-17cb-59e9-c07a73a06f41,292adcd2-2cb7-a4e4-bd2d-afbceef2a214,2014-08-26T02:04:54Z,2015-09-01T02:04:54Z,d31fccc3-1767-390d-966a-22a5156f4219,,Self,Clorinda310 Breitenberg711
59844213-b884-17cb-59e9-c07a73a06f41,a841b407-1260-7ee8-34f6-2de525e34fbc,2015-09-01T02:04:54Z,2016-08-30T02:04:54Z,d31fccc3-1767-390d-966a-22a5156f4219,,Self,Clorinda310 Breitenberg711
59844213-b884-17cb-59e9-c07a73a06f41,63f00804-0604-ca04-76d4-14b6aca9f3e9,2016-08-30T02:04:54Z,2017-08-29T02:04:54Z,d31fccc3-1767-390d-966a-22a5156f4219,,Self,Clorinda310 Breitenberg711
59844213-b884-17cb-59e9-c07a73a06f41,2eda1071-ad59-d54b-e3e7-89d6d5be2495,2017-08-29T02:04:54Z,2018-08-28T02:04:54Z,d31fccc3-1767-390d-966a-22a5156f4219,,Self,Clorinda310 Breitenberg711
59844213-b884-17cb-59e9-c07a73a06f41,e6ec73c0-ec8a-5731-faaf-eb0f3aac6eb3,2018-08-28T02:04:54Z,2019-08-27T02:04:54Z,d31fccc3-1767-390d-966a-22a5156f4219,,Self,Clorinda310 Breitenberg711
59844213-b884-17cb-59e9-c07a73a06f41,82df252a-b07f-d3aa-f6d2-2d9d119a27a6,2019-08-27T02:04:54Z,2020-09-01T02:04:54Z,d31fccc3-1767-390d-966a-22a5156f4219,,Self,Clorinda310 Breitenberg711
59844213-b884-17cb-59e9-c07a73a06f41,cbede5a8-6d3b-b7e8-59f9-bbd80e114fb9,2020-09-01T02:04:54Z,2021-08-31T02:04:54Z,d31fccc3-1767-390d-966a-22a5156f4219,,Self,Clorinda310 Breitenberg711
59844213-b884-17cb-59e9-c07a73a06f41,63cf9e5c-6283-a338-e7f2-e618e4b3e918,2021-08-31T02:04:54Z,2022-08-30T02:04:54Z,d31fccc3-1767-390d-966a-22a5156f4219,,Self,Clorinda310 Breitenberg711
59844213-b884-17cb-59e9-c07a73a06f41,144a4bfe-dadc-dbcc-73f9-f87867346902,2022-08-30T02:04:54Z,2023-08-29T02:04:54Z,d31fccc3-1767-390d-966a-22a5156f4219,,Self,Clorinda310 Breitenberg711
59844213-b884-17cb-59e9-c07a73a06f41,81657fbb-35b3-fb26-c620-7c0a5e9b665f,2023-08-29T02:04:54Z,2024-08-27T02:04:54Z,d31fccc3-1767-390d-966a-22a5156f4219,,Self,Clorinda310 Breitenberg711
59844213-b884-17cb-59e9-c07a73a06f41,5b785b09-ae43-d41d-58a4-a7aeb7541cc9,2024-08-27T02:04:54Z,2025-08-26T02:04:54Z,d31fccc3-1767-390d-966a-22a5156f4219,,Self,Clorinda310 Breitenberg711
abc59f62-dc5a-5095-1141-80b4ee8be73b,8328e69c-cd8b-712b-a111-1a8c17cf4a84,2013-07-20T23:57:21Z,2014-07-19T23:57:21Z,26aab0cd-6aba-3e1b-ac5b-05c8867e762c,,Guardian,Lakisha305 Hirthe744
abc59f62-dc5a-5095-1141-80b4ee8be73b,8328e69c-cd8b-712b-a111-1a8c17cf4a84,2014-07-19T23:57:21Z,2015-07-18T23:57:21Z,26aab0cd-6aba-3e1b-ac5b-05c8867e762c,,Guardian,Lakisha305 Hirthe744
abc59f62-dc5a-5095-1141-80b4ee8be73b,8328e69c-cd8b-712b-a111-1a8c17cf4a84,2015-07-18T23:57:21Z,2016-07-16T23:57:21Z,26aab0cd-6aba-3e1b-ac5b-05c8867e762c,,Guardian,Lakisha305 Hirthe744
abc59f62-dc5a-5095-1141-80b4ee8be73b,8328e69c-cd8b-712b-a111-1a8c17cf4a84,2016-07-16T23:57:21Z,2017-07-15T23:57:21Z,26aab0cd-6aba-3e1b-ac5b-05c8867e762c,,Guardian,Lakisha305 Hirthe744
abc59f62-dc5a-5095-1141-80b4ee8be73b,8328e69c-cd8b-712b-a111-1a8c17cf4a84,2017-07-15T23:57:21Z,2018-07-21T23:57:21Z,26aab0cd-6aba-3e1b-ac5b-05c8867e762c,,Guardian,Lakisha305 Hirthe744
abc59f62-dc5a-5095-1141-80b4ee8be73b,8328e69c-cd8b-712b-a111-1a8c17cf4a84,2018-07-21T23:57:21Z,2019-07-20T23:57:21Z,26aab0cd-6aba-3e1b-ac5b-05c8867e762c,,Guardian,Lakisha305 Hirthe744
abc59f62-dc5a-5095-1141-80b4ee8be73b,8328e69c-cd8b-712b-a111-1a8c17cf4a84,2019-07-20T23:57:21Z,2020-07-18T23:57:21Z,26aab0cd-6aba-3e1b-ac5b-05c8867e762c,,Guardian,Lakisha305 Hirthe744
abc59f62-dc5a-5095-1141-80b4ee8be73b,8328e69c-cd8b-712b-a111-1a8c17cf4a84,2020-07-18T23:57:21Z,2021-07-17T23:57:21Z,26aab0cd-6aba-3e1b-ac5b-05c8867e762c,,Guardian,Lakisha305 Hirthe744
abc59f62-dc5a-5095-1141-80b4ee8be73b,8328e69c-cd8b-712b-a111-1a8c17cf4a84,2021-07-17T23:57:21Z,2022-07-16T23:57:21Z,26aab0cd-6aba-3e1b-ac5b-05c8867e762c,,Guardian,Lakisha305 Hirthe744
abc59f62-dc5a-5095-1141-80b4ee8be73b,8328e69c-cd8b-712b-a111-1a8c17cf4a84,2022-07-16T23:57:21Z,2023-07-15T23:57:21Z,26aab0cd-6aba-3e1b-ac5b-05c8867e762c,,Guardian,Lakisha305 Hirthe744
abc59f62-dc5a-5095-1141-80b4ee8be73b,8328e69c-cd8b-712b-a111-1a8c17cf4a84,2023-07-15T23:57:21Z,2024-07-20T23:57:21Z,26aab0cd-6aba-3e1b-ac5b-05c8867e762c,,Guardian,Lakisha305 Hirthe744
abc59f62-dc5a-5095-1141-80b4ee8be73b,8328e69c-cd8b-712b-a111-1a8c17cf4a84,2024-07-20T23:57:21Z,2025-07-15T23:57:21Z,26aab0cd-6aba-3e1b-ac5b-05c8867e762c,,Guardian,Lakisha305 Hirthe744
4113255f-4e35-506a-ddef-4429caa17ffc,deed366a-5a4a-517d-c589-c57a8b6d2d03,2013-12-24T20:49:47Z,2014-12-23T20:49:47Z,26aab0cd-6aba-3e1b-ac5b-05c8867e762c,,Self,Rasheeda241 Mirian768 Shields502
4113255f-4e35-506a-ddef-4429caa17ffc,dedea67e-5e10-4726-238a-18ea6c09a597,2014-12-23T20:49:47Z,2015-12-22T20:49:47Z,26aab0cd-6aba-3e1b-ac5b-05c8867e762c,,Spouse,Mr. Shields502
4113255f-4e35-506a-ddef-4429caa17ffc,d02fc524-5f14-34f5-8d15-c120ee2e818a,2015-12-22T20:49:47Z,2016-12-20T20:49:47Z,26aab0cd-6aba-3e1b-ac5b-05c8867e762c,,Spouse,Mr. Shields502
4113255f-4e35-506a-ddef-4429caa17ffc,f20d5fa7-c911-6cc4-51ec-35ddae7d04c2,2016-12-20T20:49:47Z,2017-12-26T20:49:47Z,26aab0cd-6aba-3e1b-ac5b-05c8867e762c,,Self,Rasheeda241 Mirian768 Shields502
4113255f-4e35-506a-ddef-4429caa17ffc,fb3b0296-7107-b9ce-13a6-63a25dc328ed,2017-12-26T20:49:47Z,2018-12-25T20:49:47Z,26aab0cd-6aba-3e1b-ac5b-05c8867e762c,,Self,Rasheeda241 Mirian768 Shields502
4113255f-4e35-506a-ddef-4429caa17ffc,c8624e51-c799-2d51-ec78-d418f7f1d56c,2018-12-25T20:49:47Z,2019-12-24T20:49:47Z,26aab0cd-6aba-3e1b-ac5b-05c8867e762c,,Spouse,Mr. Shields502
4113255f-4e35-506a-ddef-4429caa17ffc,e51ceb70-278d-6c97-bcf0-81a1e7b7af87,2019-12-24T20:49:47Z,2020-12-22T20:49:47Z,26aab0cd-6aba-3e1b-ac5b-05c8867e762c,,Spouse,Mr. Shields502
4113255f-4e35-506a-ddef-4429caa17ffc,849b678a-b657-2a24-546c-649d13945db2,2020-12-22T20:49:47Z,2021-12-21T20:49:47Z,26aab0cd-6aba-3e1b-ac5b-05c8867e762c,,Spouse,Mr. Shields502
4113255f-4e35-506a-ddef-4429caa17ffc,82342079-3b85-34e2-67a6-ae0bd0fc15ac,2021-12-21T20:49:47Z,2022-12-20T20:49:47Z,26aab0cd-6aba-3e1b-ac5b-05c8867e762c,,Spouse,Mr. Shields502
4113255f-4e35-506a-ddef-4429caa17ffc,e2c52e6c-09ce-189e-03b7-94344b22f8b8,2022-12-20T20:49:47Z,2023-12-26T20:49:47Z,26aab0cd-6aba-3e1b-ac5b-05c8867e762c,,Self,Rasheeda241 Mirian768 Shields502
4113255f-4e35-506a-ddef-4429caa17ffc,ba77aac4-e331-5f87-60fd-019d0060ad71,2023-12-26T20:49:47Z,2024-12-20T20:49:47Z,26aab0cd-6aba-3e1b-ac5b-05c8867e762c,,Spouse,Mr. Shields502
a0b63e97-b6fd-5fe1-8f2d-2bec915efa97,a73d456e-7385-42b9-7de6-d5b3fbf4dd42,2013-10-23T20:09:54Z,2014-10-22T20:09:54Z,df166300-5a78-3502-a46a-832842197811,,Self,Bao544 Luetta803 Walter473
a0b63e97-b6fd-5fe1-8f2d-2bec915efa97,a39f6ee8-836f-473a-3a93-596f0dc48cdf,2014-10-22T20:09:54Z,2015-10-21T20:09:54Z,df166300-5a78-3502-a46a-832842197811,,Self,Bao544 Luetta803 Walter473
a0b63e97-b6fd-5fe1-8f2d-2bec915efa97,4c497542-198a-3688-f1a6-1bb506c5bf84,2015-10-21T20:09:54Z,2016-10-19T20:09:54Z,df166300-5a78-3502-a46a-832842197811,,Self,Bao544 Luetta803 Walter473
a0b63e97-b6fd-5fe1-8f2d-2bec915efa97,b4cd8656-cf65-54b4-a603-7514eef152ba,2016-10-19T20:09:54Z,2017-10-18T20:09:54Z,df166300-5a78-3502-a46a-832842197811,,Self,Bao544 Luetta803 Walter473
a0b63e97-b6fd-5fe1-8f2d-2bec915efa97,f65804f8-6e31-76df-1487-a704d6ae6247,2017-10-18T20:09:54Z,2018-10-24T20:09:54Z,df166300-5a78-3502-a46a-832842197811,,Self,Bao544 Luetta803 Walter473
a0b63e97-b6fd-5fe1-8f2d-2bec915efa97,57dc2a11-7160-49f7-cdea-1acde4d61331,2018-10-24T20:09:54Z,2019-10-23T20:09:54Z,df166300-5a78-3502-a46a-832842197811,,Self,Bao544 Luetta803 Walter473
a0b63e97-b6fd-5fe1-8f2d-2bec915efa97,638bf9f6-4fbf-7633-27fc-07f0fe35e02d,2019-10-23T20:09:54Z,2020-10-21T20:09:54Z,df166300-5a78-3502-a46a-832842197811,,Self,Bao544 Luetta803 Walter473
a0b63e97-b6fd-5fe1-8f2d-2bec915efa97,a5ea3497-7c29-81b7-b978-63810863e5c7,2020-10-21T20:09:54Z,2021-10-20T20:09:54Z,df166300-5a78-3502-a46a-832842197811,,Self,Bao544 Luetta803 Walter473
a0b63e97-b6fd-5fe1-8f2d-2bec915efa97,b9267486-c3b6-01e3-ef3d-65d7701eedb9,2021-10-20T20:09:54Z,2022-10-19T20:09:54Z,df166300-5a78-3502-a46a-832842197811,,Self,Bao544 Luetta803 Walter473
a0b63e97-b6fd-5fe1-8f2d-2bec915efa97,844b5444-ce2f-9257-67e2-9863da67db10,2022-10-19T20:09:54Z,2023-10-18T20:09:54Z,df166300-5a78-3502-a46a-832842197811,,Self,Bao544 Luetta803 Walter473
a0b63e97-b6fd-5fe1-8f2d-2bec915efa97,981c672a-19cc-d34a-d8b2-bfd16cb141d9,2023-10-18T20:09:54Z,2024-10-23T20:09:54Z,df166300-5a78-3502-a46a-832842197811,,Self,Bao544 Luetta803 Walter473
a0b63e97-b6fd-5fe1-8f2d-2bec915efa97,a85875f9-3b6a-2dad-1e4a-783e34b3b9fa,2024-10-23T20:09:54Z,2025-10-18T20:09:54Z,df166300-5a78-3502-a46a-832842197811,,Self,Bao544 Luetta803 Walter473
6872def5-772f-427c-3053-de6e1c71ce0a,8710e7f5-81c2-c181-c39f-34cf5e6aecfe,2013-11-27T03:15:51Z,2014-11-26T03:15:51Z,734afbd6-4794-363b-9bc0-6a3981533ed5,,Spouse,Mr. Schiller186
6872def5-772f-427c-3053-de6e1c71ce0a,b62ac85a-00a3-6f62-fbfb-2bcafc9c69fd,2014-11-26T03:15:51Z,2015-11-25T03:15:51Z,a735bf55-83e9-331a-899d-a82a60b9f60c,b046940f-1664-3047-bca7-dfa76be352a4,Self,Janetta325 Priscilla527 Schiller186
6872def5-772f-427c-3053-de6e1c71ce0a,06b882a8-bce6-cdab-d5f3-14a3722f3f2e,2015-11-25T03:15:51Z,2016-11-23T03:15:51Z,a735bf55-83e9-331a-899d-a82a60b9f60c,b046940f-1664-3047-bca7-dfa76be352a4,Spouse,Mr. Schiller186
6872def5-772f-427c-3053-de6e1c71ce0a,7d2ce0a0-fa81-6917-1bd4-67c9e5eaf2d0,2016-11-23T03:15:51Z,2017-11-29T03:15:51Z,a735bf55-83e9-331a-899d-a82a60b9f60c,,Spouse,Mr. Schiller186
6872def5-772f-427c-3053-de6e1c71ce0a,8972c530-4ecf-a946-6da7-b94d6daa4a5d,2017-11-29T03:15:51Z,2018-11-28T03:15:51Z,a735bf55-83e9-331a-899d-a82a60b9f60c,b046940f-1664-3047-bca7-dfa76be352a4,Self,Janetta325 Priscilla527 Schiller186
6872def5-772f-427c-3053-de6e1c71ce0a,6a2e7f21-9a46-3a7a-c229-29533865e8b0,2018-11-28T03:15:51Z,2019-11-27T03:15:51Z,a735bf55-83e9-331a-899d-a82a60b9f60c,b046940f-1664-3047-bca7-dfa76be352a4,Self,Janetta325 Priscilla527 Schiller186
6872def5-772f-427c-3053-de6e1c71ce0a,a5b2067b-8fb7-14b3-ebb4-e477d6ad378c,2019-11-27T03:15:51Z,2020-11-25T03:15:51Z,a735bf55-83e9-331a-899d-a82a60b9f60c,b046940f-1664-3047-bca7-dfa76be352a4,Spouse,Mr. Schiller186
6872def5-772f-427c-3053-de6e1c71ce0a,b79c82ea-d841-6676-f665-866bc560a527,2020-11-25T03:15:51Z,2021-11-24T03:15:51Z,a735bf55-83e9-331a-899d-a82a60b9f60c,b046940f-1664-3047-bca7-dfa76be352a4,Self,Janetta325 Priscilla527 Schiller186
6872def5-772f-427c-3053-de6e1c71ce0a,02721465-96f0-83fc-1ac5-a738b30a97be,2021-11-24T03:15:51Z,2022-11-23T03:15:51Z,a735bf55-83e9-331a-899d-a82a60b9f60c,,Spouse,Mr. Schiller186
6872def5-772f-427c-3053-de6e1c71ce0a,ecf0116c-c42e-fbb8-3f8c-5ce337966051,2022-11-23T03:15:51Z,2023-11-29T03:15:51Z,a735bf55-83e9-331a-899d-a82a60b9f60c,b046940f-1664-3047-bca7-dfa76be352a4,Spouse,Mr. Schiller186
6872def5-772f-427c-3053-de6e1c71ce0a,5379b80a-47ae-28d3-02fc-7cf573bbfc2a,2023-11-29T03:15:51Z,2024-11-23T03:15:51Z,a735bf55-83e9-331a-899d-a82a60b9f60c,b046940f-1664-3047-bca7-dfa76be352a4,Self,Janetta325 Priscilla527 Schiller186
