START,STOP,PATIENT,ENCOUNTER,SYSTEM,CODE,DESCRIPTION,BASE_COST,REASONCODE,REASONDESCRIPTION
2015-02-02T04:24:52Z,2015-02-02T05:01:23Z,6872def5-772f-427c-3053-de6e1c71ce0a,b2d320b8-8cbf-0b20-431f-581ad0139426,http://snomed.info/sct,25656009,Physical examination  complete (procedure),431.40,254837009,Malignant neoplasm of breast (disorder)
2015-02-02T05:01:23Z,2015-02-02T05:19:59Z,6872def5-772f-427c-3053-de6e1c71ce0a,df0f1cc4-dff2-651d-19b9-a090629bc5bf,http://snomed.info/sct,71651007,Mammography (procedure),89.93,254837009,Malignant neoplasm of breast (disorder)
2015-02-02T05:19:59Z,2015-02-02T05:42:06Z,6872def5-772f-427c-3053-de6e1c71ce0a,662ecc52-ab46-bc33-e4b1-27df94cff60b,http://snomed.info/sct,312681000,Bone density scan (procedure),16382.77,254837009,Malignant neoplasm of breast (disorder)
2015-05-19T05:42:06Z,2015-05-19T06:25:29Z,6872def5-772f-427c-3053-de6e1c71ce0a,9ea8d952-7131-497a-e21b-f55b15eda5c4,http://snomed.info/sct,25656009,Physical examination  complete (procedure),431.40,254837009,Malignant neoplasm of breast (disorder)
2015-09-18T06:25:29Z,2015-09-18T07:03:15Z,6872def5-772f-427c-3053-de6e1c71ce0a,218541fd-dd01-617b-68e9-188841add8c2,http://snomed.info/sct,25656009,Physical examination  complete (procedure),431.40,254837009,Malignant neoplasm of breast (disorder)
2016-01-07T07:03:15Z,2016-01-07T07:42:38Z,6872def5-772f-427c-3053-de6e1c71ce0a,c94f02da-0332-e7d8-d602-3a49c263aa27,http://snomed.info/sct,25656009,Physical examination  complete (procedure),431.40,254837009,Malignant neoplasm of breast (disorder)
2016-01-07T07:42:38Z,2016-01-07T08:05:31Z,6872def5-772f-427c-3053-de6e1c71ce0a,b3393dde-1a4c-dcb8-a40a-be136bc6299c,http://snomed.info/sct,71651007,Mammography (procedure),140.41,254837009,Malignant neoplasm of breast (disorder)
2016-01-07T08:05:31Z,2016-01-07T08:20:27Z,6872def5-772f-427c-3053-de6e1c71ce0a,04e0fd9b-b6d4-4ca9-2578-f53f865d8cc9,http://snomed.info/sct,312681000,Bone density scan (procedure),4095.69,254837009,Malignant neoplasm of breast (disorder)
2016-05-04T08:20:27Z,2016-05-04T09:00:51Z,6872def5-772f-427c-3053-de6e1c71ce0a,628bb7f7-5390-c4fc-4c9d-08648c4ff6a4,http://snomed.info/sct,25656009,Physical examination  complete (procedure),431.40,254837009,Malignant neoplasm of breast (disorder)
2016-09-06T09:00:51Z,2016-09-06T09:40:03Z,6872def5-772f-427c-3053-de6e1c71ce0a,d433013a-d9df-7eec-9704-ec77da3e7471,http://snomed.info/sct,25656009,Physical examination  complete (procedure),431.40,254837009,Malignant neoplasm of breast (disorder)
2016-12-30T09:40:03Z,2016-12-30T10:18:25Z,6872def5-772f-427c-3053-de6e1c71ce0a,bb4acee3-3c49-d05b-63ba-7a94340498a1,http://snomed.info/sct,25656009,Physical examination  complete (procedure),431.40,254837009,Malignant neoplasm of breast (disorder)
2016-12-30T10:18:25Z,2016-12-30T10:42:13Z,6872def5-772f-427c-3053-de6e1c71ce0a,b43c5ba4-14c1-8f9e-ab1a-70d279d84765,http://snomed.info/sct,71651007,Mammography (procedure),69.02,254837009,Malignant neoplasm of breast (disorder)
2016-12-30T10:42:13Z,2016-12-30T11:10:54Z,6872def5-772f-427c-3053-de6e1c71ce0a,0750b580-9333-e6f4-c234-aecc0e3bd7e2,http://snomed.info/sct,312681000,Bone density scan (procedure),4095.69,254837009,Malignant neoplasm of breast (disorder)
2017-04-08T11:10:54Z,2017-04-08T11:51:06Z,6872def5-772f-427c-3053-de6e1c71ce0a,7782530c-c54b-81d0-a692-5202aed37d37,http://snomed.info/sct,25656009,Physical examination  complete (procedure),431.40,254837009,Malignant neoplasm of breast (disorder)
2017-07-15T11:51:06Z,2017-07-15T12:34:14Z,6872def5-772f-427c-3053-de6e1c71ce0a,277250bf-312c-aa92-2915-e784647adf54,http://snomed.info/sct,25656009,Physical examination  complete (procedure),431.40,254837009,Malignant neoplasm of breast (disorder)
2017-10-30T12:34:14Z,2017-10-30T13:17:02Z,6872def5-772f-427c-3053-de6e1c71ce0a,dfe47cf4-a4cc-11df-eec4-235ad15535e2,http://snomed.info/sct,25656009,Physical examination  complete (procedure),431.40,254837009,Malignant neoplasm of breast (disorder)
2017-10-30T13:17:02Z,2017-10-30T13:39:05Z,6872def5-772f-427c-3053-de6e1c71ce0a,dab30453-4f2e-6975-8e5c-e917797c8d8f,http://snomed.info/sct,71651007,Mammography (procedure),69.02,254837009,Malignant neoplasm of breast (disorder)
2017-10-30T13:39:05Z,2017-10-30T14:01:21Z,6872def5-772f-427c-3053-de6e1c71ce0a,433bba02-689d-1ea3-2f67-01f549136fc0,http://snomed.info/sct,312681000,Bone density scan (procedure),6496.89,254837009,Malignant neoplasm of breast (disorder)
2018-02-25T14:01:21Z,2018-02-25T14:43:56Z,6872def5-772f-427c-3053-de6e1c71ce0a,6cc43c11-d042-b683-4675-754e86c00d58,http://snomed.info/sct,25656009,Physical examination  complete (procedure),431.40,254837009,Malignant neoplasm of breast (disorder)
2018-06-30T14:43:56Z,2018-06-30T15:20:09Z,6872def5-772f-427c-3053-de6e1c71ce0a,b256b759-f911-1098-ab69-e03d1234a08f,http://snomed.info/sct,25656009,Physical examination  complete (procedure),431.40,254837009,Malignant neoplasm of breast (disorder)
2018-10-31T15:20:09Z,2018-10-31T15:50:16Z,6872def5-772f-427c-3053-de6e1c71ce0a,deb78a48-66ff-8f23-ad4b-04ffad4ca92d,http://snomed.info/sct,25656009,Physical examination  complete (procedure),431.40,254837009,Malignant neoplasm of breast (disorder)
2018-10-31T15:50:16Z,2018-10-31T16:10:51Z,6872def5-772f-427c-3053-de6e1c71ce0a,94b53629-7f20-e466-ef98-fad7a24a662c,http://snomed.info/sct,71651007,Mammography (procedure),69.02,254837009,Malignant neoplasm of breast (disorder)
2018-10-31T16:10:51Z,2018-10-31T16:35:06Z,6872def5-772f-427c-3053-de6e1c71ce0a,60d4aa74-7ca8-e0f0-f892-ec4a7bdb8211,http://snomed.info/sct,312681000,Bone density scan (procedure),4437.28,254837009,Malignant neoplasm of breast (disorder)
2019-09-29T16:35:06Z,2019-09-29T17:10:59Z,6872def5-772f-427c-3053-de6e1c71ce0a,51f5603f-3e72-d0ac-15c5-d75462d4f6e3,http://snomed.info/sct,25656009,Physical examination  complete (procedure),431.40,254837009,Malignant neoplasm of breast (disorder)
2019-09-29T17:10:59Z,2019-09-29T17:32:21Z,6872def5-772f-427c-3053-de6e1c71ce0a,8c0963e0-280c-14f0-e118-6f1267508b15,http://snomed.info/sct,71651007,Mammography (procedure),69.02,254837009,Malignant neoplasm of breast (disorder)
2019-09-29T17:32:21Z,2019-09-29T17:59:04Z,6872def5-772f-427c-3053-de6e1c71ce0a,28a0cf36-8d60-92c1-ad1c-ed54d34adfef,http://snomed.info/sct,312681000,Bone density scan (procedure),12709.36,254837009,Malignant neoplasm of breast (disorder)
2020-10-15T17:59:04Z,2020-10-15T18:39:43Z,6872def5-772f-427c-3053-de6e1c71ce0a,d7c83229-cd69-7150-dd10-79c70b6f2816,http://snomed.info/sct,25656009,Physical examination  complete (procedure),431.40,254837009,Malignant neoplasm of breast (disorder)
2020-10-15T18:39:43Z,2020-10-15T18:58:33Z,6872def5-772f-427c-3053-de6e1c71ce0a,2429b2f5-95d7-db52-ae1a-c195fc5d8d2f,http://snomed.info/sct,71651007,Mammography (procedure),69.02,254837009,Malignant neoplasm of breast (disorder)
2020-10-15T18:58:33Z,2020-10-15T19:27:57Z,6872def5-772f-427c-3053-de6e1c71ce0a,52eeab97-f7ff-e603-b0a4-4f97a0750b71,http://snomed.info/sct,312681000,Bone density scan (procedure),5118.08,254837009,Malignant neoplasm of breast (disorder)
2021-10-18T19:27:57Z,2021-10-18T20:06:25Z,6872def5-772f-427c-3053-de6e1c71ce0a,c98bb069-b58c-318a-a065-6a364e318407,http://snomed.info/sct,25656009,Physical examination  complete (procedure),431.40,254837009,Malignant neoplasm of breast (disorder)
2021-10-18T20:06:25Z,2021-10-18T20:31:12Z,6872def5-772f-427c-3053-de6e1c71ce0a,39bf4f02-404b-8e6c-f56d-bf98abbd52df,http://snomed.info/sct,71651007,Mammography (procedure),131.27,254837009,Malignant neoplasm of breast (disorder)
2021-10-18T20:31:12Z,2021-10-18T20:48:10Z,6872def5-772f-427c-3053-de6e1c71ce0a,124b2824-e425-f4fa-4b8b-e10e594f261b,http://snomed.info/sct,312681000,Bone density scan (procedure),4095.69,254837009,Malignant neoplasm of breast (disorder)
2022-11-02T20:48:10Z,2022-11-02T21:31:28Z,6872def5-772f-427c-3053-de6e1c71ce0a,5ab334fc-f2e9-7f68-0ed2-8d55151d0971,http://snomed.info/sct,25656009,Physical examination  complete (procedure),431.40,254837009,Malignant neoplasm of breast (disorder)
2022-11-02T21:31:28Z,2022-11-02T21:48:28Z,6872def5-772f-427c-3053-de6e1c71ce0a,c714f8fe-f212-86dd-edda-c11c82b1915c,http://snomed.info/sct,71651007,Mammography (procedure),69.02,254837009,Malignant neoplasm of breast (disorder)
2022-11-02T21:48:28Z,2022-11-02T22:18:23Z,6872def5-772f-427c-3053-de6e1c71ce0a,ec560df8-b455-5285-f474-323d80609e29,http://snomed.info/sct,312681000,Bone density scan (procedure),4095.69,254837009,Malignant neoplasm of breast (disorder)
2023-11-05T22:18:23Z,2023-11-05T23:03:00Z,6872def5-772f-427c-3053-de6e1c71ce0a,cddd2a40-8071-46a1-a71b-148a94da4ccf,http://snomed.info/sct,25656009,Physical examination  complete (procedure),431.40,254837009,Malignant neoplasm of breast (disorder)
2023-11-05T23:03:00Z,2023-11-05T23:20:11Z,6872def5-772f-427c-3053-de6e1c71ce0a,99ea6828-497c-0cd2-cd18-74f18f3a98ca,http://snomed.info/sct,71651007,Mammography (procedure),69.02,254837009,Malignant neoplasm of breast (disorder)
2023-11-05T23:20:11Z,2023-11-05T23:43:19Z,6872def5-772f-427c-3053-de6e1c71ce0a,988d079f-77d4-5ecf-7aaf-e674fd89357f,http://snomed.info/sct,312681000,Bone density scan (procedure),16382.77,254837009,Malignant neoplasm of breast (disorder)
