Id,ORGANIZATION,NAME,GENDER,SPECIALITY,ADDRESS,CITY,STATE,ZIP,LAT,LON,ENCOUNTERS,PROCEDURES
196d6d77-d882-3b53-ba9c-160e1e4fab56,93c3d861-e05d-33b9-91eb-1768470229d7,Phoebe31 Thiel172,F,GENERAL PRACTICE,10 CENTENNIAL DR,PEABODY,MA,019607938,42.5261827,-70.9529896,33,0
cd6a4fcf-e08f-3173-95a5-8f6b4309f101,0fedae9f-701f-3317-9b2f-69aea2202cdc,Sharron285 Batz141,F,GENERAL PRACTICE,88 EAST NEWTON STREET,WINTHROP,MA,021522715,42.3750976,-70.982827,2,0
88e0433b-fd12-308d-b120-3929556b61b0,0d24cc89-3256-330c-b36d-d8de8babef84,Delicia67 Bernhard322,F,GENERAL PRACTICE,1030 FALMOUTH RD,SOUTH YARMOUTH,MA,026641218,41.6667779,-70.1847414,41,0
99b6afe8-aac5-3710-8403-f49a074e88a5,5117bb89-3a9f-3740-a0f1-c3a1a8d7851e,Cecily421 Predovic534,F,GENERAL PRACTICE,20 ELM ST,PITTSFIELD,MA,012016502,42.4458896,-73.2448206979669,46,0
9815bf9f-47e0-376b-b36e-77a60983f15f,c0719377-d40a-3e9c-9f7c-af47c93b3f40,Taisha184 Sawayn19,F,GENERAL PRACTICE,80 SUMMER ST STE 1,BOSTON,MA,021101218,42.35403315,-71.05809515865283,53,0
675ec020-7c25-3a73-b064-b45c10c3ee6b,a2d45ee8-b930-3169-b612-f602961ad212,Valentine262 Leannon79,M,GENERAL PRACTICE,37 MINUTEMAN WAY,SHREWSBURY,MA,015452229,42.288207,-71.73443816915585,27,0
48f778ee-d92c-3158-b80d-d7795f87beb7,79d49935-bcc0-36ca-920b-45365c367438,Jamel269 Hudson301,M,GENERAL PRACTICE,409 W BROADWAY,SOUTH BOSTON,MA,021272245,42.336831,-71.047958,52,0
83eb8a32-dd70-3ddc-80a9-de779c60b7c1,497f39dd-280e-3d58-af5b-c5e3a3a09b10,Arden380 Bergstrom287,M,GENERAL PRACTICE,27 PARK ST,HYANNIS,MA,026015230,41.65363635,-70.27352219234834,2,0
637a1065-6dd2-3881-8ba4-91f2867bbef5,0d1570ab-371c-3898-9397-95905d8c5166,Jose871 Dicki44,M,GENERAL PRACTICE,750 WASHINGTON ST,BOSTON,MA,021111552,42.3499038,-71.0631836,1,0
dc81d245-d09e-33ae-97ee-68d174f8e727,9fdce5d5-d4d0-3156-a8d5-8757bfe4e9b3,Rosario163 Kilback373,M,GENERAL PRACTICE,1 FARMER CIR,ARLINGTON,MA,024742866,42.42405225,-71.16792616556859,58,0
8284b45d-0147-316f-9d15-1beeb1261329,aad05540-c9cb-3805-b3c4-f9b9d9b42b2e,Arla414 Fritsch593,F,GENERAL PRACTICE,821 E MAIN ST STE 3,CHICOPEE,MA,010206306,42.155774795300516,-72.55672263289513,34,0
40158140-bc53-31d8-bd9b-ce90e731c8fb,1cec4304-9757-3a10-ad4f-7e2090c56131,Eugene421 Rohan584,F,GENERAL PRACTICE,55 LAKE AVE N,WORCESTER,MA,016550002,42.2774799,-71.76166994969458,2,0
55220f0a-05b3-3955-a045-b775f2284549,84d5768f-3a21-3da9-aad2-bbf7a3ae2700,Hank686 Schneider199,M,GENERAL PRACTICE,817 MERRIMACK ST,LOWELL,MA,018543548,42.650296999999995,-71.32263756223612,30,0
9eafac5f-6b02-3691-8434-025577f5dffa,4f5e8f16-a31b-3071-8556-d7188ede313d,Kala987 Wolf938,F,GENERAL PRACTICE,575 BEECH ST,HOLYOKE,MA,010402223,42.20105435,-72.628169560868,2,0
a074fdd8-22db-3849-8662-0b14a206f61f,217cb6f6-e822-3831-9d9d-ffa104971042,Cira533 Jakubowski832,F,GENERAL PRACTICE,2 REHABILITATION WAY,WOBURN,MA,018016003,42.46352265,-71.161925472006,80,0
57c916b4-9931-37c3-bb81-2b69a8199793,91808f17-7583-32a3-aa55-23b131b327c7,Jospeh459 Wunsch504,M,GENERAL PRACTICE,200 CORDWAINER DR,NORWELL,MA,020611671,42.16352995,-70.8846291501739,45,0
35efe44c-13ac-3228-b34e-99965e45a0dd,6aae7a31-90df-3455-ad8d-81f8cf2d21e8,Damaris45 Funk324,F,GENERAL PRACTICE,680 CENTRE ST,BROCKTON,MA,023023308,42.0872752,-70.9910738855076,2,0
