{
  "runID": "75c7c936-40c0-4eb4-82f4-b7d4334edb6c",
  "seed": 12345,
  "clinicianSeed": 1729992324016,
  "referenceTime": "20241027",
  "endTime": "20241027",
  "version": "master-branch-latest\n",
  "patientCount": 12,
  "providerCount": 1327,
  "payerCount": 9,
  "javaVersion": "11.0.1",
  "generate.thread_pool_size": -1,
  "generatorThreads": 10,
  "runStartTime": "2024-10-27T01:25:24Z",
  "runTimeInSeconds": 28,
  "exporter.years_of_history": "10",
  "gender": "F",
  "age": "18-75",
  "state": "Massachusetts",
  "modules": "*"
}
