START,STOP,PATIENT,ENCOUNTER,CODE,SYSTEM,DESCRIPTION,TYPE,CATEGORY,REACTION1,DESCRIPTION1,SEVERITY1,REACTION2,DESCRIPTION2,SEVERITY2
1968-10-19,,8329e200-0243-7346-7e4f-ad40d05b93dd,1adebcff-92d1-8970-2ea3-2f6de2063049,419199007,SNOMED-CT,Allergy to substance (finding),allergy,environment,,,,,,
1968-10-19,,8329e200-0243-7346-7e4f-ad40d05b93dd,1adebcff-92d1-8970-2ea3-2f6de2063049,288328004,SNOMED-CT,Bee venom (substance),allergy,environment,,,,,,
1968-10-19,,8329e200-0243-7346-7e4f-ad40d05b93dd,1adebcff-92d1-8970-2ea3-2f6de2063049,84489001,SNOMED-CT,Mold (organism),allergy,environment,,,,,,
1968-10-19,,8329e200-0243-7346-7e4f-ad40d05b93dd,1adebcff-92d1-8970-2ea3-2f6de2063049,260147004,SNOMED-CT,House dust mite (organism),allergy,environment,,,,,,
1968-10-19,,8329e200-0243-7346-7e4f-ad40d05b93dd,1adebcff-92d1-8970-2ea3-2f6de2063049,264287008,SNOMED-CT,Animal dander (substance),allergy,environment,878820003,Rhinoconjunctivitis (disorder),MODERATE,,,
1968-10-19,,8329e200-0243-7346-7e4f-ad40d05b93dd,1adebcff-92d1-8970-2ea3-2f6de2063049,256277009,SNOMED-CT,Grass pollen (substance),allergy,environment,,,,,,
1968-10-19,,8329e200-0243-7346-7e4f-ad40d05b93dd,1adebcff-92d1-8970-2ea3-2f6de2063049,782576004,SNOMED-CT,Tree pollen (substance),allergy,environment,,,,,,
1968-10-19,,8329e200-0243-7346-7e4f-ad40d05b93dd,1adebcff-92d1-8970-2ea3-2f6de2063049,3718001,SNOMED-CT,Cow's milk (substance),allergy,food,62315008,Diarrhea (finding),MILD,,,
1968-10-19,,8329e200-0243-7346-7e4f-ad40d05b93dd,1adebcff-92d1-8970-2ea3-2f6de2063049,412071004,SNOMED-CT,Wheat (substance),allergy,food,62315008,Diarrhea (finding),MODERATE,271807003,Eruption of skin (disorder),MODERATE
