Id,START,STOP,PATIENT,ENCOUNTER,CODE,DESCRIPTION,REASONCODE,REASONDESCRIPTION
9b46f0d0-ad2e-77d2-bc2d-dc3fc9309df6,2011-09-14,,92675303-ca5b-136a-169b-e764c5753f06,e830f92b-0c76-6d49-fc55-fc88ba60ec9e,735985000,Diabetes self management plan (record artifact),714628002,Prediabetes (finding)
4cae6c3c-92db-b74e-9506-21f77c34879e,1991-10-28,,59844213-b884-17cb-59e9-c07a73a06f41,5a81d50b-e15c-349d-6144-7d8ce3a23846,443402002,Lifestyle education regarding hypertension (procedure),59621000,Essential hypertension (disorder)
31c38b1e-bf51-5b67-f8a0-995231c98a9a,1978-01-24,,6872def5-772f-427c-3053-de6e1c71ce0a,2423cf2e-ac49-8e19-b7c5-d276cfcc697f,735985000,Diabetes self management plan (record artifact),714628002,Prediabetes (finding)
70dbc5b5-2238-479c-b78a-051482178403,2008-10-27,2017-10-02,59844213-b884-17cb-59e9-c07a73a06f41,2a978b0e-c3d9-713c-a6db-416320652206,134435003,Routine antenatal care (regime/therapy),,
348bf388-55af-d4e2-ed35-6d4a4d8735db,1997-05-12,,28d7b56c-6056-d0a2-2991-39d6e917216c,5a6e0d85-a63b-cc4e-3690-3640292a1515,443402002,Lifestyle education regarding hypertension (procedure),59621000,Essential hypertension (disorder)
01c22e35-72c6-b342-f005-382581630fd3,1991-10-08,,a0b63e97-b6fd-5fe1-8f2d-2bec915efa97,880c7ed7-c103-9c30-c914-e1065a58fc38,734163000,Care plan (record artifact),,
42f4221d-8cf4-cab4-236c-d3391e8be38a,1991-07-16,,6872def5-772f-427c-3053-de6e1c71ce0a,f7f3afb7-74d7-a368-8be4-749a215aed16,134435003,Routine antenatal care (regime/therapy),,
1aadea56-f7fd-c0a9-7a16-dbb844d9b201,2013-03-22,,4113255f-4e35-506a-ddef-4429caa17ffc,fa09d5c5-3b95-78bc-f490-6668030a27c4,408869004,Musculoskeletal care (regime/therapy),239873007,Osteoarthritis of knee (disorder)
2197b065-2426-5207-9e06-fbdbcdc0c995,2014-01-07,,4113255f-4e35-506a-ddef-4429caa17ffc,93e02c9c-2a30-27da-0bdf-7165b29d08de,735985000,Diabetes self management plan (record artifact),714628002,Prediabetes (finding)
10865df3-3f76-bc91-c68f-31fd0d97d1fb,2014-12-27,2015-01-20,6872def5-772f-427c-3053-de6e1c71ce0a,bf5aeab1-852e-48f6-8c40-8e455787f59b,225358003,Wound care (regime/therapy),283385000,Laceration of thigh (disorder)
7bdca75f-9a26-4943-bb5d-f24d80462fca,2005-11-23,,a0b63e97-b6fd-5fe1-8f2d-2bec915efa97,bf24336a-9e70-b5ca-f69d-7b93b1fa9182,736285004,Hyperlipidemia clinical management plan (record artifact),55822004,Hyperlipidemia (disorder)
7d290a48-af8f-8858-1bbc-822a23165492,2013-10-30,,a0b63e97-b6fd-5fe1-8f2d-2bec915efa97,7cb1df21-002d-6ebb-d369-0fae780e5b05,443402002,Lifestyle education regarding hypertension (procedure),59621000,Essential hypertension (disorder)
13828ba1-5db8-4c1b-7ee0-2f12f9f25379,2015-12-29,2016-02-19,239ae86a-96db-6211-9042-d3f2850aabb8,7ae57244-dd1e-ecf1-b6f1-aebc40f8e941,47387005,Head injury rehabilitation (regime/therapy),110030002,Concussion injury of brain (disorder)
88cbd638-35db-c440-910b-58d66657efab,2014-08-18,,a0b63e97-b6fd-5fe1-8f2d-2bec915efa97,9c3f1419-615a-868d-86c9-e815017bcf8c,408869004,Musculoskeletal care (regime/therapy),239872002,Osteoarthritis of hip (disorder)
2f8d89aa-b9ce-6ae5-f0a9-b72a0727a25b,2016-04-08,2016-11-18,6c434506-fb4b-3e3f-c19d-553dec3b6c17,b003bdeb-0cc7-8293-f6b4-469cd66db62b,134435003,Routine antenatal care (regime/therapy),,
0b317314-f37c-cec0-fd34-964b4cebc9db,2018-07-04,2019-02-06,92675303-ca5b-136a-169b-e764c5753f06,533f5d17-a830-03fc-5b4d-4db7f781b2b2,134435003,Routine antenatal care (regime/therapy),,
95f1e888-4255-4648-6151-d35273bb6a87,2015-06-03,2015-06-14,a0b63e97-b6fd-5fe1-8f2d-2bec915efa97,758c7080-232a-b74c-0786-9b662dea1cb4,53950000,Respiratory therapy (procedure),,
cba7d646-e92e-aa12-1611-e08c5c03d689,2019-12-08,2019-12-23,abc59f62-dc5a-5095-1141-80b4ee8be73b,128dd173-27a3-3d43-4745-adb15b0170b1,225358003,Wound care (regime/therapy),284551006,Laceration of foot (disorder)
b84d1e7a-46d3-65f3-29ea-fff2b994d94b,2016-06-20,2017-04-24,28d7b56c-6056-d0a2-2991-39d6e917216c,c1240dd8-c2b2-0d62-e511-eea0fd8fbc52,134435003,Routine antenatal care (regime/therapy),,
451522bb-f4f6-1fb8-b2b6-f4251b36ee12,2017-05-08,2019-02-22,6c434506-fb4b-3e3f-c19d-553dec3b6c17,0f9244c1-f28b-ce85-9599-300b95e567d9,53950000,Respiratory therapy (procedure),,
19b0c03f-4f3a-f0d4-9b3d-dfc4921909ce,2015-03-19,2016-03-14,59844213-b884-17cb-59e9-c07a73a06f41,52dc15a0-5cb9-8773-bf66-5cd977778238,53950000,Respiratory therapy (procedure),,
a5537e0a-5350-541f-df2f-5c137e92b14e,2019-12-04,2020-09-23,92675303-ca5b-136a-169b-e764c5753f06,67656c57-a168-12cd-00f3-cae1c9b5b5e5,53950000,Respiratory therapy (procedure),,
a460172e-6345-d0ff-e5e0-6e471f681cdf,2017-01-23,2017-03-04,a0b63e97-b6fd-5fe1-8f2d-2bec915efa97,11901741-9d76-bf0b-32f9-00745e696a2c,773513001,Physiotherapy care plan (record artifact),70704007,Sprain of wrist (disorder)
d0a8f537-3755-64a7-ad3f-eeee97b0a6e4,2016-04-12,2017-01-24,6872def5-772f-427c-3053-de6e1c71ce0a,ef28947e-6e2c-2a25-2ce7-0b6ca86cb4e7,53950000,Respiratory therapy (procedure),,
0ab917d0-d795-3d91-1df5-75e237982176,2020-05-27,2024-01-17,92675303-ca5b-136a-169b-e764c5753f06,9fc52ccb-b36e-7089-871c-780ad9130a41,134435003,Routine antenatal care (regime/therapy),,
abc6ec8f-55d6-978a-82c1-8cf0ac6c948d,2017-10-20,2018-05-18,6c434506-fb4b-3e3f-c19d-553dec3b6c17,c4290372-f4b4-8e99-3e74-c8d332441991,134435003,Routine antenatal care (regime/therapy),,
974bfbdc-f4c6-7311-490c-7209aafdc796,2019-02-13,2019-09-25,239ae86a-96db-6211-9042-d3f2850aabb8,b4aa5061-b9e7-da7c-109b-25740feda9da,134435003,Routine antenatal care (regime/therapy),,
8588d0db-c233-22a8-56b8-ce9984991075,2021-02-16,,4113255f-4e35-506a-ddef-4429caa17ffc,bd7384cc-bfd8-212f-fd49-5ce09496b373,443402002,Lifestyle education regarding hypertension (procedure),59621000,Essential hypertension (disorder)
e706fbc6-e20f-9a43-6275-293dd26f3c9b,2020-09-18,2021-04-30,6c434506-fb4b-3e3f-c19d-553dec3b6c17,539268a5-0454-edea-bf63-9ebfa540696d,134435003,Routine antenatal care (regime/therapy),,
1e37e6b9-1de1-9a1d-797f-8e57b3f5e51c,2022-05-03,2022-08-27,abc59f62-dc5a-5095-1141-80b4ee8be73b,54710b8c-00fe-c1c8-8ed0-1afd2b19207b,53950000,Respiratory therapy (procedure),,
cd5d515f-7e7e-66a8-cd58-722964dbcea7,2017-03-27,2017-08-14,28d7b56c-6056-d0a2-2991-39d6e917216c,3892ad63-c0ad-c53c-d621-a7ae899cd303,53950000,Respiratory therapy (procedure),,
9a1bcd24-6cff-71fa-d55d-9474063edbed,2022-10-12,,239ae86a-96db-6211-9042-d3f2850aabb8,772d4b2d-6922-0a5c-13e9-c7e60b6af917,134435003,Routine antenatal care (regime/therapy),,
689a694b-ae63-c652-c335-f00c4f3f548f,2022-11-25,2023-06-30,6c434506-fb4b-3e3f-c19d-553dec3b6c17,889be37e-b514-dfeb-8b39-dab3b0a53988,134435003,Routine antenatal care (regime/therapy),,
ec1808bc-a4bd-6dcb-2385-129395648651,2023-09-03,2023-09-20,6c434506-fb4b-3e3f-c19d-553dec3b6c17,a415d9f2-d166-6ab3-be06-1087f68b03e6,737471002,Minor surgery care management (procedure),,
cadadc5b-3307-ef3e-6e97-63b84fb57de2,2018-07-02,2019-02-11,28d7b56c-6056-d0a2-2991-39d6e917216c,d5a19ae1-8df6-6cb9-a4fa-4f5e046a0042,134435003,Routine antenatal care (regime/therapy),,
cbe0183a-5cf5-0afc-572b-0adb606f3318,2018-09-02,2018-09-11,59844213-b884-17cb-59e9-c07a73a06f41,4f46075c-198f-f7ae-7118-912a2571c78e,53950000,Respiratory therapy (procedure),,
fbd3f18a-1c7d-5099-5b87-55ce4971a891,2019-10-08,2019-11-22,28d7b56c-6056-d0a2-2991-39d6e917216c,46436951-1a97-de10-532a-a897786e8187,408869004,Musculoskeletal care (regime/therapy),,
047a7ebf-e4f0-f797-a9f5-58eee2ef3c45,2021-08-25,2021-09-29,28d7b56c-6056-d0a2-2991-39d6e917216c,3cf5202d-c2ba-abbb-f9cc-f52c3c96d453,773513001,Physiotherapy care plan (record artifact),44465007,Sprain of ankle (disorder)
06f3774a-291a-d641-7f1d-2356e6eed2ef,1996-04-09,,9df4460a-2f66-2d07-de9e-0afaf84bb157,49e5d184-4244-dea8-5569-8761fc44248d,443402002,Lifestyle education regarding hypertension (procedure),59621000,Essential hypertension (disorder)
06e2401c-06b4-db19-1adb-7f2f02fb041c,2007-10-16,,9df4460a-2f66-2d07-de9e-0afaf84bb157,c867873b-404e-c115-9989-aa09d42461e4,735985000,Diabetes self management plan (record artifact),714628002,Prediabetes (finding)
3cfecdbb-f0b1-f9c1-c979-f30729cff137,2014-02-07,,9df4460a-2f66-2d07-de9e-0afaf84bb157,3513e5c1-db02-d910-ced7-67fd8dfb9b46,736690008,Dialysis care plan (record artifact),,
6b57f3aa-7d9c-57fc-457d-b6cb510fe1f1,2019-04-04,2019-04-21,9df4460a-2f66-2d07-de9e-0afaf84bb157,078d7ac8-ff33-c36d-7b9f-d0135eab7454,225358003,Wound care (regime/therapy),283385000,Laceration of thigh (disorder)
1c17b4bf-3012-d29a-0551-7e1fdaf4ba11,2019-04-30,,9df4460a-2f66-2d07-de9e-0afaf84bb157,92de77b3-e036-5e5f-7b57-ff181b68c8b6,734163000,Care plan (record artifact),,
53bd2773-408d-df31-d56d-aca2ea7c790e,1996-06-04,,f3ef1a41-6be8-f8d8-8294-5004488d713a,930bdf47-a33a-fdda-16ce-0b8efc0cf09c,443402002,Lifestyle education regarding hypertension (procedure),59621000,Essential hypertension (disorder)
9f1b22a9-e9a1-8037-52b6-7107ad9d400d,2012-09-04,,f3ef1a41-6be8-f8d8-8294-5004488d713a,a73a6ccb-02b3-56c7-d113-c2ee83d13bf2,735985000,Diabetes self management plan (record artifact),714628002,Prediabetes (finding)
e56bcb01-c875-ecd7-454f-3f6dc3d16124,2017-01-25,2017-05-18,f3ef1a41-6be8-f8d8-8294-5004488d713a,b5bb86e0-5883-7c66-67dc-ac51245e98a9,408869004,Musculoskeletal care (regime/therapy),,
32bf3d10-f019-3b6e-7241-4fd6c8e38d99,2018-03-27,2018-10-30,f3ef1a41-6be8-f8d8-8294-5004488d713a,64dac420-93fb-1500-dfb0-7fa2632958a3,134435003,Routine antenatal care (regime/therapy),,
187b7d9e-9933-c6ce-ccf2-34491b1f1108,2019-04-26,2019-07-14,f3ef1a41-6be8-f8d8-8294-5004488d713a,80d509fc-d695-47df-3a08-76feb6115ad1,408869004,Musculoskeletal care (regime/therapy),,
7ba9b2bc-849a-d84d-ed58-20bab90d42e2,2022-07-17,,f3ef1a41-6be8-f8d8-8294-5004488d713a,d65eec02-eee9-09ab-05e1-049c1153057b,735984001,Heart failure self management plan (record artifact),88805009,Chronic congestive heart failure (disorder)
f7c523c4-65e0-c356-30f1-f71178c3ca4b,2024-01-21,2024-01-22,f3ef1a41-6be8-f8d8-8294-5004488d713a,11b8ecc7-3426-91e8-2e47-a499cb47943f,736353004,Inpatient care plan (record artifact),88805009,Chronic congestive heart failure (disorder)
c323192c-ebee-7086-d18c-9dda58cea42c,1968-10-01,,8329e200-0243-7346-7e4f-ad40d05b93dd,16ce8474-cf31-54cf-2f25-8b103472288b,384758001,Self-care interventions (procedure),,
c36a95a3-f2a0-cfab-87df-64dae4806728,2015-08-07,2016-04-19,8329e200-0243-7346-7e4f-ad40d05b93dd,94620ae8-c2ca-2a9c-9f33-adcb7cf0eb6d,53950000,Respiratory therapy (procedure),,
06f0387d-3dda-fc9d-b9d8-05a5a9e98182,2017-10-13,2018-03-27,8329e200-0243-7346-7e4f-ad40d05b93dd,19b2115b-9bb3-9c5a-eb60-6d42389e6b18,53950000,Respiratory therapy (procedure),,
fb01b1e9-d278-fec3-0058-14d719ef410f,2018-10-09,2019-04-02,8329e200-0243-7346-7e4f-ad40d05b93dd,0163e828-f785-9dc1-cf98-ffc7518f5829,53950000,Respiratory therapy (procedure),,
2c6e7435-b145-31bc-9869-380bfa670bbb,2023-01-20,2023-02-07,8329e200-0243-7346-7e4f-ad40d05b93dd,306bae50-e8fb-f772-0bce-a2fb1b251171,225358003,Wound care (regime/therapy),370247008,Facial laceration (disorder)
