START,STOP,PATIENT,ENCOUNTER,SYSTEM,CODE,DESCRIPTION
1958-11-24,,6872def5-772f-427c-3053-de6e1c71ce0a,e3b2b291-8ea6-a163-91c6-628627309e2f,http://snomed.info/sct,40055000,Chronic sinusitis (disorder)
2006-02-03,,6c434506-fb4b-3e3f-c19d-553dec3b6c17,19b4d8ff-71fd-e78a-f9f8-0b3b520dfff5,http://snomed.info/sct,473461003,Educated to high school level (finding)
2006-02-03,2022-02-25,6c434506-fb4b-3e3f-c19d-553dec3b6c17,19b4d8ff-71fd-e78a-f9f8-0b3b520dfff5,http://snomed.info/sct,160903007,Full-time employment (finding)
1985-10-07,,59844213-b884-17cb-59e9-c07a73a06f41,a81d97e1-6f43-5ae6-bbb2-36602935bc51,http://snomed.info/sct,160968000,Risk activity involvement (finding)
2012-09-22,2022-05-14,abc59f62-dc5a-5095-1141-80b4ee8be73b,f0b72867-7578-895e-c127-c1cc73c78ec0,http://snomed.info/sct,314529007,Medication review due (situation)
2004-09-01,,92675303-ca5b-136a-169b-e764c5753f06,35884114-b174-4f80-b01a-36b2fb24a1ca,http://snomed.info/sct,224299000,Received higher education (finding)
2004-09-01,,92675303-ca5b-136a-169b-e764c5753f06,35884114-b174-4f80-b01a-36b2fb24a1ca,http://snomed.info/sct,73595000,Stress (finding)
1989-12-04,,28d7b56c-6056-d0a2-2991-39d6e917216c,e857cfb1-2f16-b260-9ad4-39e555d997a5,http://snomed.info/sct,160968000,Risk activity involvement (finding)
1979-12-12,,a0b63e97-b6fd-5fe1-8f2d-2bec915efa97,aac01007-cfa7-5b22-138c-35bd3bae73cb,http://snomed.info/sct,224299000,Received higher education (finding)
1979-12-12,,a0b63e97-b6fd-5fe1-8f2d-2bec915efa97,aac01007-cfa7-5b22-138c-35bd3bae73cb,http://snomed.info/sct,266934004,Transport problem (finding)
2012-04-18,2015-05-06,239ae86a-96db-6211-9042-d3f2850aabb8,e70ad36b-c643-e7b7-a438-6be4b0a6225e,http://snomed.info/sct,314529007,Medication review due (situation)
1977-09-14,,4113255f-4e35-506a-ddef-4429caa17ffc,d7f36829-f181-4afe-171f-692c5cbbd760,http://snomed.info/sct,197927001,Recurrent urinary tract infection (disorder)
1987-10-19,,59844213-b884-17cb-59e9-c07a73a06f41,df65a66e-be1a-7320-f51c-c8f4f276b0fc,http://snomed.info/sct,224299000,Received higher education (finding)
1968-02-02,,6872def5-772f-427c-3053-de6e1c71ce0a,a0dc760c-ae91-3fab-f94b-39771c003028,http://snomed.info/sct,127294003,Traumatic or nontraumatic brain injury (disorder)
2011-09-14,,92675303-ca5b-136a-169b-e764c5753f06,e830f92b-0c76-6d49-fc55-fc88ba60ec9e,http://snomed.info/sct,714628002,Prediabetes (finding)
2011-09-14,,92675303-ca5b-136a-169b-e764c5753f06,e830f92b-0c76-6d49-fc55-fc88ba60ec9e,http://snomed.info/sct,266948004,Has a criminal record (finding)
1991-10-28,,59844213-b884-17cb-59e9-c07a73a06f41,5a81d50b-e15c-349d-6144-7d8ce3a23846,http://snomed.info/sct,59621000,Essential hypertension (disorder)
2012-04-20,,239ae86a-96db-6211-9042-d3f2850aabb8,54a6f845-4d3c-ed3c-ce48-7774538af0d3,http://snomed.info/sct,196416002,Impacted molars (disorder)
1994-11-14,,59844213-b884-17cb-59e9-c07a73a06f41,c70c9c67-c0e6-a0db-4fde-b8282facb69c,http://snomed.info/sct,162864005,Body mass index 30+ - obesity (finding)
2013-02-08,,239ae86a-96db-6211-9042-d3f2850aabb8,2fbd7a3f-5ea3-7108-ab48-62b5e12590ce,http://snomed.info/sct,124171000119105,Chronic intractable migraine without aura (disorder)
2013-09-11,2019-11-27,92675303-ca5b-136a-169b-e764c5753f06,46dba63e-1e85-74f4-fb7f-0d4c670148ba,http://snomed.info/sct,160903007,Full-time employment (finding)
1974-01-16,,6872def5-772f-427c-3053-de6e1c71ce0a,b6eb3cdb-3ccb-9612-cae7-481547ef11da,http://snomed.info/sct,224295006,Only received primary school education (finding)
1990-12-10,,28d7b56c-6056-d0a2-2991-39d6e917216c,6920ff6e-c73b-882b-49f9-86b9904b6029,http://snomed.info/sct,473461003,Educated to high school level (finding)
1980-12-17,,a0b63e97-b6fd-5fe1-8f2d-2bec915efa97,c402c1f7-1224-95ce-c66b-b056b2513379,http://snomed.info/sct,713458007,Lack of access to transportation (finding)
2001-10-27,,59844213-b884-17cb-59e9-c07a73a06f41,795e0d49-1c4f-c0d4-9e5b-b86a59f2ce8b,http://snomed.info/sct,161744009,Past pregnancy history of miscarriage (situation)
1978-01-24,,6872def5-772f-427c-3053-de6e1c71ce0a,2423cf2e-ac49-8e19-b7c5-d276cfcc697f,http://snomed.info/sct,714628002,Prediabetes (finding)
1978-01-24,,6872def5-772f-427c-3053-de6e1c71ce0a,2423cf2e-ac49-8e19-b7c5-d276cfcc697f,http://snomed.info/sct,271737000,Anemia (disorder)
2014-09-17,2020-09-23,92675303-ca5b-136a-169b-e764c5753f06,5762016e-2e74-a931-40a8-825f58f5a1b6,http://snomed.info/sct,314529007,Medication review due (situation)
2013-07-11,,239ae86a-96db-6211-9042-d3f2850aabb8,5b5e3521-6907-043a-ae10-5dd7d46cc728,http://snomed.info/sct,82423001,Chronic pain (finding)
2015-08-13,2015-08-25,92675303-ca5b-136a-169b-e764c5753f06,42451a0a-00c6-da76-6005-2478bb7bc44d,http://snomed.info/sct,195662009,Acute viral pharyngitis (disorder)
1979-02-13,,4113255f-4e35-506a-ddef-4429caa17ffc,e0b23bcf-7805-d025-8475-c123b4c3cf71,http://snomed.info/sct,224299000,Received higher education (finding)
2016-10-12,2016-10-31,92675303-ca5b-136a-169b-e764c5753f06,1c920741-fa13-d2c2-8a9e-1237e6ee8bc7,http://snomed.info/sct,444814009,Viral sinusitis (disorder)
1990-06-15,,a0b63e97-b6fd-5fe1-8f2d-2bec915efa97,abe6c207-6a81-d15c-3b62-0f0d7dba387a,http://snomed.info/sct,6525002,Dependent drug abuse (disorder)
1998-03-10,,4113255f-4e35-506a-ddef-4429caa17ffc,267a21f2-d262-c9fc-e706-376e203ddb81,http://snomed.info/sct,162864005,Body mass index 30+ - obesity (finding)
1997-05-12,,28d7b56c-6056-d0a2-2991-39d6e917216c,5a6e0d85-a63b-cc4e-3690-3640292a1515,http://snomed.info/sct,59621000,Essential hypertension (disorder)
1988-06-20,,6872def5-772f-427c-3053-de6e1c71ce0a,3c7b3310-2ed6-069c-a25a-268469bd1c28,http://snomed.info/sct,161744009,Past pregnancy history of miscarriage (situation)
2010-02-08,2015-03-09,59844213-b884-17cb-59e9-c07a73a06f41,936bef87-4749-4438-1a02-0f33aff91079,http://snomed.info/sct,160903007,Full-time employment (finding)
2008-09-25,,4113255f-4e35-506a-ddef-4429caa17ffc,201b3e8a-db90-af11-f864-5a7fdb25ea97,http://snomed.info/sct,161744009,Past pregnancy history of miscarriage (situation)
2001-12-24,,28d7b56c-6056-d0a2-2991-39d6e917216c,f4ac8a6a-aa4d-5005-860f-0093e1e4df58,http://snomed.info/sct,162864005,Body mass index 30+ - obesity (finding)
2013-01-01,2019-02-05,4113255f-4e35-506a-ddef-4429caa17ffc,9040c9b3-44b0-87a6-17b4-e98be0e6ab63,http://snomed.info/sct,160903007,Full-time employment (finding)
2012-08-13,2017-01-02,28d7b56c-6056-d0a2-2991-39d6e917216c,938cb279-752b-7233-78a5-49e21569894b,http://snomed.info/sct,73595000,Stress (finding)
2014-08-25,2015-08-31,28d7b56c-6056-d0a2-2991-39d6e917216c,3878be84-1106-7259-4de0-58f8a8b30776,http://snomed.info/sct,160904001,Part-time employment (finding)
2013-03-22,,4113255f-4e35-506a-ddef-4429caa17ffc,fa09d5c5-3b95-78bc-f490-6668030a27c4,http://snomed.info/sct,239873007,Osteoarthritis of knee (disorder)
2016-02-19,2016-02-19,6c434506-fb4b-3e3f-c19d-553dec3b6c17,9c94738b-4a8c-9e2c-8e73-cdc638d164fd,http://snomed.info/sct,314529007,Medication review due (situation)
2016-02-19,2019-02-22,6c434506-fb4b-3e3f-c19d-553dec3b6c17,9c94738b-4a8c-9e2c-8e73-cdc638d164fd,http://snomed.info/sct,73595000,Stress (finding)
2012-02-20,2015-03-09,59844213-b884-17cb-59e9-c07a73a06f41,92871cae-18c9-b6b3-6fe9-ffcb93664f8c,http://snomed.info/sct,73595000,Stress (finding)
1991-10-21,,6872def5-772f-427c-3053-de6e1c71ce0a,8d320b25-037f-356d-8d76-7a25067774c8,http://snomed.info/sct,267020005,History of tubal ligation (situation)
2013-02-25,2016-03-14,59844213-b884-17cb-59e9-c07a73a06f41,05c853d1-82a1-c3cb-fbd8-9f2c2e28c022,http://snomed.info/sct,314529007,Medication review due (situation)
2014-01-07,2022-05-31,4113255f-4e35-506a-ddef-4429caa17ffc,93e02c9c-2a30-27da-0bdf-7165b29d08de,http://snomed.info/sct,314529007,Medication review due (situation)
2014-01-07,,4113255f-4e35-506a-ddef-4429caa17ffc,93e02c9c-2a30-27da-0bdf-7165b29d08de,http://snomed.info/sct,714628002,Prediabetes (finding)
1996-01-03,,a0b63e97-b6fd-5fe1-8f2d-2bec915efa97,b7698088-91a3-c52f-6faa-414fc9253e7b,http://snomed.info/sct,162864005,Body mass index 30+ - obesity (finding)
2014-05-27,2016-01-19,4113255f-4e35-506a-ddef-4429caa17ffc,7a703208-a845-2445-3a5c-f46550c5c749,http://snomed.info/sct,73595000,Stress (finding)
2014-12-04,2014-12-12,239ae86a-96db-6211-9042-d3f2850aabb8,8ef9c0d7-48d0-4f19-e959-7be0631f0e9c,http://snomed.info/sct,195662009,Acute viral pharyngitis (disorder)
1997-02-10,,a0b63e97-b6fd-5fe1-8f2d-2bec915efa97,91c428d7-cbaa-1f42-4190-ee2d5fb9387c,http://snomed.info/sct,267020005,History of tubal ligation (situation)
2015-08-31,2015-08-31,28d7b56c-6056-d0a2-2991-39d6e917216c,3513f7dd-aa64-1f56-de1a-287df1793977,http://snomed.info/sct,314529007,Medication review due (situation)
2015-08-31,2017-02-13,28d7b56c-6056-d0a2-2991-39d6e917216c,3513f7dd-aa64-1f56-de1a-287df1793977,http://snomed.info/sct,160903007,Full-time employment (finding)
2015-08-31,2017-01-02,28d7b56c-6056-d0a2-2991-39d6e917216c,3513f7dd-aa64-1f56-de1a-287df1793977,http://snomed.info/sct,80583007,Severe anxiety (panic) (finding)
2013-09-14,,59844213-b884-17cb-59e9-c07a73a06f41,c3d435a2-ff10-6375-ee89-30bd25f00c58,http://snomed.info/sct,254837009,Malignant neoplasm of breast (disorder)
2010-12-21,2016-01-19,6872def5-772f-427c-3053-de6e1c71ce0a,0d8bb09b-db52-3d77-5af5-bf2ed36bbcef,http://snomed.info/sct,73595000,Stress (finding)
2011-12-27,2015-01-13,6872def5-772f-427c-3053-de6e1c71ce0a,24c7bf5d-9bd1-e872-bef8-33b7ad34f690,http://snomed.info/sct,160903007,Full-time employment (finding)
2013-01-01,2016-01-19,6872def5-772f-427c-3053-de6e1c71ce0a,da0a9141-8a9b-c41f-3bcb-2a1542fc6ff6,http://snomed.info/sct,706893006,Victim of intimate partner abuse (finding)
2005-11-02,,a0b63e97-b6fd-5fe1-8f2d-2bec915efa97,fe8466b4-2c01-c896-905f-ddaa09837cc2,http://snomed.info/sct,55822004,Hyperlipidemia (disorder)
2014-12-27,2015-01-20,6872def5-772f-427c-3053-de6e1c71ce0a,bf5aeab1-852e-48f6-8c40-8e455787f59b,http://snomed.info/sct,312608009,Laceration - injury (disorder)
2014-12-27,2015-01-20,6872def5-772f-427c-3053-de6e1c71ce0a,bf5aeab1-852e-48f6-8c40-8e455787f59b,http://snomed.info/sct,283385000,Laceration of thigh (disorder)
2016-07-30,2016-07-31,abc59f62-dc5a-5095-1141-80b4ee8be73b,41f9a510-7b45-8c3d-d242-97f7b5930300,http://snomed.info/sct,18718003,Gingival disease (disorder)
2016-07-31,2016-07-31,abc59f62-dc5a-5095-1141-80b4ee8be73b,41f9a510-7b45-8c3d-d242-97f7b5930300,http://snomed.info/sct,278588009,Fractured dental filling (finding)
2012-10-24,2015-06-10,a0b63e97-b6fd-5fe1-8f2d-2bec915efa97,865b4a3f-9e0c-d815-58b6-d8b72cb2a7b0,http://snomed.info/sct,314529007,Medication review due (situation)
2012-11-14,,a0b63e97-b6fd-5fe1-8f2d-2bec915efa97,766b4d48-d5f2-a721-a9af-2f810bfe332d,http://snomed.info/sct,37320007,Loss of teeth (disorder)
2013-10-30,,a0b63e97-b6fd-5fe1-8f2d-2bec915efa97,7cb1df21-002d-6ebb-d369-0fae780e5b05,http://snomed.info/sct,59621000,Essential hypertension (disorder)
2015-12-29,2016-02-19,239ae86a-96db-6211-9042-d3f2850aabb8,7ae57244-dd1e-ecf1-b6f1-aebc40f8e941,http://snomed.info/sct,110030002,Concussion injury of brain (disorder)
2015-12-29,,239ae86a-96db-6211-9042-d3f2850aabb8,7ae57244-dd1e-ecf1-b6f1-aebc40f8e941,http://snomed.info/sct,127294003,Traumatic or nontraumatic brain injury (disorder)
2016-01-19,2017-01-24,4113255f-4e35-506a-ddef-4429caa17ffc,df0356db-e9fb-f473-67d7-5cf67359cea9,http://snomed.info/sct,706893006,Victim of intimate partner abuse (finding)
2015-01-13,2015-01-13,6872def5-772f-427c-3053-de6e1c71ce0a,a1b699f0-9802-2ee7-abe4-85e682aa884f,http://snomed.info/sct,314529007,Medication review due (situation)
2015-01-13,2016-01-19,6872def5-772f-427c-3053-de6e1c71ce0a,a1b699f0-9802-2ee7-abe4-85e682aa884f,http://snomed.info/sct,741062008,Not in labor force (finding)
2014-03-19,2014-11-05,a0b63e97-b6fd-5fe1-8f2d-2bec915efa97,d8dd184a-d926-ffac-8667-c9c3532081fa,http://snomed.info/sct,160903007,Full-time employment (finding)
2014-03-19,,a0b63e97-b6fd-5fe1-8f2d-2bec915efa97,d8dd184a-d926-ffac-8667-c9c3532081fa,http://snomed.info/sct,706893006,Victim of intimate partner abuse (finding)
2018-02-07,2018-03-06,92675303-ca5b-136a-169b-e764c5753f06,70d16353-78b8-b32e-c46d-6308ea40bc83,http://snomed.info/sct,72892002,Normal pregnancy (finding)
2014-08-18,,a0b63e97-b6fd-5fe1-8f2d-2bec915efa97,9c3f1419-615a-868d-86c9-e815017bcf8c,http://snomed.info/sct,239872002,Osteoarthritis of hip (disorder)
2014-11-05,2015-06-10,a0b63e97-b6fd-5fe1-8f2d-2bec915efa97,5dbd7060-5d93-6ebb-03bf-8be43a363d95,http://snomed.info/sct,741062008,Not in labor force (finding)
2014-11-05,2016-11-16,a0b63e97-b6fd-5fe1-8f2d-2bec915efa97,5dbd7060-5d93-6ebb-03bf-8be43a363d95,http://snomed.info/sct,73595000,Stress (finding)
2016-04-08,2016-11-18,6c434506-fb4b-3e3f-c19d-553dec3b6c17,b003bdeb-0cc7-8293-f6b4-469cd66db62b,http://snomed.info/sct,72892002,Normal pregnancy (finding)
2016-05-11,2016-05-11,239ae86a-96db-6211-9042-d3f2850aabb8,88334184-d0a7-3577-c607-ce96e9254d9f,http://snomed.info/sct,314529007,Medication review due (situation)
2016-05-11,,239ae86a-96db-6211-9042-d3f2850aabb8,88334184-d0a7-3577-c607-ce96e9254d9f,http://snomed.info/sct,105531004,Housing unsatisfactory (finding)
2016-05-11,,239ae86a-96db-6211-9042-d3f2850aabb8,88334184-d0a7-3577-c607-ce96e9254d9f,http://snomed.info/sct,224295006,Only received primary school education (finding)
2016-05-11,2017-05-17,239ae86a-96db-6211-9042-d3f2850aabb8,88334184-d0a7-3577-c607-ce96e9254d9f,http://snomed.info/sct,160903007,Full-time employment (finding)
2016-05-11,,239ae86a-96db-6211-9042-d3f2850aabb8,88334184-d0a7-3577-c607-ce96e9254d9f,http://snomed.info/sct,73595000,Stress (finding)
2018-07-04,2019-02-06,92675303-ca5b-136a-169b-e764c5753f06,533f5d17-a830-03fc-5b4d-4db7f781b2b2,http://snomed.info/sct,72892002,Normal pregnancy (finding)
2018-07-04,2019-02-06,92675303-ca5b-136a-169b-e764c5753f06,533f5d17-a830-03fc-5b4d-4db7f781b2b2,http://snomed.info/sct,271737000,Anemia (disorder)
2016-01-19,2016-01-19,6872def5-772f-427c-3053-de6e1c71ce0a,a75124f1-11e1-5afa-7bcc-dd215b2ca678,http://snomed.info/sct,314529007,Medication review due (situation)
2016-01-19,2017-01-24,6872def5-772f-427c-3053-de6e1c71ce0a,a75124f1-11e1-5afa-7bcc-dd215b2ca678,http://snomed.info/sct,160903007,Full-time employment (finding)
2016-01-19,2016-04-06,6872def5-772f-427c-3053-de6e1c71ce0a,a75124f1-11e1-5afa-7bcc-dd215b2ca678,http://snomed.info/sct,10939881000119105,Unhealthy alcohol drinking behavior (finding)
2018-08-04,2019-08-10,abc59f62-dc5a-5095-1141-80b4ee8be73b,74f50b0f-daaa-c8ce-379c-c7ac5e459611,http://snomed.info/sct,160968000,Risk activity involvement (finding)
2015-06-03,2015-06-14,a0b63e97-b6fd-5fe1-8f2d-2bec915efa97,758c7080-232a-b74c-0786-9b662dea1cb4,http://snomed.info/sct,10509002,Acute bronchitis (disorder)
2015-06-10,2015-11-11,a0b63e97-b6fd-5fe1-8f2d-2bec915efa97,b1094a9a-ff08-756a-7565-9183a4d7d7de,http://snomed.info/sct,160903007,Full-time employment (finding)
2016-05-25,2016-05-25,239ae86a-96db-6211-9042-d3f2850aabb8,f77df22a-4626-beb4-6f99-b9dacd060ff9,http://snomed.info/sct,278558000,Dental filling lost (finding)
2015-03-09,2016-03-14,59844213-b884-17cb-59e9-c07a73a06f41,9457af76-88ac-436b-7a73-688b1ba3a85d,http://snomed.info/sct,741062008,Not in labor force (finding)
2015-06-17,2017-08-09,a0b63e97-b6fd-5fe1-8f2d-2bec915efa97,fdf476a4-0a40-d1c7-2119-ba404dba7a34,http://snomed.info/sct,314529007,Medication review due (situation)
2015-11-11,2016-11-16,a0b63e97-b6fd-5fe1-8f2d-2bec915efa97,2d62fc84-438f-3e06-43fd-e8e5d393c38a,http://snomed.info/sct,160904001,Part-time employment (finding)
2017-05-17,2023-05-24,239ae86a-96db-6211-9042-d3f2850aabb8,f6f25ecd-e805-7cd9-96d2-8b68c853c5ee,http://snomed.info/sct,314529007,Medication review due (situation)
2017-05-17,2020-05-20,239ae86a-96db-6211-9042-d3f2850aabb8,f6f25ecd-e805-7cd9-96d2-8b68c853c5ee,http://snomed.info/sct,160904001,Part-time employment (finding)
2017-05-17,2020-05-20,239ae86a-96db-6211-9042-d3f2850aabb8,f6f25ecd-e805-7cd9-96d2-8b68c853c5ee,http://snomed.info/sct,423315002,Limited social contact (finding)
2018-01-30,2020-02-11,4113255f-4e35-506a-ddef-4429caa17ffc,f976e35f-ea6e-9d88-8fb1-95045ced565d,http://snomed.info/sct,423315002,Limited social contact (finding)
2019-08-24,2019-08-24,abc59f62-dc5a-5095-1141-80b4ee8be73b,a11b7901-ee05-7b32-7eda-b369c16cb26d,http://snomed.info/sct,109570002,Primary dental caries (disorder)
2019-12-08,2019-12-23,abc59f62-dc5a-5095-1141-80b4ee8be73b,128dd173-27a3-3d43-4745-adb15b0170b1,http://snomed.info/sct,312608009,Laceration - injury (disorder)
2019-12-08,2019-12-23,abc59f62-dc5a-5095-1141-80b4ee8be73b,128dd173-27a3-3d43-4745-adb15b0170b1,http://snomed.info/sct,284551006,Laceration of foot (disorder)
2017-10-25,,239ae86a-96db-6211-9042-d3f2850aabb8,076cc6b6-d6a6-538a-9fef-da996bb15338,http://snomed.info/sct,6525002,Dependent drug abuse (disorder)
2019-11-27,,92675303-ca5b-136a-169b-e764c5753f06,ea00b895-2b11-4068-8d8c-579394335ff9,http://snomed.info/sct,162864005,Body mass index 30+ - obesity (finding)
2019-11-27,2020-09-23,92675303-ca5b-136a-169b-e764c5753f06,ea00b895-2b11-4068-8d8c-579394335ff9,http://snomed.info/sct,160904001,Part-time employment (finding)
2019-11-27,2019-12-11,92675303-ca5b-136a-169b-e764c5753f06,ea00b895-2b11-4068-8d8c-579394335ff9,http://snomed.info/sct,66383009,Gingivitis (disorder)
2016-06-20,2017-04-24,28d7b56c-6056-d0a2-2991-39d6e917216c,c1240dd8-c2b2-0d62-e511-eea0fd8fbc52,http://snomed.info/sct,72892002,Normal pregnancy (finding)
2015-03-19,2015-03-27,59844213-b884-17cb-59e9-c07a73a06f41,52dc15a0-5cb9-8773-bf66-5cd977778238,http://snomed.info/sct,10509002,Acute bronchitis (disorder)
2017-05-08,2017-05-23,6c434506-fb4b-3e3f-c19d-553dec3b6c17,0f9244c1-f28b-ce85-9599-300b95e567d9,http://snomed.info/sct,10509002,Acute bronchitis (disorder)
2019-02-05,2020-02-11,4113255f-4e35-506a-ddef-4429caa17ffc,f998ca30-03c9-b325-347d-a462f6e2fdf3,http://snomed.info/sct,73438004,Unemployed (finding)
2019-02-05,2020-02-11,4113255f-4e35-506a-ddef-4429caa17ffc,f998ca30-03c9-b325-347d-a462f6e2fdf3,http://snomed.info/sct,706893006,Victim of intimate partner abuse (finding)
2016-11-16,2017-08-09,a0b63e97-b6fd-5fe1-8f2d-2bec915efa97,4495190c-8cfd-1c1f-8ba5-ff008206c30c,http://snomed.info/sct,160903007,Full-time employment (finding)
2019-12-04,2019-12-19,92675303-ca5b-136a-169b-e764c5753f06,67656c57-a168-12cd-00f3-cae1c9b5b5e5,http://snomed.info/sct,10509002,Acute bronchitis (disorder)
2016-09-05,2017-01-09,28d7b56c-6056-d0a2-2991-39d6e917216c,4e1b0bbd-6149-bca8-bc0b-144269637b71,http://snomed.info/sct,314529007,Medication review due (situation)
2016-09-05,,28d7b56c-6056-d0a2-2991-39d6e917216c,4e1b0bbd-6149-bca8-bc0b-144269637b71,http://snomed.info/sct,431855005,Chronic kidney disease stage 1 (disorder)
2016-09-05,,28d7b56c-6056-d0a2-2991-39d6e917216c,4e1b0bbd-6149-bca8-bc0b-144269637b71,http://snomed.info/sct,127013003,Disorder of kidney due to diabetes mellitus (disorder)
2016-09-05,2016-09-19,28d7b56c-6056-d0a2-2991-39d6e917216c,4e1b0bbd-6149-bca8-bc0b-144269637b71,http://snomed.info/sct,66383009,Gingivitis (disorder)
2018-05-23,2018-05-25,239ae86a-96db-6211-9042-d3f2850aabb8,1166498a-3249-9e5a-de44-2b99c3d9e47a,http://snomed.info/sct,307426000,Acute infective cystitis (disorder)
2017-01-23,2017-03-04,a0b63e97-b6fd-5fe1-8f2d-2bec915efa97,11901741-9d76-bf0b-32f9-00745e696a2c,http://snomed.info/sct,384709000,Sprain (morphologic abnormality)
2017-01-23,2017-03-04,a0b63e97-b6fd-5fe1-8f2d-2bec915efa97,11901741-9d76-bf0b-32f9-00745e696a2c,http://snomed.info/sct,70704007,Sprain of wrist (disorder)
2017-06-30,2017-07-21,6c434506-fb4b-3e3f-c19d-553dec3b6c17,b0522dd9-f22c-c803-3f4d-e144da42b35f,http://snomed.info/sct,72892002,Normal pregnancy (finding)
2016-04-05,2018-01-30,6872def5-772f-427c-3053-de6e1c71ce0a,e17791c4-eec3-1e80-84d9-eae9bb7594f5,http://snomed.info/sct,314529007,Medication review due (situation)
2016-04-05,,6872def5-772f-427c-3053-de6e1c71ce0a,e17791c4-eec3-1e80-84d9-eae9bb7594f5,http://snomed.info/sct,73595000,Stress (finding)
2016-09-19,2016-09-19,28d7b56c-6056-d0a2-2991-39d6e917216c,086c206b-6a53-7d7d-4524-e73ac4f7ab25,http://snomed.info/sct,109570002,Primary dental caries (disorder)
2020-02-11,,4113255f-4e35-506a-ddef-4429caa17ffc,c5c32b1f-20c2-9992-9578-f5a814c80625,http://snomed.info/sct,160903007,Full-time employment (finding)
2020-02-11,2022-02-22,4113255f-4e35-506a-ddef-4429caa17ffc,c5c32b1f-20c2-9992-9578-f5a814c80625,http://snomed.info/sct,73595000,Stress (finding)
2020-10-25,2020-11-17,abc59f62-dc5a-5095-1141-80b4ee8be73b,e34d2d21-8343-d770-8a52-470f04f67c14,http://snomed.info/sct,444814009,Viral sinusitis (disorder)
2016-04-12,2016-04-25,6872def5-772f-427c-3053-de6e1c71ce0a,ef28947e-6e2c-2a25-2ce7-0b6ca86cb4e7,http://snomed.info/sct,10509002,Acute bronchitis (disorder)
2015-12-01,2015-12-22,59844213-b884-17cb-59e9-c07a73a06f41,d3f722ac-e69c-447e-552a-1c14a7c761e1,http://snomed.info/sct,444814009,Viral sinusitis (disorder)
2017-08-02,2017-08-13,a0b63e97-b6fd-5fe1-8f2d-2bec915efa97,471852e7-a305-e3c4-45dc-d88c2d2449ef,http://snomed.info/sct,195662009,Acute viral pharyngitis (disorder)
2021-08-21,2021-09-04,abc59f62-dc5a-5095-1141-80b4ee8be73b,94e3b474-640b-d4e3-14d9-f355f120c07c,http://snomed.info/sct,66383009,Gingivitis (disorder)
2020-02-25,2020-02-25,4113255f-4e35-506a-ddef-4429caa17ffc,f5d35f96-833e-2445-2677-0dc80f0a5664,http://snomed.info/sct,278602001,Loose dental filling (finding)
2017-08-09,2017-11-22,a0b63e97-b6fd-5fe1-8f2d-2bec915efa97,580b0aaa-3546-cdb3-5ee7-4a3e720a6f9c,http://snomed.info/sct,160904001,Part-time employment (finding)
2017-08-09,2021-12-15,a0b63e97-b6fd-5fe1-8f2d-2bec915efa97,580b0aaa-3546-cdb3-5ee7-4a3e720a6f9c,http://snomed.info/sct,73595000,Stress (finding)
2017-08-09,2017-08-23,a0b63e97-b6fd-5fe1-8f2d-2bec915efa97,580b0aaa-3546-cdb3-5ee7-4a3e720a6f9c,http://snomed.info/sct,66383009,Gingivitis (disorder)
2020-05-27,2020-07-29,92675303-ca5b-136a-169b-e764c5753f06,9fc52ccb-b36e-7089-871c-780ad9130a41,http://snomed.info/sct,72892002,Normal pregnancy (finding)
2017-10-20,2018-05-18,6c434506-fb4b-3e3f-c19d-553dec3b6c17,c4290372-f4b4-8e99-3e74-c8d332441991,http://snomed.info/sct,72892002,Normal pregnancy (finding)
2021-02-16,,4113255f-4e35-506a-ddef-4429caa17ffc,bd7384cc-bfd8-212f-fd49-5ce09496b373,http://snomed.info/sct,59621000,Essential hypertension (disorder)
2021-02-16,,4113255f-4e35-506a-ddef-4429caa17ffc,bd7384cc-bfd8-212f-fd49-5ce09496b373,http://snomed.info/sct,64859006,Osteoporosis (disorder)
2021-02-16,2021-03-02,4113255f-4e35-506a-ddef-4429caa17ffc,bd7384cc-bfd8-212f-fd49-5ce09496b373,http://snomed.info/sct,66383009,Gingivitis (disorder)
2016-04-20,2016-04-20,6872def5-772f-427c-3053-de6e1c71ce0a,6cefbb98-7dc3-8b19-0590-faf6938030ca,http://snomed.info/sct,18718003,Gingival disease (disorder)
2021-10-15,2021-10-18,abc59f62-dc5a-5095-1141-80b4ee8be73b,450e763a-419d-5956-fe44-0ee1ab5ba515,http://snomed.info/sct,307426000,Acute infective cystitis (disorder)
2020-07-22,2020-07-29,92675303-ca5b-136a-169b-e764c5753f06,5a49352d-4c7f-5a68-5e50-7653cbcf8e96,http://snomed.info/sct,85116003,Miscarriage in second trimester (disorder)
2020-07-22,2020-07-29,92675303-ca5b-136a-169b-e764c5753f06,5a49352d-4c7f-5a68-5e50-7653cbcf8e96,http://snomed.info/sct,37849005,Congenital uterine anomaly (disorder)
2020-07-29,,92675303-ca5b-136a-169b-e764c5753f06,748aebbb-70b3-059f-64fb-cc22604b0481,http://snomed.info/sct,161744009,Past pregnancy history of miscarriage (situation)
2019-02-13,2019-09-25,239ae86a-96db-6211-9042-d3f2850aabb8,b4aa5061-b9e7-da7c-109b-25740feda9da,http://snomed.info/sct,72892002,Normal pregnancy (finding)
2019-02-13,2019-09-25,239ae86a-96db-6211-9042-d3f2850aabb8,b4aa5061-b9e7-da7c-109b-25740feda9da,http://snomed.info/sct,271737000,Anemia (disorder)
2017-01-16,2017-01-23,28d7b56c-6056-d0a2-2991-39d6e917216c,9109cdcb-3e37-47a1-eaf4-8b8083c29faf,http://snomed.info/sct,314529007,Medication review due (situation)
2017-01-16,2017-03-13,28d7b56c-6056-d0a2-2991-39d6e917216c,9109cdcb-3e37-47a1-eaf4-8b8083c29faf,http://snomed.info/sct,73595000,Stress (finding)
2017-08-16,2017-08-16,a0b63e97-b6fd-5fe1-8f2d-2bec915efa97,551a8b77-4902-09ce-a1e3-dcfa7dfc1594,http://snomed.info/sct,314529007,Medication review due (situation)
2020-09-23,2023-09-27,92675303-ca5b-136a-169b-e764c5753f06,4dd22172-e4f2-63d4-ccec-2a08b8bb3d5f,http://snomed.info/sct,73438004,Unemployed (finding)
2020-09-23,,92675303-ca5b-136a-169b-e764c5753f06,4dd22172-e4f2-63d4-ccec-2a08b8bb3d5f,http://snomed.info/sct,361055000,Misuses drugs (finding)
2016-03-14,2017-03-20,59844213-b884-17cb-59e9-c07a73a06f41,d46311bb-07df-e939-2bde-2d6c2ae08948,http://snomed.info/sct,160904001,Part-time employment (finding)
2016-03-14,2019-04-01,59844213-b884-17cb-59e9-c07a73a06f41,d46311bb-07df-e939-2bde-2d6c2ae08948,http://snomed.info/sct,73595000,Stress (finding)
2016-03-15,2018-03-26,59844213-b884-17cb-59e9-c07a73a06f41,d46311bb-07df-e939-2bde-2d6c2ae08948,http://snomed.info/sct,10939881000119105,Unhealthy alcohol drinking behavior (finding)
2020-12-14,2020-12-24,92675303-ca5b-136a-169b-e764c5753f06,8edcd06a-e93e-e4b0-627e-9633b1cd337a,http://snomed.info/sct,444814009,Viral sinusitis (disorder)
2017-01-24,2018-01-30,6872def5-772f-427c-3053-de6e1c71ce0a,27ca8212-cb28-d644-7e0a-ec62c81fe385,http://snomed.info/sct,160904001,Part-time employment (finding)
2017-01-24,2017-02-08,6872def5-772f-427c-3053-de6e1c71ce0a,27ca8212-cb28-d644-7e0a-ec62c81fe385,http://snomed.info/sct,66383009,Gingivitis (disorder)
2017-11-22,2020-11-04,a0b63e97-b6fd-5fe1-8f2d-2bec915efa97,d431cee2-bde8-e633-0f3d-bc24e25163d3,http://snomed.info/sct,314529007,Medication review due (situation)
2017-11-22,2019-12-04,a0b63e97-b6fd-5fe1-8f2d-2bec915efa97,d431cee2-bde8-e633-0f3d-bc24e25163d3,http://snomed.info/sct,160903007,Full-time employment (finding)
2017-11-22,2019-12-04,a0b63e97-b6fd-5fe1-8f2d-2bec915efa97,d431cee2-bde8-e633-0f3d-bc24e25163d3,http://snomed.info/sct,423315002,Limited social contact (finding)
2022-09-07,2022-09-22,92675303-ca5b-136a-169b-e764c5753f06,2892628a-5800-d426-d1b4-30b7007dbde4,http://snomed.info/sct,72892002,Normal pregnancy (finding)
2019-02-22,2019-02-22,6c434506-fb4b-3e3f-c19d-553dec3b6c17,3a54da93-a545-5e60-8e7a-2ea4025d1ff5,http://snomed.info/sct,314529007,Medication review due (situation)
2019-02-22,2019-03-08,6c434506-fb4b-3e3f-c19d-553dec3b6c17,3a54da93-a545-5e60-8e7a-2ea4025d1ff5,http://snomed.info/sct,66383009,Gingivitis (disorder)
2023-06-14,2024-01-17,92675303-ca5b-136a-169b-e764c5753f06,68241110-1c22-0ccd-11a0-348875f7d96c,http://snomed.info/sct,72892002,Normal pregnancy (finding)
2017-02-08,2017-02-08,6872def5-772f-427c-3053-de6e1c71ce0a,78646de7-8ee3-c770-369b-6bac1f89ecd0,http://snomed.info/sct,18718003,Gingival disease (disorder)
2018-01-19,2018-01-29,6872def5-772f-427c-3053-de6e1c71ce0a,b120ffa6-c8b6-8f41-5dcb-4de1c084c4d3,http://snomed.info/sct,195662009,Acute viral pharyngitis (disorder)
2019-03-08,2019-03-08,6c434506-fb4b-3e3f-c19d-553dec3b6c17,88aa05e4-e479-3f41-ac1e-513ffad9132a,http://snomed.info/sct,18718003,Gingival disease (disorder)
2017-01-30,2017-01-30,28d7b56c-6056-d0a2-2991-39d6e917216c,b542965a-7675-e1f4-1adc-32326ed77fdb,http://snomed.info/sct,314529007,Medication review due (situation)
2017-02-06,2017-02-13,28d7b56c-6056-d0a2-2991-39d6e917216c,4ac55313-1452-d050-e1ad-aa10b557a6e4,http://snomed.info/sct,314529007,Medication review due (situation)
2017-02-13,2017-03-13,28d7b56c-6056-d0a2-2991-39d6e917216c,fdec97d6-1d80-950a-0f27-18f665dcecf5,http://snomed.info/sct,160904001,Part-time employment (finding)
2017-02-13,2017-02-27,28d7b56c-6056-d0a2-2991-39d6e917216c,fdec97d6-1d80-950a-0f27-18f665dcecf5,http://snomed.info/sct,424393004,Reports of violence in the environment (finding)
2017-02-13,2017-04-03,28d7b56c-6056-d0a2-2991-39d6e917216c,fdec97d6-1d80-950a-0f27-18f665dcecf5,http://snomed.info/sct,66383009,Gingivitis (disorder)
2018-01-30,2020-02-11,6872def5-772f-427c-3053-de6e1c71ce0a,e3b743bf-e130-068b-1553-a35c2d6b8752,http://snomed.info/sct,160903007,Full-time employment (finding)
2018-01-30,2020-02-11,6872def5-772f-427c-3053-de6e1c71ce0a,e3b743bf-e130-068b-1553-a35c2d6b8752,http://snomed.info/sct,422650009,Social isolation (finding)
2018-01-31,2018-02-14,6872def5-772f-427c-3053-de6e1c71ce0a,e3b743bf-e130-068b-1553-a35c2d6b8752,http://snomed.info/sct,66383009,Gingivitis (disorder)
2017-12-06,2017-12-06,a0b63e97-b6fd-5fe1-8f2d-2bec915efa97,09306c04-bda3-ce00-b2e7-b3450dc4fff4,http://snomed.info/sct,278602001,Loose dental filling (finding)
2020-09-18,2021-04-30,6c434506-fb4b-3e3f-c19d-553dec3b6c17,539268a5-0454-edea-bf63-9ebfa540696d,http://snomed.info/sct,72892002,Normal pregnancy (finding)
2017-02-20,2017-02-27,28d7b56c-6056-d0a2-2991-39d6e917216c,047b77f7-d8b0-8948-bebe-341bc473e572,http://snomed.info/sct,314529007,Medication review due (situation)
2023-09-27,2023-09-27,92675303-ca5b-136a-169b-e764c5753f06,b291d176-3a35-cae1-2a0f-89c4eb0502f1,http://snomed.info/sct,314529007,Medication review due (situation)
2023-09-27,,92675303-ca5b-136a-169b-e764c5753f06,b291d176-3a35-cae1-2a0f-89c4eb0502f1,http://snomed.info/sct,160903007,Full-time employment (finding)
2023-09-27,,92675303-ca5b-136a-169b-e764c5753f06,b291d176-3a35-cae1-2a0f-89c4eb0502f1,http://snomed.info/sct,706893006,Victim of intimate partner abuse (finding)
2023-09-27,2023-10-11,92675303-ca5b-136a-169b-e764c5753f06,b291d176-3a35-cae1-2a0f-89c4eb0502f1,http://snomed.info/sct,66383009,Gingivitis (disorder)
2019-02-05,,6872def5-772f-427c-3053-de6e1c71ce0a,be0b5b22-48a1-6088-6971-078db18e5a37,http://snomed.info/sct,314529007,Medication review due (situation)
2022-03-18,2022-03-31,abc59f62-dc5a-5095-1141-80b4ee8be73b,cf68075f-9ba1-9365-b434-c61849b56ecf,http://snomed.info/sct,444814009,Viral sinusitis (disorder)
2022-05-03,2022-05-20,abc59f62-dc5a-5095-1141-80b4ee8be73b,54710b8c-00fe-c1c8-8ed0-1afd2b19207b,http://snomed.info/sct,10509002,Acute bronchitis (disorder)
2020-12-02,2022-02-25,6c434506-fb4b-3e3f-c19d-553dec3b6c17,83b63789-d05d-563f-ff7f-6017a0caceea,http://snomed.info/sct,32911000,Homeless (finding)
2020-05-20,,239ae86a-96db-6211-9042-d3f2850aabb8,cfa7c67c-ddb2-11f7-d980-4d0244ae031e,http://snomed.info/sct,160903007,Full-time employment (finding)
2022-02-22,,4113255f-4e35-506a-ddef-4429caa17ffc,978c842b-2971-c8d6-7b1f-534609f55430,http://snomed.info/sct,431855005,Chronic kidney disease stage 1 (disorder)
2022-02-22,,4113255f-4e35-506a-ddef-4429caa17ffc,978c842b-2971-c8d6-7b1f-534609f55430,http://snomed.info/sct,127013003,Disorder of kidney due to diabetes mellitus (disorder)
2017-03-06,2017-08-21,28d7b56c-6056-d0a2-2991-39d6e917216c,18312e7f-2be9-b9a3-9566-3d13c811c564,http://snomed.info/sct,314529007,Medication review due (situation)
2019-12-04,2020-12-09,a0b63e97-b6fd-5fe1-8f2d-2bec915efa97,19a6fc7f-2ff5-09cb-8d1d-e3c91f0d93d5,http://snomed.info/sct,741062008,Not in labor force (finding)
2020-02-11,2021-02-16,6872def5-772f-427c-3053-de6e1c71ce0a,b2404d8c-2123-c0c8-c80f-af1b7e14464d,http://snomed.info/sct,160904001,Part-time employment (finding)
2017-03-13,2018-05-14,28d7b56c-6056-d0a2-2991-39d6e917216c,be7de7fb-5759-5896-3070-718e42cbb871,http://snomed.info/sct,160903007,Full-time employment (finding)
2020-02-18,2020-03-09,6872def5-772f-427c-3053-de6e1c71ce0a,1ab4d38e-fb24-36ab-6b31-b58435477f09,http://snomed.info/sct,444814009,Viral sinusitis (disorder)
2022-08-27,2024-09-07,abc59f62-dc5a-5095-1141-80b4ee8be73b,a703f3ac-2a58-ef8a-c7c1-81fbcb658312,http://snomed.info/sct,314529007,Medication review due (situation)
2021-02-16,2023-02-28,6872def5-772f-427c-3053-de6e1c71ce0a,7140f08a-5c10-20b4-26b6-3c4a39f3365d,http://snomed.info/sct,160903007,Full-time employment (finding)
2021-04-23,2022-02-25,6c434506-fb4b-3e3f-c19d-553dec3b6c17,b84b9a50-1bc9-e6bf-c5f4-75815e6d1594,http://snomed.info/sct,314529007,Medication review due (situation)
2021-04-23,2022-02-25,6c434506-fb4b-3e3f-c19d-553dec3b6c17,b84b9a50-1bc9-e6bf-c5f4-75815e6d1594,http://snomed.info/sct,423315002,Limited social contact (finding)
2021-04-23,,6c434506-fb4b-3e3f-c19d-553dec3b6c17,b84b9a50-1bc9-e6bf-c5f4-75815e6d1594,http://snomed.info/sct,73595000,Stress (finding)
2021-04-23,2022-02-25,6c434506-fb4b-3e3f-c19d-553dec3b6c17,b84b9a50-1bc9-e6bf-c5f4-75815e6d1594,http://snomed.info/sct,424393004,Reports of violence in the environment (finding)
2017-02-27,2017-10-02,59844213-b884-17cb-59e9-c07a73a06f41,47a46829-4be1-5f47-43a5-1169ddaca263,http://snomed.info/sct,72892002,Normal pregnancy (finding)
2020-06-03,2020-06-03,239ae86a-96db-6211-9042-d3f2850aabb8,c9af764b-c4ad-3d94-f20b-ce1e02b40eea,http://snomed.info/sct,18718003,Gingival disease (disorder)
2020-06-03,2020-06-03,239ae86a-96db-6211-9042-d3f2850aabb8,c9af764b-c4ad-3d94-f20b-ce1e02b40eea,http://snomed.info/sct,109570002,Primary dental caries (disorder)
2024-08-10,2024-08-25,92675303-ca5b-136a-169b-e764c5753f06,6deb1edc-9f71-c0c3-2390-189dd89ebf9e,http://snomed.info/sct,75498004,Acute bacterial sinusitis (disorder)
2017-03-20,2019-04-01,59844213-b884-17cb-59e9-c07a73a06f41,5dd4c22a-0788-6c16-d0ea-da6cd62575b1,http://snomed.info/sct,314529007,Medication review due (situation)
2017-03-20,2019-04-01,59844213-b884-17cb-59e9-c07a73a06f41,5dd4c22a-0788-6c16-d0ea-da6cd62575b1,http://snomed.info/sct,160903007,Full-time employment (finding)
2020-03-09,2020-03-09,a0b63e97-b6fd-5fe1-8f2d-2bec915efa97,ea721011-3d93-b726-3987-72b2f1b5f58c,http://snomed.info/sct,55680006,Drug overdose
2020-10-28,2020-11-07,a0b63e97-b6fd-5fe1-8f2d-2bec915efa97,e724a99f-ce58-ecc6-2546-6a138fb051e6,http://snomed.info/sct,195662009,Acute viral pharyngitis (disorder)
2021-04-30,2021-05-16,6c434506-fb4b-3e3f-c19d-553dec3b6c17,b362fc4c-829b-dc58-cdb7-4f4313797678,http://snomed.info/sct,444814009,Viral sinusitis (disorder)
2023-09-16,2023-09-16,abc59f62-dc5a-5095-1141-80b4ee8be73b,e40b79b2-13ea-b3fa-0c81-5f26990f3b1f,http://snomed.info/sct,278558000,Dental filling lost (finding)
2017-03-27,2017-04-07,28d7b56c-6056-d0a2-2991-39d6e917216c,3892ad63-c0ad-c53c-d621-a7ae899cd303,http://snomed.info/sct,10509002,Acute bronchitis (disorder)
2017-08-14,2017-10-02,59844213-b884-17cb-59e9-c07a73a06f41,6db61e1f-a9ae-983f-6f69-da39786062a5,http://snomed.info/sct,398254007,Pre-eclampsia (disorder)
2020-11-11,2020-11-11,a0b63e97-b6fd-5fe1-8f2d-2bec915efa97,528164f0-1c33-1798-4d34-8794bcd6a7be,http://snomed.info/sct,314529007,Medication review due (situation)
2020-12-09,2022-12-21,a0b63e97-b6fd-5fe1-8f2d-2bec915efa97,359c5b1e-5dd1-57c9-6d64-336464f75c8b,http://snomed.info/sct,314529007,Medication review due (situation)
2020-12-09,2021-12-15,a0b63e97-b6fd-5fe1-8f2d-2bec915efa97,359c5b1e-5dd1-57c9-6d64-336464f75c8b,http://snomed.info/sct,160903007,Full-time employment (finding)
2020-12-09,2021-05-19,a0b63e97-b6fd-5fe1-8f2d-2bec915efa97,359c5b1e-5dd1-57c9-6d64-336464f75c8b,http://snomed.info/sct,423315002,Limited social contact (finding)
2022-02-25,,6c434506-fb4b-3e3f-c19d-553dec3b6c17,aae812c9-41dc-ddb2-8b24-69cec8cebde6,http://snomed.info/sct,160904001,Part-time employment (finding)
2022-02-25,,6c434506-fb4b-3e3f-c19d-553dec3b6c17,aae812c9-41dc-ddb2-8b24-69cec8cebde6,http://snomed.info/sct,706893006,Victim of intimate partner abuse (finding)
2024-09-07,,abc59f62-dc5a-5095-1141-80b4ee8be73b,8edcf06e-e1d3-f63f-b377-15a0000afbc1,http://snomed.info/sct,224299000,Received higher education (finding)
2024-09-07,,abc59f62-dc5a-5095-1141-80b4ee8be73b,8edcf06e-e1d3-f63f-b377-15a0000afbc1,http://snomed.info/sct,73438004,Unemployed (finding)
2024-09-07,,abc59f62-dc5a-5095-1141-80b4ee8be73b,8edcf06e-e1d3-f63f-b377-15a0000afbc1,http://snomed.info/sct,73595000,Stress (finding)
2022-10-12,2022-12-18,239ae86a-96db-6211-9042-d3f2850aabb8,772d4b2d-6922-0a5c-13e9-c7e60b6af917,http://snomed.info/sct,72892002,Normal pregnancy (finding)
2022-12-07,2022-12-18,239ae86a-96db-6211-9042-d3f2850aabb8,90efd18a-40ae-04ff-b8e1-f13387785aef,http://snomed.info/sct,85116003,Miscarriage in second trimester (disorder)
2022-12-07,2022-12-18,239ae86a-96db-6211-9042-d3f2850aabb8,90efd18a-40ae-04ff-b8e1-f13387785aef,http://snomed.info/sct,37849005,Congenital uterine anomaly (disorder)
2022-12-18,,239ae86a-96db-6211-9042-d3f2850aabb8,ef7d96a7-fe4b-1184-ef0e-98ab359768f4,http://snomed.info/sct,161744009,Past pregnancy history of miscarriage (situation)
2022-11-25,2023-06-30,6c434506-fb4b-3e3f-c19d-553dec3b6c17,889be37e-b514-dfeb-8b39-dab3b0a53988,http://snomed.info/sct,72892002,Normal pregnancy (finding)
2022-11-25,2023-06-30,6c434506-fb4b-3e3f-c19d-553dec3b6c17,889be37e-b514-dfeb-8b39-dab3b0a53988,http://snomed.info/sct,271737000,Anemia (disorder)
2017-08-28,2017-09-06,28d7b56c-6056-d0a2-2991-39d6e917216c,9159880f-04de-26d8-f7e5-42ae8bb52ff1,http://snomed.info/sct,444814009,Viral sinusitis (disorder)
2017-09-11,2018-05-14,28d7b56c-6056-d0a2-2991-39d6e917216c,429e7fcd-a8e3-fca5-f009-663059fa25f4,http://snomed.info/sct,314529007,Medication review due (situation)
2017-09-11,2017-12-11,28d7b56c-6056-d0a2-2991-39d6e917216c,429e7fcd-a8e3-fca5-f009-663059fa25f4,http://snomed.info/sct,423315002,Limited social contact (finding)
2017-09-11,2018-09-17,28d7b56c-6056-d0a2-2991-39d6e917216c,429e7fcd-a8e3-fca5-f009-663059fa25f4,http://snomed.info/sct,73595000,Stress (finding)
2021-05-26,2021-06-13,a0b63e97-b6fd-5fe1-8f2d-2bec915efa97,606468d4-bf35-3622-d1a9-f8d5aa0677e5,http://snomed.info/sct,444814009,Viral sinusitis (disorder)
2022-05-24,,4113255f-4e35-506a-ddef-4429caa17ffc,fac188f0-3d29-0236-10f2-831175977860,http://snomed.info/sct,237602007,Metabolic syndrome X (disorder)
2022-05-24,,4113255f-4e35-506a-ddef-4429caa17ffc,fac188f0-3d29-0236-10f2-831175977860,http://snomed.info/sct,73595000,Stress (finding)
2022-05-24,2022-06-14,4113255f-4e35-506a-ddef-4429caa17ffc,fac188f0-3d29-0236-10f2-831175977860,http://snomed.info/sct,66383009,Gingivitis (disorder)
2021-12-15,2022-12-21,a0b63e97-b6fd-5fe1-8f2d-2bec915efa97,5cd656b1-397a-dd29-9ec7-54a892f77137,http://snomed.info/sct,741062008,Not in labor force (finding)
2021-12-15,2022-12-21,a0b63e97-b6fd-5fe1-8f2d-2bec915efa97,5cd656b1-397a-dd29-9ec7-54a892f77137,http://snomed.info/sct,422650009,Social isolation (finding)
2022-10-13,2022-10-13,a0b63e97-b6fd-5fe1-8f2d-2bec915efa97,2fada5cd-fcbf-bd44-3ce8-9d6af532692e,http://snomed.info/sct,55680006,Drug overdose
2022-12-21,2023-12-27,a0b63e97-b6fd-5fe1-8f2d-2bec915efa97,65527771-3518-c041-9f63-9b9f4816b847,http://snomed.info/sct,160903007,Full-time employment (finding)
2023-08-25,2023-09-03,6c434506-fb4b-3e3f-c19d-553dec3b6c17,90b991c4-e54e-2e8c-51de-31ea534e9a11,http://snomed.info/sct,183996000,Sterilization requested (situation)
2023-12-27,2023-12-27,a0b63e97-b6fd-5fe1-8f2d-2bec915efa97,aa922dae-2db6-25d0-e657-6d0e9b5bde17,http://snomed.info/sct,314529007,Medication review due (situation)
2023-12-27,,a0b63e97-b6fd-5fe1-8f2d-2bec915efa97,aa922dae-2db6-25d0-e657-6d0e9b5bde17,http://snomed.info/sct,73438004,Unemployed (finding)
2023-09-03,,6c434506-fb4b-3e3f-c19d-553dec3b6c17,a415d9f2-d166-6ab3-be06-1087f68b03e6,http://snomed.info/sct,267020005,History of tubal ligation (situation)
2017-12-11,,28d7b56c-6056-d0a2-2991-39d6e917216c,e2079548-620e-881c-1335-491e67775957,http://snomed.info/sct,431856006,Chronic kidney disease stage 2 (disorder)
2017-12-11,,28d7b56c-6056-d0a2-2991-39d6e917216c,e2079548-620e-881c-1335-491e67775957,http://snomed.info/sct,90781000119102,Microalbuminuria due to type 2 diabetes mellitus (disorder)
2022-02-22,,6872def5-772f-427c-3053-de6e1c71ce0a,118c8dc7-9715-9308-c721-beaa31ee1756,http://snomed.info/sct,423315002,Limited social contact (finding)
2018-05-14,2018-09-17,28d7b56c-6056-d0a2-2991-39d6e917216c,fb5be1aa-0d4a-7a81-d1ce-efcf17c13fc7,http://snomed.info/sct,160904001,Part-time employment (finding)
2018-05-14,2018-09-17,28d7b56c-6056-d0a2-2991-39d6e917216c,fb5be1aa-0d4a-7a81-d1ce-efcf17c13fc7,http://snomed.info/sct,424393004,Reports of violence in the environment (finding)
2018-05-14,2018-09-17,28d7b56c-6056-d0a2-2991-39d6e917216c,fb5be1aa-0d4a-7a81-d1ce-efcf17c13fc7,http://snomed.info/sct,706893006,Victim of intimate partner abuse (finding)
2018-05-14,2018-05-28,28d7b56c-6056-d0a2-2991-39d6e917216c,fb5be1aa-0d4a-7a81-d1ce-efcf17c13fc7,http://snomed.info/sct,66383009,Gingivitis (disorder)
2022-03-05,2022-03-19,6872def5-772f-427c-3053-de6e1c71ce0a,510c66ee-1a48-9c11-a39a-69661eeaa0a1,http://snomed.info/sct,444814009,Viral sinusitis (disorder)
2023-02-28,2024-03-05,6872def5-772f-427c-3053-de6e1c71ce0a,ef5a6fc8-9464-c843-1f88-039934695e39,http://snomed.info/sct,160904001,Part-time employment (finding)
2024-03-05,,6872def5-772f-427c-3053-de6e1c71ce0a,1160f4ac-5c81-9a51-133f-a496fbf38976,http://snomed.info/sct,160903007,Full-time employment (finding)
2022-06-07,2022-06-07,4113255f-4e35-506a-ddef-4429caa17ffc,28a8b387-9729-57ce-5225-c1fa817cd485,http://snomed.info/sct,314529007,Medication review due (situation)
2018-09-02,2018-09-11,59844213-b884-17cb-59e9-c07a73a06f41,4f46075c-198f-f7ae-7118-912a2571c78e,http://snomed.info/sct,10509002,Acute bronchitis (disorder)
2018-07-02,2019-02-11,28d7b56c-6056-d0a2-2991-39d6e917216c,d5a19ae1-8df6-6cb9-a4fa-4f5e046a0042,http://snomed.info/sct,72892002,Normal pregnancy (finding)
2018-09-17,2018-09-17,28d7b56c-6056-d0a2-2991-39d6e917216c,84bbeba7-4096-a9f1-7953-79497687c68f,http://snomed.info/sct,314529007,Medication review due (situation)
2018-09-17,2019-09-23,28d7b56c-6056-d0a2-2991-39d6e917216c,84bbeba7-4096-a9f1-7953-79497687c68f,http://snomed.info/sct,741062008,Not in labor force (finding)
2018-09-17,2018-10-01,28d7b56c-6056-d0a2-2991-39d6e917216c,84bbeba7-4096-a9f1-7953-79497687c68f,http://snomed.info/sct,66383009,Gingivitis (disorder)
2018-09-10,2018-09-25,59844213-b884-17cb-59e9-c07a73a06f41,6993dd15-7acc-0403-3f59-01c7cf00b28d,http://snomed.info/sct,66383009,Gingivitis (disorder)
2022-06-21,2022-07-06,4113255f-4e35-506a-ddef-4429caa17ffc,da7bc3a3-48d2-b778-f454-8a293e8e6248,http://snomed.info/sct,444814009,Viral sinusitis (disorder)
2018-12-17,2019-02-11,28d7b56c-6056-d0a2-2991-39d6e917216c,98ff0f0a-6f29-430f-4e5d-37a3e995a5a9,http://snomed.info/sct,398254007,Pre-eclampsia (disorder)
2022-06-28,2022-06-28,4113255f-4e35-506a-ddef-4429caa17ffc,f589e6e1-48ba-5e91-db7f-1bded0a67477,http://snomed.info/sct,314529007,Medication review due (situation)
2018-09-25,2018-09-25,59844213-b884-17cb-59e9-c07a73a06f41,673814c8-8bf2-2149-2f4c-56837a862f9e,http://snomed.info/sct,18718003,Gingival disease (disorder)
2019-09-23,2019-09-23,28d7b56c-6056-d0a2-2991-39d6e917216c,327d03e5-a56c-d219-bdc3-5426e59193fb,http://snomed.info/sct,314529007,Medication review due (situation)
2019-09-23,2020-08-31,28d7b56c-6056-d0a2-2991-39d6e917216c,327d03e5-a56c-d219-bdc3-5426e59193fb,http://snomed.info/sct,160903007,Full-time employment (finding)
2019-09-23,2020-08-31,28d7b56c-6056-d0a2-2991-39d6e917216c,327d03e5-a56c-d219-bdc3-5426e59193fb,http://snomed.info/sct,422650009,Social isolation (finding)
2022-07-05,2023-02-28,4113255f-4e35-506a-ddef-4429caa17ffc,0d53cc80-ff07-0ec9-292d-e4a9c4fd8372,http://snomed.info/sct,314529007,Medication review due (situation)
2019-10-08,2019-11-22,28d7b56c-6056-d0a2-2991-39d6e917216c,46436951-1a97-de10-532a-a897786e8187,http://snomed.info/sct,90460009,Injury of neck (disorder)
2019-10-08,2019-11-22,28d7b56c-6056-d0a2-2991-39d6e917216c,46436951-1a97-de10-532a-a897786e8187,http://snomed.info/sct,39848009,Whiplash injury to neck (disorder)
2019-04-01,2020-04-06,59844213-b884-17cb-59e9-c07a73a06f41,35a843ea-1bed-9724-dcf9-fef014e83757,http://snomed.info/sct,741062008,Not in labor force (finding)
2020-08-31,2020-08-31,28d7b56c-6056-d0a2-2991-39d6e917216c,5d19d37c-63b9-b3d9-45d6-10ff24de1f63,http://snomed.info/sct,314529007,Medication review due (situation)
2020-08-31,2020-09-28,28d7b56c-6056-d0a2-2991-39d6e917216c,5d19d37c-63b9-b3d9-45d6-10ff24de1f63,http://snomed.info/sct,160904001,Part-time employment (finding)
2020-08-31,2020-09-28,28d7b56c-6056-d0a2-2991-39d6e917216c,5d19d37c-63b9-b3d9-45d6-10ff24de1f63,http://snomed.info/sct,73595000,Stress (finding)
2024-03-05,,4113255f-4e35-506a-ddef-4429caa17ffc,aa1343ab-eaf2-dcf1-bef5-8bcdea1b500f,http://snomed.info/sct,314529007,Medication review due (situation)
2024-03-05,,4113255f-4e35-506a-ddef-4429caa17ffc,aa1343ab-eaf2-dcf1-bef5-8bcdea1b500f,http://snomed.info/sct,414545008,Ischemic heart disease (disorder)
2020-04-06,2020-04-06,59844213-b884-17cb-59e9-c07a73a06f41,5678a70e-5318-bbcd-5365-b4d8ca872b03,http://snomed.info/sct,314529007,Medication review due (situation)
2020-04-06,2021-04-12,59844213-b884-17cb-59e9-c07a73a06f41,5678a70e-5318-bbcd-5365-b4d8ca872b03,http://snomed.info/sct,160904001,Part-time employment (finding)
2020-09-28,2020-11-02,28d7b56c-6056-d0a2-2991-39d6e917216c,553444c6-00a1-8efc-a8e9-7a8d2a8cb532,http://snomed.info/sct,314529007,Medication review due (situation)
2020-09-28,2021-10-04,28d7b56c-6056-d0a2-2991-39d6e917216c,553444c6-00a1-8efc-a8e9-7a8d2a8cb532,http://snomed.info/sct,160903007,Full-time employment (finding)
2020-11-02,2020-11-30,28d7b56c-6056-d0a2-2991-39d6e917216c,ee7c4bc7-5ec2-fbe3-fae0-366312d9eeda,http://snomed.info/sct,73595000,Stress (finding)
2024-03-14,,4113255f-4e35-506a-ddef-4429caa17ffc,21d5426f-d5e0-cd48-9f5e-f7eb5e725f28,http://snomed.info/sct,274531002,Abnormal findings diagnostic imaging heart+coronary circulat (finding)
2020-11-09,2020-11-09,28d7b56c-6056-d0a2-2991-39d6e917216c,8ee5cbab-c40e-9548-a016-8270d8b2fbbd,http://snomed.info/sct,314529007,Medication review due (situation)
2020-11-16,2021-02-07,28d7b56c-6056-d0a2-2991-39d6e917216c,88b7fdb6-f400-2450-9b78-5c0f51ca896d,http://snomed.info/sct,36971009,Sinusitis (disorder)
2020-11-30,2020-12-07,28d7b56c-6056-d0a2-2991-39d6e917216c,51feb6da-3298-c222-8a8b-398d685217e9,http://snomed.info/sct,314529007,Medication review due (situation)
2020-04-13,2022-04-18,59844213-b884-17cb-59e9-c07a73a06f41,682ed1ff-545e-883a-07c8-972f532c957b,http://snomed.info/sct,314529007,Medication review due (situation)
2020-04-20,2020-05-05,59844213-b884-17cb-59e9-c07a73a06f41,975ebddc-8245-9ba3-6cb8-9b7467537de0,http://snomed.info/sct,444814009,Viral sinusitis (disorder)
2020-07-14,2020-09-03,59844213-b884-17cb-59e9-c07a73a06f41,cc7f4970-dfe2-4442-78e3-8aa617d9cda3,http://snomed.info/sct,36971009,Sinusitis (disorder)
2020-08-27,,59844213-b884-17cb-59e9-c07a73a06f41,0f2289ab-de89-acb5-216e-569264e9c3f2,http://snomed.info/sct,40055000,Chronic sinusitis (disorder)
2021-04-12,2022-04-18,59844213-b884-17cb-59e9-c07a73a06f41,a5e701bf-fa3d-fac9-9b36-bb67b113c258,http://snomed.info/sct,160903007,Full-time employment (finding)
2021-04-12,2024-04-29,59844213-b884-17cb-59e9-c07a73a06f41,a5e701bf-fa3d-fac9-9b36-bb67b113c258,http://snomed.info/sct,73595000,Stress (finding)
2020-12-14,2021-01-04,28d7b56c-6056-d0a2-2991-39d6e917216c,63b6e9c6-5696-c7d7-2f65-b6f1e1ee20b9,http://snomed.info/sct,314529007,Medication review due (situation)
2020-12-14,2021-01-18,28d7b56c-6056-d0a2-2991-39d6e917216c,63b6e9c6-5696-c7d7-2f65-b6f1e1ee20b9,http://snomed.info/sct,66383009,Gingivitis (disorder)
2020-12-28,2021-10-04,28d7b56c-6056-d0a2-2991-39d6e917216c,65489040-ea8c-f7fa-7f38-bd23f4a35dde,http://snomed.info/sct,73595000,Stress (finding)
2024-03-20,,4113255f-4e35-506a-ddef-4429caa17ffc,a8e124d9-27f8-b158-37cd-620f946f04cc,http://snomed.info/sct,399261000,History of coronary artery bypass grafting (situation)
2021-01-11,2021-02-08,28d7b56c-6056-d0a2-2991-39d6e917216c,cba65efb-cc44-cb4f-2362-f5b4805e0607,http://snomed.info/sct,314529007,Medication review due (situation)
2022-04-18,2023-04-24,59844213-b884-17cb-59e9-c07a73a06f41,dad7c2c5-cce7-b41f-83c2-be6a4aebf556,http://snomed.info/sct,160904001,Part-time employment (finding)
2022-04-19,2022-05-03,59844213-b884-17cb-59e9-c07a73a06f41,dad7c2c5-cce7-b41f-83c2-be6a4aebf556,http://snomed.info/sct,66383009,Gingivitis (disorder)
2021-01-24,,28d7b56c-6056-d0a2-2991-39d6e917216c,d641b231-5e88-52fc-7f36-e5ae61e1d9f7,http://snomed.info/sct,40055000,Chronic sinusitis (disorder)
2021-08-25,2021-09-29,28d7b56c-6056-d0a2-2991-39d6e917216c,3cf5202d-c2ba-abbb-f9cc-f52c3c96d453,http://snomed.info/sct,384709000,Sprain (morphologic abnormality)
2021-08-25,2021-09-29,28d7b56c-6056-d0a2-2991-39d6e917216c,3cf5202d-c2ba-abbb-f9cc-f52c3c96d453,http://snomed.info/sct,44465007,Sprain of ankle (disorder)
2021-10-04,2021-10-04,28d7b56c-6056-d0a2-2991-39d6e917216c,a6c0583a-fcf8-e159-7013-37063df3cfca,http://snomed.info/sct,314529007,Medication review due (situation)
2021-10-04,2022-10-10,28d7b56c-6056-d0a2-2991-39d6e917216c,a6c0583a-fcf8-e159-7013-37063df3cfca,http://snomed.info/sct,160904001,Part-time employment (finding)
2023-04-24,2024-04-29,59844213-b884-17cb-59e9-c07a73a06f41,e1ef35a0-58c5-e3b4-56fa-1ad4bd63e093,http://snomed.info/sct,314529007,Medication review due (situation)
2023-04-24,2024-04-29,59844213-b884-17cb-59e9-c07a73a06f41,e1ef35a0-58c5-e3b4-56fa-1ad4bd63e093,http://snomed.info/sct,160903007,Full-time employment (finding)
2024-04-29,,59844213-b884-17cb-59e9-c07a73a06f41,40e08759-888b-255a-ee5d-12d320b8769d,http://snomed.info/sct,73438004,Unemployed (finding)
2021-10-18,2021-10-18,28d7b56c-6056-d0a2-2991-39d6e917216c,f6c06f71-c623-a5d5-183e-5db1ea49c83d,http://snomed.info/sct,109570002,Primary dental caries (disorder)
2022-10-10,2022-10-10,28d7b56c-6056-d0a2-2991-39d6e917216c,f11046b1-0edf-de09-5506-7d2974ce54da,http://snomed.info/sct,314529007,Medication review due (situation)
2022-10-10,2023-10-16,28d7b56c-6056-d0a2-2991-39d6e917216c,f11046b1-0edf-de09-5506-7d2974ce54da,http://snomed.info/sct,160903007,Full-time employment (finding)
2022-10-10,2023-10-16,28d7b56c-6056-d0a2-2991-39d6e917216c,f11046b1-0edf-de09-5506-7d2974ce54da,http://snomed.info/sct,73595000,Stress (finding)
2023-10-16,2023-10-16,28d7b56c-6056-d0a2-2991-39d6e917216c,10efd019-2a1b-7278-00d7-fdf061a8aa15,http://snomed.info/sct,314529007,Medication review due (situation)
2023-10-16,2024-03-11,28d7b56c-6056-d0a2-2991-39d6e917216c,10efd019-2a1b-7278-00d7-fdf061a8aa15,http://snomed.info/sct,73438004,Unemployed (finding)
2024-01-08,2024-01-08,28d7b56c-6056-d0a2-2991-39d6e917216c,24744cfd-3aa2-7716-4864-72e4959a945f,http://snomed.info/sct,314529007,Medication review due (situation)
2024-01-08,,28d7b56c-6056-d0a2-2991-39d6e917216c,24744cfd-3aa2-7716-4864-72e4959a945f,http://snomed.info/sct,433144002,Chronic kidney disease stage 3 (disorder)
2024-01-08,,28d7b56c-6056-d0a2-2991-39d6e917216c,24744cfd-3aa2-7716-4864-72e4959a945f,http://snomed.info/sct,157141000119108,Proteinuria due to type 2 diabetes mellitus (disorder)
2024-01-08,2024-03-11,28d7b56c-6056-d0a2-2991-39d6e917216c,24744cfd-3aa2-7716-4864-72e4959a945f,http://snomed.info/sct,73595000,Stress (finding)
2024-03-11,2024-10-21,28d7b56c-6056-d0a2-2991-39d6e917216c,ae166dce-462f-d7d7-84d4-af27bb3b0376,http://snomed.info/sct,314529007,Medication review due (situation)
2024-03-11,,28d7b56c-6056-d0a2-2991-39d6e917216c,ae166dce-462f-d7d7-84d4-af27bb3b0376,http://snomed.info/sct,160903007,Full-time employment (finding)
2024-05-13,,28d7b56c-6056-d0a2-2991-39d6e917216c,17485f6b-a7d3-3741-0c60-33637c6eddd0,http://snomed.info/sct,73595000,Stress (finding)
2024-05-13,2024-05-27,28d7b56c-6056-d0a2-2991-39d6e917216c,17485f6b-a7d3-3741-0c60-33637c6eddd0,http://snomed.info/sct,66383009,Gingivitis (disorder)
1986-05-20,,9df4460a-2f66-2d07-de9e-0afaf84bb157,2e865b56-8523-6c9a-6d43-13876f496068,http://snomed.info/sct,224299000,Received higher education (finding)
1996-04-09,,9df4460a-2f66-2d07-de9e-0afaf84bb157,49e5d184-4244-dea8-5569-8761fc44248d,http://snomed.info/sct,59621000,Essential hypertension (disorder)
1996-04-09,2019-04-30,9df4460a-2f66-2d07-de9e-0afaf84bb157,49e5d184-4244-dea8-5569-8761fc44248d,http://snomed.info/sct,431855005,Chronic kidney disease stage 1 (disorder)
1996-04-09,,9df4460a-2f66-2d07-de9e-0afaf84bb157,49e5d184-4244-dea8-5569-8761fc44248d,http://snomed.info/sct,127013003,Disorder of kidney due to diabetes mellitus (disorder)
2000-05-09,2019-04-30,9df4460a-2f66-2d07-de9e-0afaf84bb157,19e40218-a23a-bb1d-6cf7-56e7c9b6857e,http://snomed.info/sct,431856006,Chronic kidney disease stage 2 (disorder)
2000-05-09,,9df4460a-2f66-2d07-de9e-0afaf84bb157,19e40218-a23a-bb1d-6cf7-56e7c9b6857e,http://snomed.info/sct,90781000119102,Microalbuminuria due to type 2 diabetes mellitus (disorder)
2000-05-09,,9df4460a-2f66-2d07-de9e-0afaf84bb157,19e40218-a23a-bb1d-6cf7-56e7c9b6857e,http://snomed.info/sct,162864005,Body mass index 30+ - obesity (finding)
2002-11-20,,9df4460a-2f66-2d07-de9e-0afaf84bb157,3ac2aa13-2dee-e1fb-d226-4fc59fcd4a34,http://snomed.info/sct,161744009,Past pregnancy history of miscarriage (situation)
2003-08-31,,9df4460a-2f66-2d07-de9e-0afaf84bb157,e68d2a8e-26f0-2b6a-88be-cbd6dc3a0837,http://snomed.info/sct,267020005,History of tubal ligation (situation)
2007-10-16,,9df4460a-2f66-2d07-de9e-0afaf84bb157,c867873b-404e-c115-9989-aa09d42461e4,http://snomed.info/sct,714628002,Prediabetes (finding)
2007-10-16,,9df4460a-2f66-2d07-de9e-0afaf84bb157,c867873b-404e-c115-9989-aa09d42461e4,http://snomed.info/sct,271737000,Anemia (disorder)
2010-04-27,,9df4460a-2f66-2d07-de9e-0afaf84bb157,af77dadc-eba3-8c40-afeb-04f228c55450,http://snomed.info/sct,237602007,Metabolic syndrome X (disorder)
2011-07-26,2016-12-13,9df4460a-2f66-2d07-de9e-0afaf84bb157,d002805a-9d25-4612-4169-b8a456848943,http://snomed.info/sct,422650009,Social isolation (finding)
2012-07-17,2019-04-30,9df4460a-2f66-2d07-de9e-0afaf84bb157,7f2ae134-6cbb-04dd-da37-8a17313f0d1a,http://snomed.info/sct,433144002,Chronic kidney disease stage 3 (disorder)
2012-07-17,,9df4460a-2f66-2d07-de9e-0afaf84bb157,7f2ae134-6cbb-04dd-da37-8a17313f0d1a,http://snomed.info/sct,157141000119108,Proteinuria due to type 2 diabetes mellitus (disorder)
2013-01-15,2013-12-10,9df4460a-2f66-2d07-de9e-0afaf84bb157,4fed07a8-597f-1fa1-bb5b-a5850ea26bd0,http://snomed.info/sct,314529007,Medication review due (situation)
2013-01-15,2013-07-23,9df4460a-2f66-2d07-de9e-0afaf84bb157,4fed07a8-597f-1fa1-bb5b-a5850ea26bd0,http://snomed.info/sct,160904001,Part-time employment (finding)
2013-01-15,2013-12-10,9df4460a-2f66-2d07-de9e-0afaf84bb157,4fed07a8-597f-1fa1-bb5b-a5850ea26bd0,http://snomed.info/sct,73595000,Stress (finding)
2013-07-23,2015-01-06,9df4460a-2f66-2d07-de9e-0afaf84bb157,8375f84e-2671-2637-889e-ba7a3d2f26cb,http://snomed.info/sct,160903007,Full-time employment (finding)
2013-07-23,2015-08-04,9df4460a-2f66-2d07-de9e-0afaf84bb157,8375f84e-2671-2637-889e-ba7a3d2f26cb,http://snomed.info/sct,423315002,Limited social contact (finding)
2014-04-05,2019-04-30,9df4460a-2f66-2d07-de9e-0afaf84bb157,21e89ac7-4f81-7142-2ea1-5f2b2a3bdab7,http://snomed.info/sct,698306007,Awaiting transplantation of kidney (situation)
2014-07-29,2014-07-29,9df4460a-2f66-2d07-de9e-0afaf84bb157,0beb2b6e-0d52-8a5d-b729-c0e46c885c60,http://snomed.info/sct,314529007,Medication review due (situation)
2014-07-29,2019-04-30,9df4460a-2f66-2d07-de9e-0afaf84bb157,0beb2b6e-0d52-8a5d-b729-c0e46c885c60,http://snomed.info/sct,431857002,Chronic kidney disease stage 4 (disorder)
2014-07-29,2015-01-06,9df4460a-2f66-2d07-de9e-0afaf84bb157,0beb2b6e-0d52-8a5d-b729-c0e46c885c60,http://snomed.info/sct,73595000,Stress (finding)
2015-01-06,2015-01-06,9df4460a-2f66-2d07-de9e-0afaf84bb157,7fcb73c6-3ae7-7e8c-0966-b6d813b21801,http://snomed.info/sct,314529007,Medication review due (situation)
2015-01-06,2015-08-04,9df4460a-2f66-2d07-de9e-0afaf84bb157,7fcb73c6-3ae7-7e8c-0966-b6d813b21801,http://snomed.info/sct,160904001,Part-time employment (finding)
2015-01-06,2015-01-27,9df4460a-2f66-2d07-de9e-0afaf84bb157,7fcb73c6-3ae7-7e8c-0966-b6d813b21801,http://snomed.info/sct,66383009,Gingivitis (disorder)
2015-08-04,2015-08-04,9df4460a-2f66-2d07-de9e-0afaf84bb157,9bb98e32-8388-c349-b705-45889868f1ef,http://snomed.info/sct,314529007,Medication review due (situation)
2015-08-04,2016-08-09,9df4460a-2f66-2d07-de9e-0afaf84bb157,9bb98e32-8388-c349-b705-45889868f1ef,http://snomed.info/sct,160903007,Full-time employment (finding)
2015-08-04,2015-08-25,9df4460a-2f66-2d07-de9e-0afaf84bb157,9bb98e32-8388-c349-b705-45889868f1ef,http://snomed.info/sct,66383009,Gingivitis (disorder)
2015-08-25,2015-08-25,9df4460a-2f66-2d07-de9e-0afaf84bb157,1dd252af-6264-80c5-ac2d-3fcb96d17284,http://snomed.info/sct,109570002,Primary dental caries (disorder)
2016-08-09,2018-08-21,9df4460a-2f66-2d07-de9e-0afaf84bb157,6357c344-15b4-c9b8-9fd3-e23bde9ab86a,http://snomed.info/sct,314529007,Medication review due (situation)
2016-08-09,2016-12-13,9df4460a-2f66-2d07-de9e-0afaf84bb157,6357c344-15b4-c9b8-9fd3-e23bde9ab86a,http://snomed.info/sct,741062008,Not in labor force (finding)
2016-08-09,2016-08-30,9df4460a-2f66-2d07-de9e-0afaf84bb157,6357c344-15b4-c9b8-9fd3-e23bde9ab86a,http://snomed.info/sct,66383009,Gingivitis (disorder)
2016-11-30,2016-12-01,9df4460a-2f66-2d07-de9e-0afaf84bb157,3b168c78-6ff7-54b8-2089-98628a4d14b3,http://snomed.info/sct,307426000,Acute infective cystitis (disorder)
2016-12-13,2018-08-21,9df4460a-2f66-2d07-de9e-0afaf84bb157,892cd6b9-d5c7-c0bd-7092-7d464bb357a7,http://snomed.info/sct,160903007,Full-time employment (finding)
2016-12-13,,9df4460a-2f66-2d07-de9e-0afaf84bb157,892cd6b9-d5c7-c0bd-7092-7d464bb357a7,http://snomed.info/sct,266948004,Has a criminal record (finding)
2017-08-15,2018-10-16,9df4460a-2f66-2d07-de9e-0afaf84bb157,fd82c319-7e53-a906-a7f6-01c79e567d6b,http://snomed.info/sct,422650009,Social isolation (finding)
2017-08-15,2018-08-21,9df4460a-2f66-2d07-de9e-0afaf84bb157,fd82c319-7e53-a906-a7f6-01c79e567d6b,http://snomed.info/sct,73595000,Stress (finding)
2018-08-21,2019-04-30,9df4460a-2f66-2d07-de9e-0afaf84bb157,bb1db01c-5386-0229-bdbc-dd1fd91d9526,http://snomed.info/sct,46177005,End-stage renal disease (disorder)
2018-08-21,2018-10-16,9df4460a-2f66-2d07-de9e-0afaf84bb157,bb1db01c-5386-0229-bdbc-dd1fd91d9526,http://snomed.info/sct,741062008,Not in labor force (finding)
2018-08-28,2018-08-28,9df4460a-2f66-2d07-de9e-0afaf84bb157,30ccaa97-72c2-d3bc-55e1-d1a28c89bd74,http://snomed.info/sct,314529007,Medication review due (situation)
2018-10-16,2018-10-16,9df4460a-2f66-2d07-de9e-0afaf84bb157,a09eb9cb-fdb8-2d9d-fd98-092661a8994e,http://snomed.info/sct,314529007,Medication review due (situation)
2018-10-16,2020-12-22,9df4460a-2f66-2d07-de9e-0afaf84bb157,a09eb9cb-fdb8-2d9d-fd98-092661a8994e,http://snomed.info/sct,160903007,Full-time employment (finding)
2018-10-16,,9df4460a-2f66-2d07-de9e-0afaf84bb157,a09eb9cb-fdb8-2d9d-fd98-092661a8994e,http://snomed.info/sct,73595000,Stress (finding)
2018-10-16,2018-11-06,9df4460a-2f66-2d07-de9e-0afaf84bb157,a09eb9cb-fdb8-2d9d-fd98-092661a8994e,http://snomed.info/sct,66383009,Gingivitis (disorder)
2018-12-18,2019-01-15,9df4460a-2f66-2d07-de9e-0afaf84bb157,876eea20-8373-69fb-bea4-e4ffa998fe38,http://snomed.info/sct,314529007,Medication review due (situation)
2019-01-15,2019-03-19,9df4460a-2f66-2d07-de9e-0afaf84bb157,5e007edf-3811-d82f-9073-2d74e4464985,http://snomed.info/sct,422650009,Social isolation (finding)
2019-01-15,2019-03-19,9df4460a-2f66-2d07-de9e-0afaf84bb157,5e007edf-3811-d82f-9073-2d74e4464985,http://snomed.info/sct,706893006,Victim of intimate partner abuse (finding)
2019-03-19,2019-05-14,9df4460a-2f66-2d07-de9e-0afaf84bb157,1a26f1e4-4f9c-4848-d787-b24136ca02a6,http://snomed.info/sct,314529007,Medication review due (situation)
2019-04-04,2019-04-21,9df4460a-2f66-2d07-de9e-0afaf84bb157,078d7ac8-ff33-c36d-7b9f-d0135eab7454,http://snomed.info/sct,312608009,Laceration - injury (disorder)
2019-04-04,2019-04-21,9df4460a-2f66-2d07-de9e-0afaf84bb157,078d7ac8-ff33-c36d-7b9f-d0135eab7454,http://snomed.info/sct,283385000,Laceration of thigh (disorder)
2019-04-30,,9df4460a-2f66-2d07-de9e-0afaf84bb157,92de77b3-e036-5e5f-7b57-ff181b68c8b6,http://snomed.info/sct,161665007,History of renal transplant (situation)
2019-05-14,2019-08-27,9df4460a-2f66-2d07-de9e-0afaf84bb157,70ab13a7-04f4-a71c-b4fa-fb46210c2e10,http://snomed.info/sct,424393004,Reports of violence in the environment (finding)
2019-05-14,2019-06-11,9df4460a-2f66-2d07-de9e-0afaf84bb157,70ab13a7-04f4-a71c-b4fa-fb46210c2e10,http://snomed.info/sct,66383009,Gingivitis (disorder)
2019-05-28,2019-07-09,9df4460a-2f66-2d07-de9e-0afaf84bb157,e424fe31-cd60-c567-edb0-f45adc84c9f1,http://snomed.info/sct,213150003,Kidney transplant failure and rejection (disorder)
2019-08-27,2020-11-03,9df4460a-2f66-2d07-de9e-0afaf84bb157,d386c1b7-c30e-4f6b-8a8d-54cb7f3fba26,http://snomed.info/sct,314529007,Medication review due (situation)
2020-11-03,2020-11-10,9df4460a-2f66-2d07-de9e-0afaf84bb157,ce0b4f54-8590-e992-05bf-69ad355b011b,http://snomed.info/sct,66383009,Gingivitis (disorder)
2020-11-17,2021-02-11,9df4460a-2f66-2d07-de9e-0afaf84bb157,b6579f9b-9b10-3fdb-261e-0330ff4d1679,http://snomed.info/sct,75498004,Acute bacterial sinusitis (disorder)
2020-12-10,,9df4460a-2f66-2d07-de9e-0afaf84bb157,94599c3c-cd4c-683b-d90b-ad89e1285ef2,http://snomed.info/sct,40055000,Chronic sinusitis (disorder)
2020-12-22,2020-12-22,9df4460a-2f66-2d07-de9e-0afaf84bb157,271218d2-71d5-cdaf-e888-85594eb386a2,http://snomed.info/sct,314529007,Medication review due (situation)
2020-12-22,2021-02-16,9df4460a-2f66-2d07-de9e-0afaf84bb157,271218d2-71d5-cdaf-e888-85594eb386a2,http://snomed.info/sct,160904001,Part-time employment (finding)
2021-01-05,2021-01-05,9df4460a-2f66-2d07-de9e-0afaf84bb157,859d30c0-4c38-3a89-cc71-caa952131bc0,http://snomed.info/sct,109570002,Primary dental caries (disorder)
2021-02-16,2022-09-13,9df4460a-2f66-2d07-de9e-0afaf84bb157,2aa8e807-d597-4a6d-317e-e790570e5597,http://snomed.info/sct,314529007,Medication review due (situation)
2021-02-16,2021-09-07,9df4460a-2f66-2d07-de9e-0afaf84bb157,2aa8e807-d597-4a6d-317e-e790570e5597,http://snomed.info/sct,160903007,Full-time employment (finding)
2021-09-07,2022-09-13,9df4460a-2f66-2d07-de9e-0afaf84bb157,f850e2f6-8f41-ad46-79dc-3bce24d31bdf,http://snomed.info/sct,160904001,Part-time employment (finding)
2022-09-13,,9df4460a-2f66-2d07-de9e-0afaf84bb157,4e5270f1-1e5f-a7b7-b0d9-1944f9791a82,http://snomed.info/sct,160903007,Full-time employment (finding)
1986-05-20,,f3ef1a41-6be8-f8d8-8294-5004488d713a,5576f00a-1ede-ead4-81a9-a206b6ede03a,http://snomed.info/sct,105531004,Housing unsatisfactory (finding)
1986-05-20,,f3ef1a41-6be8-f8d8-8294-5004488d713a,5576f00a-1ede-ead4-81a9-a206b6ede03a,http://snomed.info/sct,224299000,Received higher education (finding)
1996-06-04,,f3ef1a41-6be8-f8d8-8294-5004488d713a,930bdf47-a33a-fdda-16ce-0b8efc0cf09c,http://snomed.info/sct,59621000,Essential hypertension (disorder)
1998-06-16,,f3ef1a41-6be8-f8d8-8294-5004488d713a,34c084f0-ce01-e6ca-0159-d3eb1e0f9875,http://snomed.info/sct,162864005,Body mass index 30+ - obesity (finding)
1998-07-07,,f3ef1a41-6be8-f8d8-8294-5004488d713a,92ac0fe9-0f1b-af7d-3968-7866a7878bd5,http://snomed.info/sct,37320007,Loss of teeth (disorder)
2010-08-24,,f3ef1a41-6be8-f8d8-8294-5004488d713a,d593900a-0fc7-af85-992c-f5b6fbab17b7,http://snomed.info/sct,431855005,Chronic kidney disease stage 1 (disorder)
2010-08-24,,f3ef1a41-6be8-f8d8-8294-5004488d713a,d593900a-0fc7-af85-992c-f5b6fbab17b7,http://snomed.info/sct,127013003,Disorder of kidney due to diabetes mellitus (disorder)
2012-09-04,,f3ef1a41-6be8-f8d8-8294-5004488d713a,a73a6ccb-02b3-56c7-d113-c2ee83d13bf2,http://snomed.info/sct,431856006,Chronic kidney disease stage 2 (disorder)
2012-09-04,,f3ef1a41-6be8-f8d8-8294-5004488d713a,a73a6ccb-02b3-56c7-d113-c2ee83d13bf2,http://snomed.info/sct,90781000119102,Microalbuminuria due to type 2 diabetes mellitus (disorder)
2012-09-04,,f3ef1a41-6be8-f8d8-8294-5004488d713a,a73a6ccb-02b3-56c7-d113-c2ee83d13bf2,http://snomed.info/sct,237602007,Metabolic syndrome X (disorder)
2012-09-04,,f3ef1a41-6be8-f8d8-8294-5004488d713a,a73a6ccb-02b3-56c7-d113-c2ee83d13bf2,http://snomed.info/sct,714628002,Prediabetes (finding)
2012-09-04,,f3ef1a41-6be8-f8d8-8294-5004488d713a,a73a6ccb-02b3-56c7-d113-c2ee83d13bf2,http://snomed.info/sct,271737000,Anemia (disorder)
2013-04-09,2014-03-11,f3ef1a41-6be8-f8d8-8294-5004488d713a,18b68c32-b606-c77b-6e5b-fcf7b2cdbac4,http://snomed.info/sct,314529007,Medication review due (situation)
2013-07-09,2014-09-16,f3ef1a41-6be8-f8d8-8294-5004488d713a,0a294c60-db46-a64e-54f5-ceb4000da8ad,http://snomed.info/sct,160903007,Full-time employment (finding)
2013-07-09,2014-04-08,f3ef1a41-6be8-f8d8-8294-5004488d713a,0a294c60-db46-a64e-54f5-ceb4000da8ad,http://snomed.info/sct,73595000,Stress (finding)
2013-09-10,2014-03-11,f3ef1a41-6be8-f8d8-8294-5004488d713a,770b35f8-8d9a-2b27-b090-c796bfae3294,http://snomed.info/sct,422650009,Social isolation (finding)
2014-04-08,2014-04-08,f3ef1a41-6be8-f8d8-8294-5004488d713a,8bf14b01-c091-2d25-d802-cb12ea226872,http://snomed.info/sct,314529007,Medication review due (situation)
2014-09-16,2015-09-22,f3ef1a41-6be8-f8d8-8294-5004488d713a,98bd8b3f-c615-6187-ed28-1a642810e25f,http://snomed.info/sct,314529007,Medication review due (situation)
2014-09-16,2015-09-22,f3ef1a41-6be8-f8d8-8294-5004488d713a,98bd8b3f-c615-6187-ed28-1a642810e25f,http://snomed.info/sct,73438004,Unemployed (finding)
2014-09-16,2016-09-27,f3ef1a41-6be8-f8d8-8294-5004488d713a,98bd8b3f-c615-6187-ed28-1a642810e25f,http://snomed.info/sct,73595000,Stress (finding)
2015-09-22,2016-09-27,f3ef1a41-6be8-f8d8-8294-5004488d713a,be3f8993-e82a-1d42-42f2-1e1235bbc7d8,http://snomed.info/sct,160904001,Part-time employment (finding)
2016-09-27,2017-10-03,f3ef1a41-6be8-f8d8-8294-5004488d713a,4259903f-de3e-f2ab-1860-e7ee83d8f4d5,http://snomed.info/sct,314529007,Medication review due (situation)
2016-09-27,2019-03-19,f3ef1a41-6be8-f8d8-8294-5004488d713a,4259903f-de3e-f2ab-1860-e7ee83d8f4d5,http://snomed.info/sct,160903007,Full-time employment (finding)
2017-01-25,2017-05-18,f3ef1a41-6be8-f8d8-8294-5004488d713a,b5bb86e0-5883-7c66-67dc-ac51245e98a9,http://snomed.info/sct,90460009,Injury of neck (disorder)
2017-01-25,2017-05-18,f3ef1a41-6be8-f8d8-8294-5004488d713a,b5bb86e0-5883-7c66-67dc-ac51245e98a9,http://snomed.info/sct,39848009,Whiplash injury to neck (disorder)
2017-10-03,2017-12-19,f3ef1a41-6be8-f8d8-8294-5004488d713a,8e7edc36-7ef7-1374-86db-dc848e08fab4,http://snomed.info/sct,423315002,Limited social contact (finding)
2017-10-03,2017-12-19,f3ef1a41-6be8-f8d8-8294-5004488d713a,8e7edc36-7ef7-1374-86db-dc848e08fab4,http://snomed.info/sct,73595000,Stress (finding)
2017-12-19,2019-04-02,f3ef1a41-6be8-f8d8-8294-5004488d713a,7f9188db-7f45-8f79-67f9-8f4b0cd2f95b,http://snomed.info/sct,314529007,Medication review due (situation)
2018-03-27,2018-10-30,f3ef1a41-6be8-f8d8-8294-5004488d713a,64dac420-93fb-1500-dfb0-7fa2632958a3,http://snomed.info/sct,72892002,Normal pregnancy (finding)
2018-10-09,,f3ef1a41-6be8-f8d8-8294-5004488d713a,66d961bf-ecc8-82c6-f014-261be4a00fcd,http://snomed.info/sct,433144002,Chronic kidney disease stage 3 (disorder)
2018-10-09,,f3ef1a41-6be8-f8d8-8294-5004488d713a,66d961bf-ecc8-82c6-f014-261be4a00fcd,http://snomed.info/sct,157141000119108,Proteinuria due to type 2 diabetes mellitus (disorder)
2019-03-19,2019-08-20,f3ef1a41-6be8-f8d8-8294-5004488d713a,75d35414-b3e9-2e13-afc8-81cf11137b56,http://snomed.info/sct,73438004,Unemployed (finding)
2019-03-19,2019-04-02,f3ef1a41-6be8-f8d8-8294-5004488d713a,75d35414-b3e9-2e13-afc8-81cf11137b56,http://snomed.info/sct,422650009,Social isolation (finding)
2019-03-19,2019-04-16,f3ef1a41-6be8-f8d8-8294-5004488d713a,75d35414-b3e9-2e13-afc8-81cf11137b56,http://snomed.info/sct,73595000,Stress (finding)
2019-04-09,2019-04-23,f3ef1a41-6be8-f8d8-8294-5004488d713a,b3590d45-26e6-0b35-7ddd-77efb7fe6a6f,http://snomed.info/sct,314529007,Medication review due (situation)
2019-04-26,2019-07-14,f3ef1a41-6be8-f8d8-8294-5004488d713a,80d509fc-d695-47df-3a08-76feb6115ad1,http://snomed.info/sct,90460009,Injury of neck (disorder)
2019-04-26,2019-07-14,f3ef1a41-6be8-f8d8-8294-5004488d713a,80d509fc-d695-47df-3a08-76feb6115ad1,http://snomed.info/sct,39848009,Whiplash injury to neck (disorder)
2019-06-11,2019-07-02,f3ef1a41-6be8-f8d8-8294-5004488d713a,dd7653af-3ef8-ebc7-184b-1dd5eb2bc489,http://snomed.info/sct,444814009,Viral sinusitis (disorder)
2019-06-18,2019-06-18,f3ef1a41-6be8-f8d8-8294-5004488d713a,c0b932fc-703f-b22a-2353-a3cb365c8746,http://snomed.info/sct,314529007,Medication review due (situation)
2019-06-18,2019-09-03,f3ef1a41-6be8-f8d8-8294-5004488d713a,c0b932fc-703f-b22a-2353-a3cb365c8746,http://snomed.info/sct,73595000,Stress (finding)
2019-06-18,2019-07-02,f3ef1a41-6be8-f8d8-8294-5004488d713a,c0b932fc-703f-b22a-2353-a3cb365c8746,http://snomed.info/sct,424393004,Reports of violence in the environment (finding)
2019-06-18,2019-10-15,f3ef1a41-6be8-f8d8-8294-5004488d713a,c0b932fc-703f-b22a-2353-a3cb365c8746,http://snomed.info/sct,10939881000119105,Unhealthy alcohol drinking behavior (finding)
2019-06-25,2019-07-02,f3ef1a41-6be8-f8d8-8294-5004488d713a,ad7586c5-8c9a-be9d-6db6-acb583791eb1,http://snomed.info/sct,314529007,Medication review due (situation)
2019-07-09,2019-07-09,f3ef1a41-6be8-f8d8-8294-5004488d713a,9771b954-cf6f-9124-9985-963397dae073,http://snomed.info/sct,18718003,Gingival disease (disorder)
2019-08-06,2019-08-20,f3ef1a41-6be8-f8d8-8294-5004488d713a,2e70c178-a989-164d-cd17-fa4c8a9535cb,http://snomed.info/sct,314529007,Medication review due (situation)
2019-08-20,2019-09-17,f3ef1a41-6be8-f8d8-8294-5004488d713a,421cdbe8-8f01-f71c-11ae-d24151ca5cbc,http://snomed.info/sct,160903007,Full-time employment (finding)
2019-08-20,2019-09-03,f3ef1a41-6be8-f8d8-8294-5004488d713a,421cdbe8-8f01-f71c-11ae-d24151ca5cbc,http://snomed.info/sct,422650009,Social isolation (finding)
2019-08-27,2019-09-17,f3ef1a41-6be8-f8d8-8294-5004488d713a,d4fb59a4-43a7-9e97-37af-45ea80ebadcd,http://snomed.info/sct,314529007,Medication review due (situation)
2019-09-17,2019-10-29,f3ef1a41-6be8-f8d8-8294-5004488d713a,4370f2d3-5d0c-4c70-bacf-762aae6327d3,http://snomed.info/sct,160904001,Part-time employment (finding)
2019-09-17,2019-11-26,f3ef1a41-6be8-f8d8-8294-5004488d713a,4370f2d3-5d0c-4c70-bacf-762aae6327d3,http://snomed.info/sct,66383009,Gingivitis (disorder)
2019-09-24,2019-10-01,f3ef1a41-6be8-f8d8-8294-5004488d713a,f8912c2b-05bf-4eaa-d1a3-3ac666edaf01,http://snomed.info/sct,314529007,Medication review due (situation)
2019-10-08,2019-10-22,f3ef1a41-6be8-f8d8-8294-5004488d713a,49086e7d-04a4-a999-501a-64bb9cd688e2,http://snomed.info/sct,314529007,Medication review due (situation)
2019-10-15,2019-12-10,f3ef1a41-6be8-f8d8-8294-5004488d713a,92eccebc-2e79-cf92-5454-439a5f96f986,http://snomed.info/sct,73595000,Stress (finding)
2019-10-29,2019-11-19,f3ef1a41-6be8-f8d8-8294-5004488d713a,26d643e5-b2d8-ebc7-1d87-0ae51b671241,http://snomed.info/sct,314529007,Medication review due (situation)
2019-10-29,2020-02-04,f3ef1a41-6be8-f8d8-8294-5004488d713a,26d643e5-b2d8-ebc7-1d87-0ae51b671241,http://snomed.info/sct,160903007,Full-time employment (finding)
2019-11-26,2019-11-26,f3ef1a41-6be8-f8d8-8294-5004488d713a,54735a20-f886-be1b-1a39-af451405bcf6,http://snomed.info/sct,18718003,Gingival disease (disorder)
2019-12-03,2019-12-14,f3ef1a41-6be8-f8d8-8294-5004488d713a,1a0c442b-2363-00ed-59bc-163ea8477f81,http://snomed.info/sct,195662009,Acute viral pharyngitis (disorder)
2019-12-10,2019-12-10,f3ef1a41-6be8-f8d8-8294-5004488d713a,9b535f48-09b4-4251-ef39-22a9e9d8c815,http://snomed.info/sct,314529007,Medication review due (situation)
2019-12-10,2020-02-04,f3ef1a41-6be8-f8d8-8294-5004488d713a,9b535f48-09b4-4251-ef39-22a9e9d8c815,http://snomed.info/sct,706893006,Victim of intimate partner abuse (finding)
2019-12-10,2019-12-24,f3ef1a41-6be8-f8d8-8294-5004488d713a,9b535f48-09b4-4251-ef39-22a9e9d8c815,http://snomed.info/sct,66383009,Gingivitis (disorder)
2019-12-17,2020-02-04,f3ef1a41-6be8-f8d8-8294-5004488d713a,68c05aa4-5c5a-47bd-1135-55bbbeb8e6fb,http://snomed.info/sct,314529007,Medication review due (situation)
2019-12-24,2019-12-24,f3ef1a41-6be8-f8d8-8294-5004488d713a,7a019f50-2048-6f63-ae23-af0f1a6bb631,http://snomed.info/sct,18718003,Gingival disease (disorder)
2020-02-04,2020-07-07,f3ef1a41-6be8-f8d8-8294-5004488d713a,6c027d7f-55b2-dd78-2a9c-c6316d3d64c5,http://snomed.info/sct,160904001,Part-time employment (finding)
2020-02-04,2020-07-07,f3ef1a41-6be8-f8d8-8294-5004488d713a,6c027d7f-55b2-dd78-2a9c-c6316d3d64c5,http://snomed.info/sct,422650009,Social isolation (finding)
2020-02-04,2020-11-03,f3ef1a41-6be8-f8d8-8294-5004488d713a,6c027d7f-55b2-dd78-2a9c-c6316d3d64c5,http://snomed.info/sct,73595000,Stress (finding)
2020-07-07,2020-07-07,f3ef1a41-6be8-f8d8-8294-5004488d713a,644f61f6-195b-3ba9-1c21-39e4099a2986,http://snomed.info/sct,314529007,Medication review due (situation)
2020-07-07,2020-09-22,f3ef1a41-6be8-f8d8-8294-5004488d713a,644f61f6-195b-3ba9-1c21-39e4099a2986,http://snomed.info/sct,160903007,Full-time employment (finding)
2020-09-13,2020-09-22,f3ef1a41-6be8-f8d8-8294-5004488d713a,07a41fb9-e60e-b569-1561-719a249144a5,http://snomed.info/sct,195662009,Acute viral pharyngitis (disorder)
2020-09-22,2020-11-03,f3ef1a41-6be8-f8d8-8294-5004488d713a,a318f04a-e572-2230-3a6b-225a4c8acd5d,http://snomed.info/sct,314529007,Medication review due (situation)
2020-09-22,2020-10-20,f3ef1a41-6be8-f8d8-8294-5004488d713a,a318f04a-e572-2230-3a6b-225a4c8acd5d,http://snomed.info/sct,741062008,Not in labor force (finding)
2020-10-20,2020-11-03,f3ef1a41-6be8-f8d8-8294-5004488d713a,5d013125-aebb-b2af-0de8-2623ac4b7389,http://snomed.info/sct,160903007,Full-time employment (finding)
2020-10-20,2020-11-10,f3ef1a41-6be8-f8d8-8294-5004488d713a,5d013125-aebb-b2af-0de8-2623ac4b7389,http://snomed.info/sct,66383009,Gingivitis (disorder)
2020-11-03,2021-06-01,f3ef1a41-6be8-f8d8-8294-5004488d713a,810db3f1-a5d1-dac3-907c-68f35d11d8a0,http://snomed.info/sct,160904001,Part-time employment (finding)
2021-06-01,2021-06-01,f3ef1a41-6be8-f8d8-8294-5004488d713a,7627fd9a-14c1-6ee9-5707-1d9e550bd57b,http://snomed.info/sct,314529007,Medication review due (situation)
2021-06-01,2021-06-29,f3ef1a41-6be8-f8d8-8294-5004488d713a,7627fd9a-14c1-6ee9-5707-1d9e550bd57b,http://snomed.info/sct,160903007,Full-time employment (finding)
2021-06-01,2021-06-29,f3ef1a41-6be8-f8d8-8294-5004488d713a,7627fd9a-14c1-6ee9-5707-1d9e550bd57b,http://snomed.info/sct,423315002,Limited social contact (finding)
2021-06-01,2021-07-27,f3ef1a41-6be8-f8d8-8294-5004488d713a,7627fd9a-14c1-6ee9-5707-1d9e550bd57b,http://snomed.info/sct,73595000,Stress (finding)
2021-06-29,2021-06-29,f3ef1a41-6be8-f8d8-8294-5004488d713a,bef9da29-8a84-0589-3cd5-b8d8263d60a6,http://snomed.info/sct,314529007,Medication review due (situation)
2021-06-29,2021-07-27,f3ef1a41-6be8-f8d8-8294-5004488d713a,bef9da29-8a84-0589-3cd5-b8d8263d60a6,http://snomed.info/sct,160904001,Part-time employment (finding)
2021-07-27,2021-07-27,f3ef1a41-6be8-f8d8-8294-5004488d713a,558c4fb0-808d-081e-6397-1b5f6656f2d8,http://snomed.info/sct,314529007,Medication review due (situation)
2021-07-27,2023-03-21,f3ef1a41-6be8-f8d8-8294-5004488d713a,558c4fb0-808d-081e-6397-1b5f6656f2d8,http://snomed.info/sct,160903007,Full-time employment (finding)
2021-07-27,2022-12-20,f3ef1a41-6be8-f8d8-8294-5004488d713a,558c4fb0-808d-081e-6397-1b5f6656f2d8,http://snomed.info/sct,361055000,Misuses drugs (finding)
2021-07-27,2021-08-10,f3ef1a41-6be8-f8d8-8294-5004488d713a,558c4fb0-808d-081e-6397-1b5f6656f2d8,http://snomed.info/sct,66383009,Gingivitis (disorder)
2021-10-26,2023-03-21,f3ef1a41-6be8-f8d8-8294-5004488d713a,e43af722-e487-2df7-2303-6063ccaed660,http://snomed.info/sct,314529007,Medication review due (situation)
2021-10-26,2022-05-24,f3ef1a41-6be8-f8d8-8294-5004488d713a,e43af722-e487-2df7-2303-6063ccaed660,http://snomed.info/sct,423315002,Limited social contact (finding)
2021-10-26,2022-05-24,f3ef1a41-6be8-f8d8-8294-5004488d713a,e43af722-e487-2df7-2303-6063ccaed660,http://snomed.info/sct,73595000,Stress (finding)
2021-10-26,2021-11-09,f3ef1a41-6be8-f8d8-8294-5004488d713a,e43af722-e487-2df7-2303-6063ccaed660,http://snomed.info/sct,66383009,Gingivitis (disorder)
2022-06-30,,f3ef1a41-6be8-f8d8-8294-5004488d713a,be68fdad-fc98-2fcf-59a0-a5fdf54b1f50,http://snomed.info/sct,88805009,Chronic congestive heart failure (disorder)
2022-11-01,2022-11-15,f3ef1a41-6be8-f8d8-8294-5004488d713a,a65c5a4e-a1e2-b851-7145-8bb05a4da36b,http://snomed.info/sct,66383009,Gingivitis (disorder)
2022-12-20,2023-11-07,f3ef1a41-6be8-f8d8-8294-5004488d713a,da5b356f-8bc1-cbc3-73c5-3b6801f0e168,http://snomed.info/sct,73595000,Stress (finding)
2023-03-21,2023-11-07,f3ef1a41-6be8-f8d8-8294-5004488d713a,f5131198-2443-9fea-685a-b860ce0bc149,http://snomed.info/sct,73438004,Unemployed (finding)
2023-03-21,2023-06-20,f3ef1a41-6be8-f8d8-8294-5004488d713a,f5131198-2443-9fea-685a-b860ce0bc149,http://snomed.info/sct,422650009,Social isolation (finding)
2023-06-20,2023-07-18,f3ef1a41-6be8-f8d8-8294-5004488d713a,06d4602b-79dd-6855-72f2-012f9d7486ea,http://snomed.info/sct,314529007,Medication review due (situation)
2023-11-07,2024-01-16,f3ef1a41-6be8-f8d8-8294-5004488d713a,5c9435fd-9867-30bf-599b-1d77a753719c,http://snomed.info/sct,314529007,Medication review due (situation)
2023-11-07,,f3ef1a41-6be8-f8d8-8294-5004488d713a,5c9435fd-9867-30bf-599b-1d77a753719c,http://snomed.info/sct,160903007,Full-time employment (finding)
2023-11-07,2023-11-21,f3ef1a41-6be8-f8d8-8294-5004488d713a,5c9435fd-9867-30bf-599b-1d77a753719c,http://snomed.info/sct,66383009,Gingivitis (disorder)
1986-05-20,,8329e200-0243-7346-7e4f-ad40d05b93dd,b7d14533-7763-e86e-66f6-4c612e2b6d65,http://snomed.info/sct,224299000,Received higher education (finding)
2006-09-26,,8329e200-0243-7346-7e4f-ad40d05b93dd,51b45dda-41ee-a6f7-73e2-d6a0ed77d86a,http://snomed.info/sct,196416002,Impacted molars (disorder)
2008-04-01,,8329e200-0243-7346-7e4f-ad40d05b93dd,bc01c84d-b484-d417-70b2-cfa1200690e8,http://snomed.info/sct,162864005,Body mass index 30+ - obesity (finding)
2010-04-06,2017-10-24,8329e200-0243-7346-7e4f-ad40d05b93dd,aa76db3c-e070-5030-a17f-a5f4119c522c,http://snomed.info/sct,160903007,Full-time employment (finding)
2014-04-15,2015-08-18,8329e200-0243-7346-7e4f-ad40d05b93dd,87d90462-ffe0-5332-4606-711bf0435d60,http://snomed.info/sct,422650009,Social isolation (finding)
2014-04-15,2018-03-27,8329e200-0243-7346-7e4f-ad40d05b93dd,87d90462-ffe0-5332-4606-711bf0435d60,http://snomed.info/sct,73595000,Stress (finding)
2015-08-07,2015-08-22,8329e200-0243-7346-7e4f-ad40d05b93dd,94620ae8-c2ca-2a9c-9f33-adcb7cf0eb6d,http://snomed.info/sct,10509002,Acute bronchitis (disorder)
2015-08-18,2019-04-02,8329e200-0243-7346-7e4f-ad40d05b93dd,c2343bed-0d00-038e-2772-4676fa258c0d,http://snomed.info/sct,314529007,Medication review due (situation)
2016-12-06,2016-12-15,8329e200-0243-7346-7e4f-ad40d05b93dd,e35f7165-5d53-cba1-09eb-9a9048104f28,http://snomed.info/sct,72892002,Normal pregnancy (finding)
2016-12-06,2016-12-15,8329e200-0243-7346-7e4f-ad40d05b93dd,e35f7165-5d53-cba1-09eb-9a9048104f28,http://snomed.info/sct,19169002,Miscarriage in first trimester (disorder)
2016-12-06,2016-12-15,8329e200-0243-7346-7e4f-ad40d05b93dd,e35f7165-5d53-cba1-09eb-9a9048104f28,http://snomed.info/sct,35999006,Blighted ovum (disorder)
2016-12-15,,8329e200-0243-7346-7e4f-ad40d05b93dd,941e6312-2c41-097b-898b-3d7e6930b744,http://snomed.info/sct,161744009,Past pregnancy history of miscarriage (situation)
2017-10-13,2017-11-02,8329e200-0243-7346-7e4f-ad40d05b93dd,19b2115b-9bb3-9c5a-eb60-6d42389e6b18,http://snomed.info/sct,10509002,Acute bronchitis (disorder)
2017-10-24,2018-03-27,8329e200-0243-7346-7e4f-ad40d05b93dd,7388097d-e539-1da0-601f-e1954e4e825b,http://snomed.info/sct,73438004,Unemployed (finding)
2018-03-27,2019-04-02,8329e200-0243-7346-7e4f-ad40d05b93dd,59d22aaa-9121-5948-f521-a9717885c5fd,http://snomed.info/sct,160903007,Full-time employment (finding)
2018-04-10,2018-04-28,8329e200-0243-7346-7e4f-ad40d05b93dd,fa1fa5ee-aef2-9ee0-ec60-b22da4cd1f50,http://snomed.info/sct,72892002,Normal pregnancy (finding)
2018-04-10,2018-04-28,8329e200-0243-7346-7e4f-ad40d05b93dd,fa1fa5ee-aef2-9ee0-ec60-b22da4cd1f50,http://snomed.info/sct,19169002,Miscarriage in first trimester (disorder)
2018-04-10,2018-04-28,8329e200-0243-7346-7e4f-ad40d05b93dd,fa1fa5ee-aef2-9ee0-ec60-b22da4cd1f50,http://snomed.info/sct,156073000,Complete miscarriage (disorder)
2018-10-02,2020-04-07,8329e200-0243-7346-7e4f-ad40d05b93dd,e0df6c99-bb9d-387e-32bf-c0a316d6780d,http://snomed.info/sct,73595000,Stress (finding)
2018-10-09,2018-10-20,8329e200-0243-7346-7e4f-ad40d05b93dd,0163e828-f785-9dc1-cf98-ffc7518f5829,http://snomed.info/sct,10509002,Acute bronchitis (disorder)
2019-04-02,2021-04-13,8329e200-0243-7346-7e4f-ad40d05b93dd,a55fd63b-e4b8-696d-7d2f-8a95832ee01c,http://snomed.info/sct,73438004,Unemployed (finding)
2019-04-02,2021-04-13,8329e200-0243-7346-7e4f-ad40d05b93dd,a55fd63b-e4b8-696d-7d2f-8a95832ee01c,http://snomed.info/sct,422650009,Social isolation (finding)
2020-04-07,2021-04-13,8329e200-0243-7346-7e4f-ad40d05b93dd,26a947da-d02d-5ef7-ea2e-0eeee19cb5ad,http://snomed.info/sct,314529007,Medication review due (situation)
2021-04-13,2022-04-19,8329e200-0243-7346-7e4f-ad40d05b93dd,81f02c9a-e014-1bd3-6375-4881f6d0f3ec,http://snomed.info/sct,160904001,Part-time employment (finding)
2021-04-13,2022-04-19,8329e200-0243-7346-7e4f-ad40d05b93dd,81f02c9a-e014-1bd3-6375-4881f6d0f3ec,http://snomed.info/sct,424393004,Reports of violence in the environment (finding)
2022-04-19,2023-04-25,8329e200-0243-7346-7e4f-ad40d05b93dd,e49306e7-26fb-fedd-728f-5afbb51a3924,http://snomed.info/sct,314529007,Medication review due (situation)
2022-04-19,2024-04-30,8329e200-0243-7346-7e4f-ad40d05b93dd,e49306e7-26fb-fedd-728f-5afbb51a3924,http://snomed.info/sct,160903007,Full-time employment (finding)
2022-04-19,2023-04-25,8329e200-0243-7346-7e4f-ad40d05b93dd,e49306e7-26fb-fedd-728f-5afbb51a3924,http://snomed.info/sct,73595000,Stress (finding)
2022-04-19,2022-05-03,8329e200-0243-7346-7e4f-ad40d05b93dd,e49306e7-26fb-fedd-728f-5afbb51a3924,http://snomed.info/sct,66383009,Gingivitis (disorder)
2022-05-03,2022-05-03,8329e200-0243-7346-7e4f-ad40d05b93dd,138633e9-07b9-6235-d749-d446ce84b42e,http://snomed.info/sct,278602001,Loose dental filling (finding)
2023-01-20,2023-02-07,8329e200-0243-7346-7e4f-ad40d05b93dd,306bae50-e8fb-f772-0bce-a2fb1b251171,http://snomed.info/sct,312608009,Laceration - injury (disorder)
2023-01-20,2023-02-07,8329e200-0243-7346-7e4f-ad40d05b93dd,306bae50-e8fb-f772-0bce-a2fb1b251171,http://snomed.info/sct,370247008,Facial laceration (disorder)
2024-04-30,2024-04-30,8329e200-0243-7346-7e4f-ad40d05b93dd,60f57aec-63f3-4878-2bc5-ab683373e7d0,http://snomed.info/sct,314529007,Medication review due (situation)
2024-04-30,,8329e200-0243-7346-7e4f-ad40d05b93dd,60f57aec-63f3-4878-2bc5-ab683373e7d0,http://snomed.info/sct,741062008,Not in labor force (finding)
