DATE,PATIENT,ENCOUNTER,CODE,DESCRIPTION,BASE_COST
2015-07-18T23:50:18Z,abc59f62-dc5a-5095-1141-80b4ee8be73b,8c73d2a5-4fbc-d2c9-48fe-48f049e2e72e,140,Influenza  seasonal  injectable  preservative free,136.00
2016-02-19T21:30:29Z,6c434506-fb4b-3e3f-c19d-553dec3b6c17,9c94738b-4a8c-9e2c-8e73-cdc638d164fd,140,Influenza  seasonal  injectable  preservative free,136.00
2017-09-20T10:34:27Z,92675303-ca5b-136a-169b-e764c5753f06,6f82f2a3-93ce-3611-ea4c-7d5565c1c2ed,140,Influenza  seasonal  injectable  preservative free,136.00
2017-09-20T10:34:27Z,92675303-ca5b-136a-169b-e764c5753f06,6f82f2a3-93ce-3611-ea4c-7d5565c1c2ed,113,Td (adult)  5 Lf tetanus toxoid  preservative free  adsorbed,136.00
2016-07-23T23:50:18Z,abc59f62-dc5a-5095-1141-80b4ee8be73b,69ba22e8-5e94-8522-c607-fbc3e3a36ac2,140,Influenza  seasonal  injectable  preservative free,136.00
2015-01-13T20:42:44Z,4113255f-4e35-506a-ddef-4429caa17ffc,a3b016a6-6428-d30a-0e64-376584bc348c,140,Influenza  seasonal  injectable  preservative free,136.00
2015-05-06T13:28:52Z,239ae86a-96db-6211-9042-d3f2850aabb8,bbcbbe0e-dc6b-0fc0-4050-e171d8fadd05,140,Influenza  seasonal  injectable  preservative free,136.00
2015-08-31T13:30:12Z,28d7b56c-6056-d0a2-2991-39d6e917216c,3513f7dd-aa64-1f56-de1a-287df1793977,140,Influenza  seasonal  injectable  preservative free,136.00
2016-05-11T13:28:52Z,239ae86a-96db-6211-9042-d3f2850aabb8,88334184-d0a7-3577-c607-ce96e9254d9f,140,Influenza  seasonal  injectable  preservative free,136.00
2016-01-19T20:42:44Z,4113255f-4e35-506a-ddef-4429caa17ffc,df0356db-e9fb-f473-67d7-5cf67359cea9,140,Influenza  seasonal  injectable  preservative free,136.00
2017-07-29T23:50:18Z,abc59f62-dc5a-5095-1141-80b4ee8be73b,290884ba-5af5-f9ef-f505-bb5cb919f394,115,Tdap,136.00
2017-07-29T23:50:18Z,abc59f62-dc5a-5095-1141-80b4ee8be73b,290884ba-5af5-f9ef-f505-bb5cb919f394,140,Influenza  seasonal  injectable  preservative free,136.00
2017-07-29T23:50:18Z,abc59f62-dc5a-5095-1141-80b4ee8be73b,290884ba-5af5-f9ef-f505-bb5cb919f394,62,HPV  quadrivalent,136.00
2017-07-29T23:50:18Z,abc59f62-dc5a-5095-1141-80b4ee8be73b,290884ba-5af5-f9ef-f505-bb5cb919f394,114,meningococcal MCV4P,136.00
2015-01-14T03:08:48Z,6872def5-772f-427c-3053-de6e1c71ce0a,a1b699f0-9802-2ee7-abe4-85e682aa884f,140,Influenza  seasonal  injectable  preservative free,136.00
2014-11-05T20:02:52Z,a0b63e97-b6fd-5fe1-8f2d-2bec915efa97,5dbd7060-5d93-6ebb-03bf-8be43a363d95,140,Influenza  seasonal  injectable  preservative free,136.00
2018-08-04T23:50:18Z,abc59f62-dc5a-5095-1141-80b4ee8be73b,74f50b0f-daaa-c8ce-379c-c7ac5e459611,140,Influenza  seasonal  injectable  preservative free,136.00
2018-08-04T23:50:18Z,abc59f62-dc5a-5095-1141-80b4ee8be73b,74f50b0f-daaa-c8ce-379c-c7ac5e459611,62,HPV  quadrivalent,136.00
2016-01-20T03:08:48Z,6872def5-772f-427c-3053-de6e1c71ce0a,a75124f1-11e1-5afa-7bcc-dd215b2ca678,140,Influenza  seasonal  injectable  preservative free,136.00
2019-08-10T23:50:18Z,abc59f62-dc5a-5095-1141-80b4ee8be73b,9009700b-c96e-7294-dfd9-455639d27515,140,Influenza  seasonal  injectable  preservative free,136.00
2019-08-10T23:50:18Z,abc59f62-dc5a-5095-1141-80b4ee8be73b,9009700b-c96e-7294-dfd9-455639d27515,62,HPV  quadrivalent,136.00
2017-01-24T20:42:44Z,4113255f-4e35-506a-ddef-4429caa17ffc,2327c15a-5589-ea7e-0c66-199916f8e0b9,140,Influenza  seasonal  injectable  preservative free,136.00
2015-06-10T20:02:52Z,a0b63e97-b6fd-5fe1-8f2d-2bec915efa97,b1094a9a-ff08-756a-7565-9183a4d7d7de,140,Influenza  seasonal  injectable  preservative free,136.00
2017-05-17T13:28:52Z,239ae86a-96db-6211-9042-d3f2850aabb8,f6f25ecd-e805-7cd9-96d2-8b68c853c5ee,140,Influenza  seasonal  injectable  preservative free,136.00
2015-03-10T01:57:51Z,59844213-b884-17cb-59e9-c07a73a06f41,9457af76-88ac-436b-7a73-688b1ba3a85d,140,Influenza  seasonal  injectable  preservative free,136.00
2020-08-15T23:50:18Z,abc59f62-dc5a-5095-1141-80b4ee8be73b,a9eebffb-8c4e-80eb-2774-b7f1673c79ff,140,Influenza  seasonal  injectable  preservative free,136.00
2018-01-30T20:42:44Z,4113255f-4e35-506a-ddef-4429caa17ffc,f976e35f-ea6e-9d88-8fb1-95045ced565d,140,Influenza  seasonal  injectable  preservative free,136.00
2019-11-27T10:34:27Z,92675303-ca5b-136a-169b-e764c5753f06,ea00b895-2b11-4068-8d8c-579394335ff9,140,Influenza  seasonal  injectable  preservative free,136.00
2019-02-05T20:42:44Z,4113255f-4e35-506a-ddef-4429caa17ffc,f998ca30-03c9-b325-347d-a462f6e2fdf3,140,Influenza  seasonal  injectable  preservative free,136.00
2016-11-16T20:02:52Z,a0b63e97-b6fd-5fe1-8f2d-2bec915efa97,4495190c-8cfd-1c1f-8ba5-ff008206c30c,140,Influenza  seasonal  injectable  preservative free,136.00
2016-09-05T13:30:12Z,28d7b56c-6056-d0a2-2991-39d6e917216c,4e1b0bbd-6149-bca8-bc0b-144269637b71,140,Influenza  seasonal  injectable  preservative free,136.00
2020-02-11T20:42:44Z,4113255f-4e35-506a-ddef-4429caa17ffc,c5c32b1f-20c2-9992-9578-f5a814c80625,140,Influenza  seasonal  injectable  preservative free,136.00
2021-08-21T23:50:18Z,abc59f62-dc5a-5095-1141-80b4ee8be73b,94e3b474-640b-d4e3-14d9-f355f120c07c,140,Influenza  seasonal  injectable  preservative free,136.00
2017-08-09T20:02:52Z,a0b63e97-b6fd-5fe1-8f2d-2bec915efa97,580b0aaa-3546-cdb3-5ee7-4a3e720a6f9c,140,Influenza  seasonal  injectable  preservative free,136.00
2020-09-23T10:34:27Z,92675303-ca5b-136a-169b-e764c5753f06,4dd22172-e4f2-63d4-ccec-2a08b8bb3d5f,140,Influenza  seasonal  injectable  preservative free,136.00
2017-01-25T03:08:48Z,6872def5-772f-427c-3053-de6e1c71ce0a,27ca8212-cb28-d644-7e0a-ec62c81fe385,140,Influenza  seasonal  injectable  preservative free,136.00
2017-01-25T03:08:48Z,6872def5-772f-427c-3053-de6e1c71ce0a,27ca8212-cb28-d644-7e0a-ec62c81fe385,113,Td (adult)  5 Lf tetanus toxoid  preservative free  adsorbed,136.00
2016-03-15T01:57:51Z,59844213-b884-17cb-59e9-c07a73a06f41,d46311bb-07df-e939-2bde-2d6c2ae08948,140,Influenza  seasonal  injectable  preservative free,136.00
2021-02-16T20:42:44Z,4113255f-4e35-506a-ddef-4429caa17ffc,bd7384cc-bfd8-212f-fd49-5ce09496b373,140,Influenza  seasonal  injectable  preservative free,136.00
2019-02-22T21:30:29Z,6c434506-fb4b-3e3f-c19d-553dec3b6c17,3a54da93-a545-5e60-8e7a-2ea4025d1ff5,140,Influenza  seasonal  injectable  preservative free,136.00
2019-02-22T21:30:29Z,6c434506-fb4b-3e3f-c19d-553dec3b6c17,3a54da93-a545-5e60-8e7a-2ea4025d1ff5,113,Td (adult)  5 Lf tetanus toxoid  preservative free  adsorbed,136.00
2018-01-31T03:08:48Z,6872def5-772f-427c-3053-de6e1c71ce0a,e3b743bf-e130-068b-1553-a35c2d6b8752,140,Influenza  seasonal  injectable  preservative free,136.00
2021-04-13T20:42:44Z,4113255f-4e35-506a-ddef-4429caa17ffc,e7b3305d-ef72-7147-d0ec-9447a5ed9c22,207,COVID-19  mRNA  LNP-S  PF  100 mcg/0.5mL dose or 50 mcg/0.25mL dose,136.00
2018-11-28T20:02:52Z,a0b63e97-b6fd-5fe1-8f2d-2bec915efa97,d2756001-598b-c720-6b79-4ce208da2912,140,Influenza  seasonal  injectable  preservative free,136.00
2021-05-11T20:42:44Z,4113255f-4e35-506a-ddef-4429caa17ffc,fe639fdd-781a-2aa5-8f72-ea74ac6d4d30,207,COVID-19  mRNA  LNP-S  PF  100 mcg/0.5mL dose or 50 mcg/0.25mL dose,136.00
2021-12-18T23:50:18Z,abc59f62-dc5a-5095-1141-80b4ee8be73b,b5b1916c-cd8b-10d6-2bba-21ab58ecb5a8,208,COVID-19  mRNA  LNP-S  PF  30 mcg/0.3 mL dose,136.00
2023-09-27T10:34:27Z,92675303-ca5b-136a-169b-e764c5753f06,b291d176-3a35-cae1-2a0f-89c4eb0502f1,140,Influenza  seasonal  injectable  preservative free,136.00
2022-01-08T23:50:18Z,abc59f62-dc5a-5095-1141-80b4ee8be73b,45d2e8c2-9e51-e57d-169b-aa765156b065,208,COVID-19  mRNA  LNP-S  PF  30 mcg/0.3 mL dose,136.00
2019-02-06T03:08:48Z,6872def5-772f-427c-3053-de6e1c71ce0a,be0b5b22-48a1-6088-6971-078db18e5a37,140,Influenza  seasonal  injectable  preservative free,136.00
2020-05-20T13:28:52Z,239ae86a-96db-6211-9042-d3f2850aabb8,cfa7c67c-ddb2-11f7-d980-4d0244ae031e,140,Influenza  seasonal  injectable  preservative free,136.00
2020-05-20T13:28:52Z,239ae86a-96db-6211-9042-d3f2850aabb8,cfa7c67c-ddb2-11f7-d980-4d0244ae031e,113,Td (adult)  5 Lf tetanus toxoid  preservative free  adsorbed,136.00
2020-05-20T13:28:52Z,239ae86a-96db-6211-9042-d3f2850aabb8,cfa7c67c-ddb2-11f7-d980-4d0244ae031e,43,Hep B  adult,136.00
2020-05-20T13:28:52Z,239ae86a-96db-6211-9042-d3f2850aabb8,cfa7c67c-ddb2-11f7-d980-4d0244ae031e,114,meningococcal MCV4P,136.00
2022-05-14T23:50:18Z,abc59f62-dc5a-5095-1141-80b4ee8be73b,1d81955d-4d4f-b11a-9497-f1f7ec5b5c4a,140,Influenza  seasonal  injectable  preservative free,136.00
2020-02-12T03:08:48Z,6872def5-772f-427c-3053-de6e1c71ce0a,b2404d8c-2123-c0c8-c80f-af1b7e14464d,140,Influenza  seasonal  injectable  preservative free,136.00
2019-12-04T20:02:52Z,a0b63e97-b6fd-5fe1-8f2d-2bec915efa97,19a6fc7f-2ff5-09cb-8d1d-e3c91f0d93d5,140,Influenza  seasonal  injectable  preservative free,136.00
2021-02-17T03:08:48Z,6872def5-772f-427c-3053-de6e1c71ce0a,7140f08a-5c10-20b4-26b6-3c4a39f3365d,140,Influenza  seasonal  injectable  preservative free,136.00
2021-02-17T03:08:48Z,6872def5-772f-427c-3053-de6e1c71ce0a,7140f08a-5c10-20b4-26b6-3c4a39f3365d,133,Pneumococcal conjugate PCV 13,136.00
2021-11-24T13:28:52Z,239ae86a-96db-6211-9042-d3f2850aabb8,2ea107b3-c7e9-690c-033c-71b2d7705b65,208,COVID-19  mRNA  LNP-S  PF  30 mcg/0.3 mL dose,136.00
2021-04-28T03:08:48Z,6872def5-772f-427c-3053-de6e1c71ce0a,1b5177c6-9ebb-2a4a-beef-d3f75bdd6ea0,207,COVID-19  mRNA  LNP-S  PF  100 mcg/0.5mL dose or 50 mcg/0.25mL dose,136.00
2021-12-15T13:28:52Z,239ae86a-96db-6211-9042-d3f2850aabb8,744de727-6eb3-808d-508f-bc360afd2dee,208,COVID-19  mRNA  LNP-S  PF  30 mcg/0.3 mL dose,136.00
2017-03-21T01:57:51Z,59844213-b884-17cb-59e9-c07a73a06f41,5dd4c22a-0788-6c16-d0ea-da6cd62575b1,140,Influenza  seasonal  injectable  preservative free,136.00
2021-05-26T03:08:48Z,6872def5-772f-427c-3053-de6e1c71ce0a,0b30bf98-bbd9-c6db-b70a-7d879fde2f5d,207,COVID-19  mRNA  LNP-S  PF  100 mcg/0.5mL dose or 50 mcg/0.25mL dose,136.00
2022-08-27T23:50:18Z,abc59f62-dc5a-5095-1141-80b4ee8be73b,a703f3ac-2a58-ef8a-c7c1-81fbcb658312,114,meningococcal MCV4P,136.00
2021-04-23T21:30:29Z,6c434506-fb4b-3e3f-c19d-553dec3b6c17,b84b9a50-1bc9-e6bf-c5f4-75815e6d1594,140,Influenza  seasonal  injectable  preservative free,136.00
2023-09-02T23:50:18Z,abc59f62-dc5a-5095-1141-80b4ee8be73b,6a1f7c52-d07a-c893-250a-22cc5333718c,140,Influenza  seasonal  injectable  preservative free,136.00
2020-11-04T20:02:52Z,a0b63e97-b6fd-5fe1-8f2d-2bec915efa97,af7392c9-2abb-c299-5b99-3c72d4805f95,140,Influenza  seasonal  injectable  preservative free,136.00
2021-08-27T21:30:29Z,6c434506-fb4b-3e3f-c19d-553dec3b6c17,98e3be2b-7ea8-b6c3-7c21-4de3c1d46d46,208,COVID-19  mRNA  LNP-S  PF  30 mcg/0.3 mL dose,136.00
2021-09-17T21:30:29Z,6c434506-fb4b-3e3f-c19d-553dec3b6c17,1484323d-f965-7277-ed91-0fc26ed65aa3,208,COVID-19  mRNA  LNP-S  PF  30 mcg/0.3 mL dose,136.00
2022-02-25T21:30:29Z,6c434506-fb4b-3e3f-c19d-553dec3b6c17,aae812c9-41dc-ddb2-8b24-69cec8cebde6,140,Influenza  seasonal  injectable  preservative free,136.00
2024-09-07T23:50:18Z,abc59f62-dc5a-5095-1141-80b4ee8be73b,8edcf06e-e1d3-f63f-b377-15a0000afbc1,140,Influenza  seasonal  injectable  preservative free,136.00
2022-02-22T20:42:44Z,4113255f-4e35-506a-ddef-4429caa17ffc,978c842b-2971-c8d6-7b1f-534609f55430,140,Influenza  seasonal  injectable  preservative free,136.00
2022-02-22T20:42:44Z,4113255f-4e35-506a-ddef-4429caa17ffc,978c842b-2971-c8d6-7b1f-534609f55430,113,Td (adult)  5 Lf tetanus toxoid  preservative free  adsorbed,136.00
2021-04-07T20:02:52Z,a0b63e97-b6fd-5fe1-8f2d-2bec915efa97,935afdbb-76fb-0b99-cdeb-1ce043b4d594,208,COVID-19  mRNA  LNP-S  PF  30 mcg/0.3 mL dose,136.00
2021-04-28T20:02:52Z,a0b63e97-b6fd-5fe1-8f2d-2bec915efa97,33c292e5-cf3f-f1bd-0289-3a3b18090ed9,208,COVID-19  mRNA  LNP-S  PF  30 mcg/0.3 mL dose,136.00
2021-05-19T20:02:52Z,a0b63e97-b6fd-5fe1-8f2d-2bec915efa97,ee267b3a-dc5b-93b2-c2ed-ce570c9693a3,140,Influenza  seasonal  injectable  preservative free,136.00
2017-08-14T13:30:12Z,28d7b56c-6056-d0a2-2991-39d6e917216c,e501d27e-9566-2036-af53-1297a0442d1b,140,Influenza  seasonal  injectable  preservative free,136.00
2023-05-24T13:28:52Z,239ae86a-96db-6211-9042-d3f2850aabb8,d7f2d691-d3e8-5e3b-fc34-eabf6eb7bfa5,140,Influenza  seasonal  injectable  preservative free,136.00
2022-12-21T20:02:52Z,a0b63e97-b6fd-5fe1-8f2d-2bec915efa97,65527771-3518-c041-9f63-9b9f4816b847,140,Influenza  seasonal  injectable  preservative free,136.00
2022-12-21T20:02:52Z,a0b63e97-b6fd-5fe1-8f2d-2bec915efa97,65527771-3518-c041-9f63-9b9f4816b847,113,Td (adult)  5 Lf tetanus toxoid  preservative free  adsorbed,136.00
2023-12-27T20:02:52Z,a0b63e97-b6fd-5fe1-8f2d-2bec915efa97,aa922dae-2db6-25d0-e657-6d0e9b5bde17,140,Influenza  seasonal  injectable  preservative free,136.00
2022-02-23T03:08:48Z,6872def5-772f-427c-3053-de6e1c71ce0a,118c8dc7-9715-9308-c721-beaa31ee1756,140,Influenza  seasonal  injectable  preservative free,136.00
2022-02-23T03:08:48Z,6872def5-772f-427c-3053-de6e1c71ce0a,118c8dc7-9715-9308-c721-beaa31ee1756,33,pneumococcal polysaccharide vaccine  23 valent,136.00
2018-05-14T13:30:12Z,28d7b56c-6056-d0a2-2991-39d6e917216c,fb5be1aa-0d4a-7a81-d1ce-efcf17c13fc7,140,Influenza  seasonal  injectable  preservative free,136.00
2023-03-01T03:08:48Z,6872def5-772f-427c-3053-de6e1c71ce0a,ef5a6fc8-9464-c843-1f88-039934695e39,140,Influenza  seasonal  injectable  preservative free,136.00
2018-03-27T01:57:51Z,59844213-b884-17cb-59e9-c07a73a06f41,0d2c0009-5b51-f08e-4a92-74d106b4429f,140,Influenza  seasonal  injectable  preservative free,136.00
2024-03-06T03:08:48Z,6872def5-772f-427c-3053-de6e1c71ce0a,1160f4ac-5c81-9a51-133f-a496fbf38976,140,Influenza  seasonal  injectable  preservative free,136.00
2022-06-28T20:42:44Z,4113255f-4e35-506a-ddef-4429caa17ffc,f589e6e1-48ba-5e91-db7f-1bded0a67477,140,Influenza  seasonal  injectable  preservative free,136.00
2019-09-23T13:30:12Z,28d7b56c-6056-d0a2-2991-39d6e917216c,327d03e5-a56c-d219-bdc3-5426e59193fb,140,Influenza  seasonal  injectable  preservative free,136.00
2019-04-02T01:57:51Z,59844213-b884-17cb-59e9-c07a73a06f41,35a843ea-1bed-9724-dcf9-fef014e83757,140,Influenza  seasonal  injectable  preservative free,136.00
2020-08-31T13:30:12Z,28d7b56c-6056-d0a2-2991-39d6e917216c,5d19d37c-63b9-b3d9-45d6-10ff24de1f63,140,Influenza  seasonal  injectable  preservative free,136.00
2024-03-05T20:42:44Z,4113255f-4e35-506a-ddef-4429caa17ffc,aa1343ab-eaf2-dcf1-bef5-8bcdea1b500f,140,Influenza  seasonal  injectable  preservative free,136.00
2020-04-07T01:57:51Z,59844213-b884-17cb-59e9-c07a73a06f41,5678a70e-5318-bbcd-5365-b4d8ca872b03,121,zoster vaccine  live,136.00
2020-04-07T01:57:51Z,59844213-b884-17cb-59e9-c07a73a06f41,5678a70e-5318-bbcd-5365-b4d8ca872b03,140,Influenza  seasonal  injectable  preservative free,136.00
2020-04-14T01:57:51Z,59844213-b884-17cb-59e9-c07a73a06f41,682ed1ff-545e-883a-07c8-972f532c957b,121,zoster vaccine  live,136.00
2021-04-13T01:57:51Z,59844213-b884-17cb-59e9-c07a73a06f41,a5e701bf-fa3d-fac9-9b36-bb67b113c258,140,Influenza  seasonal  injectable  preservative free,136.00
2021-04-13T01:57:51Z,59844213-b884-17cb-59e9-c07a73a06f41,a5e701bf-fa3d-fac9-9b36-bb67b113c258,113,Td (adult)  5 Lf tetanus toxoid  preservative free  adsorbed,136.00
2021-09-14T01:57:51Z,59844213-b884-17cb-59e9-c07a73a06f41,c0572eeb-8789-3c27-1880-961821ba3dfd,207,COVID-19  mRNA  LNP-S  PF  100 mcg/0.5mL dose or 50 mcg/0.25mL dose,136.00
2021-10-12T01:57:51Z,59844213-b884-17cb-59e9-c07a73a06f41,4c32ae88-9cee-3ac7-35d8-e17cc9d5676a,207,COVID-19  mRNA  LNP-S  PF  100 mcg/0.5mL dose or 50 mcg/0.25mL dose,136.00
2022-04-19T01:57:51Z,59844213-b884-17cb-59e9-c07a73a06f41,dad7c2c5-cce7-b41f-83c2-be6a4aebf556,140,Influenza  seasonal  injectable  preservative free,136.00
2021-03-08T13:30:12Z,28d7b56c-6056-d0a2-2991-39d6e917216c,c2143714-5d08-55fe-d50f-f88c1ee5a478,207,COVID-19  mRNA  LNP-S  PF  100 mcg/0.5mL dose or 50 mcg/0.25mL dose,136.00
2021-04-05T13:30:12Z,28d7b56c-6056-d0a2-2991-39d6e917216c,96d3995d-4950-b846-830f-31d8026ef40d,207,COVID-19  mRNA  LNP-S  PF  100 mcg/0.5mL dose or 50 mcg/0.25mL dose,136.00
2023-04-25T01:57:51Z,59844213-b884-17cb-59e9-c07a73a06f41,e1ef35a0-58c5-e3b4-56fa-1ad4bd63e093,140,Influenza  seasonal  injectable  preservative free,136.00
2021-10-04T13:30:12Z,28d7b56c-6056-d0a2-2991-39d6e917216c,a6c0583a-fcf8-e159-7013-37063df3cfca,140,Influenza  seasonal  injectable  preservative free,136.00
2024-04-30T01:57:51Z,59844213-b884-17cb-59e9-c07a73a06f41,40e08759-888b-255a-ee5d-12d320b8769d,140,Influenza  seasonal  injectable  preservative free,136.00
2022-10-10T13:30:12Z,28d7b56c-6056-d0a2-2991-39d6e917216c,f11046b1-0edf-de09-5506-7d2974ce54da,140,Influenza  seasonal  injectable  preservative free,136.00
2023-10-16T13:30:12Z,28d7b56c-6056-d0a2-2991-39d6e917216c,10efd019-2a1b-7278-00d7-fdf061a8aa15,121,zoster vaccine  live,136.00
2023-10-16T13:30:12Z,28d7b56c-6056-d0a2-2991-39d6e917216c,10efd019-2a1b-7278-00d7-fdf061a8aa15,140,Influenza  seasonal  injectable  preservative free,136.00
2023-10-16T13:30:12Z,28d7b56c-6056-d0a2-2991-39d6e917216c,10efd019-2a1b-7278-00d7-fdf061a8aa15,113,Td (adult)  5 Lf tetanus toxoid  preservative free  adsorbed,136.00
2024-01-08T13:30:12Z,28d7b56c-6056-d0a2-2991-39d6e917216c,24744cfd-3aa2-7716-4864-72e4959a945f,121,zoster vaccine  live,136.00
2024-05-13T13:30:12Z,28d7b56c-6056-d0a2-2991-39d6e917216c,17485f6b-a7d3-3741-0c60-33637c6eddd0,140,Influenza  seasonal  injectable  preservative free,136.00
2013-12-10T14:40:03Z,9df4460a-2f66-2d07-de9e-0afaf84bb157,79f2ed73-d239-40c0-5bf7-3e35ec88edd1,140,Influenza  seasonal  injectable  preservative free,136.00
2015-01-06T14:40:03Z,9df4460a-2f66-2d07-de9e-0afaf84bb157,7fcb73c6-3ae7-7e8c-0966-b6d813b21801,140,Influenza  seasonal  injectable  preservative free,136.00
2016-08-09T14:40:03Z,9df4460a-2f66-2d07-de9e-0afaf84bb157,6357c344-15b4-c9b8-9fd3-e23bde9ab86a,140,Influenza  seasonal  injectable  preservative free,136.00
2016-12-13T14:40:03Z,9df4460a-2f66-2d07-de9e-0afaf84bb157,892cd6b9-d5c7-c0bd-7092-7d464bb357a7,140,Influenza  seasonal  injectable  preservative free,136.00
2018-08-21T14:40:03Z,9df4460a-2f66-2d07-de9e-0afaf84bb157,bb1db01c-5386-0229-bdbc-dd1fd91d9526,121,zoster vaccine  live,136.00
2018-08-21T14:40:03Z,9df4460a-2f66-2d07-de9e-0afaf84bb157,bb1db01c-5386-0229-bdbc-dd1fd91d9526,140,Influenza  seasonal  injectable  preservative free,136.00
2018-10-16T14:40:03Z,9df4460a-2f66-2d07-de9e-0afaf84bb157,a09eb9cb-fdb8-2d9d-fd98-092661a8994e,121,zoster vaccine  live,136.00
2018-10-16T14:40:03Z,9df4460a-2f66-2d07-de9e-0afaf84bb157,a09eb9cb-fdb8-2d9d-fd98-092661a8994e,140,Influenza  seasonal  injectable  preservative free,136.00
2019-05-14T14:40:03Z,9df4460a-2f66-2d07-de9e-0afaf84bb157,70ab13a7-04f4-a71c-b4fa-fb46210c2e10,113,Td (adult)  5 Lf tetanus toxoid  preservative free  adsorbed,136.00
2020-09-01T14:40:03Z,9df4460a-2f66-2d07-de9e-0afaf84bb157,9368cfd4-1b64-48ad-c850-57bd1a99961a,140,Influenza  seasonal  injectable  preservative free,136.00
2020-10-20T14:40:03Z,9df4460a-2f66-2d07-de9e-0afaf84bb157,7386693b-5ef0-83a2-66e5-82b0cbcd8500,140,Influenza  seasonal  injectable  preservative free,136.00
2021-02-02T14:40:03Z,9df4460a-2f66-2d07-de9e-0afaf84bb157,98d861ad-d43f-5471-c490-b8bb02b30e3f,207,COVID-19  mRNA  LNP-S  PF  100 mcg/0.5mL dose or 50 mcg/0.25mL dose,136.00
2021-03-02T14:40:03Z,9df4460a-2f66-2d07-de9e-0afaf84bb157,ff0b5074-eaab-7790-3153-e9d8a5756c1c,207,COVID-19  mRNA  LNP-S  PF  100 mcg/0.5mL dose or 50 mcg/0.25mL dose,136.00
2022-09-13T14:40:03Z,9df4460a-2f66-2d07-de9e-0afaf84bb157,4e5270f1-1e5f-a7b7-b0d9-1944f9791a82,140,Influenza  seasonal  injectable  preservative free,136.00
2014-03-11T14:40:03Z,f3ef1a41-6be8-f8d8-8294-5004488d713a,e7be88c6-0a8f-02a6-eabe-21f772ff7a97,140,Influenza  seasonal  injectable  preservative free,136.00
2014-10-07T14:40:03Z,f3ef1a41-6be8-f8d8-8294-5004488d713a,234c7f63-4e61-fb8b-a007-0afd6d0d392f,140,Influenza  seasonal  injectable  preservative free,136.00
2016-09-27T14:40:03Z,f3ef1a41-6be8-f8d8-8294-5004488d713a,4259903f-de3e-f2ab-1860-e7ee83d8f4d5,140,Influenza  seasonal  injectable  preservative free,136.00
2017-10-03T14:40:03Z,f3ef1a41-6be8-f8d8-8294-5004488d713a,8e7edc36-7ef7-1374-86db-dc848e08fab4,140,Influenza  seasonal  injectable  preservative free,136.00
2017-12-19T14:40:03Z,f3ef1a41-6be8-f8d8-8294-5004488d713a,7f9188db-7f45-8f79-67f9-8f4b0cd2f95b,140,Influenza  seasonal  injectable  preservative free,136.00
2018-10-09T14:40:03Z,f3ef1a41-6be8-f8d8-8294-5004488d713a,66d961bf-ecc8-82c6-f014-261be4a00fcd,121,zoster vaccine  live,136.00
2018-10-09T14:40:03Z,f3ef1a41-6be8-f8d8-8294-5004488d713a,66d961bf-ecc8-82c6-f014-261be4a00fcd,140,Influenza  seasonal  injectable  preservative free,136.00
2019-03-19T14:40:03Z,f3ef1a41-6be8-f8d8-8294-5004488d713a,75d35414-b3e9-2e13-afc8-81cf11137b56,121,zoster vaccine  live,136.00
2019-03-26T14:40:03Z,f3ef1a41-6be8-f8d8-8294-5004488d713a,3bc11c6f-5292-893a-eb3c-62c9928f9a48,113,Td (adult)  5 Lf tetanus toxoid  preservative free  adsorbed,136.00
2019-10-01T14:40:03Z,f3ef1a41-6be8-f8d8-8294-5004488d713a,c9e44520-a075-d21d-670b-b5b21531ece5,140,Influenza  seasonal  injectable  preservative free,136.00
2020-09-29T14:40:03Z,f3ef1a41-6be8-f8d8-8294-5004488d713a,f42ddc09-c0e0-920b-2e34-190ff6308fa8,140,Influenza  seasonal  injectable  preservative free,136.00
2021-03-09T14:40:03Z,f3ef1a41-6be8-f8d8-8294-5004488d713a,b2765c81-f65d-28b6-6a7d-f256b077fcb1,208,COVID-19  mRNA  LNP-S  PF  30 mcg/0.3 mL dose,136.00
2021-03-30T14:40:03Z,f3ef1a41-6be8-f8d8-8294-5004488d713a,80e0b0b8-e607-0f33-2a09-54fe07779adc,208,COVID-19  mRNA  LNP-S  PF  30 mcg/0.3 mL dose,136.00
2021-10-26T14:40:03Z,f3ef1a41-6be8-f8d8-8294-5004488d713a,e43af722-e487-2df7-2303-6063ccaed660,140,Influenza  seasonal  injectable  preservative free,136.00
2022-11-01T14:40:03Z,f3ef1a41-6be8-f8d8-8294-5004488d713a,a65c5a4e-a1e2-b851-7145-8bb05a4da36b,140,Influenza  seasonal  injectable  preservative free,136.00
2023-11-07T14:40:03Z,f3ef1a41-6be8-f8d8-8294-5004488d713a,5c9435fd-9867-30bf-599b-1d77a753719c,140,Influenza  seasonal  injectable  preservative free,136.00
2015-08-18T14:40:03Z,8329e200-0243-7346-7e4f-ad40d05b93dd,c2343bed-0d00-038e-2772-4676fa258c0d,140,Influenza  seasonal  injectable  preservative free,136.00
2016-04-19T14:40:03Z,8329e200-0243-7346-7e4f-ad40d05b93dd,67b3db84-a942-5e96-8088-88801e3780ab,140,Influenza  seasonal  injectable  preservative free,136.00
2017-10-24T14:40:03Z,8329e200-0243-7346-7e4f-ad40d05b93dd,7388097d-e539-1da0-601f-e1954e4e825b,140,Influenza  seasonal  injectable  preservative free,136.00
2018-03-27T14:40:03Z,8329e200-0243-7346-7e4f-ad40d05b93dd,59d22aaa-9121-5948-f521-a9717885c5fd,121,zoster vaccine  live,136.00
2018-03-27T14:40:03Z,8329e200-0243-7346-7e4f-ad40d05b93dd,59d22aaa-9121-5948-f521-a9717885c5fd,140,Influenza  seasonal  injectable  preservative free,136.00
2018-10-02T14:40:03Z,8329e200-0243-7346-7e4f-ad40d05b93dd,e0df6c99-bb9d-387e-32bf-c0a316d6780d,121,zoster vaccine  live,136.00
2018-10-02T14:40:03Z,8329e200-0243-7346-7e4f-ad40d05b93dd,e0df6c99-bb9d-387e-32bf-c0a316d6780d,140,Influenza  seasonal  injectable  preservative free,136.00
2019-04-02T14:40:03Z,8329e200-0243-7346-7e4f-ad40d05b93dd,a55fd63b-e4b8-696d-7d2f-8a95832ee01c,113,Td (adult)  5 Lf tetanus toxoid  preservative free  adsorbed,136.00
2020-04-07T14:40:03Z,8329e200-0243-7346-7e4f-ad40d05b93dd,26a947da-d02d-5ef7-ea2e-0eeee19cb5ad,140,Influenza  seasonal  injectable  preservative free,136.00
2021-04-13T14:40:03Z,8329e200-0243-7346-7e4f-ad40d05b93dd,81f02c9a-e014-1bd3-6375-4881f6d0f3ec,140,Influenza  seasonal  injectable  preservative free,136.00
2021-04-20T14:40:03Z,8329e200-0243-7346-7e4f-ad40d05b93dd,d18bb50a-d043-c270-04af-c9f166c1e308,207,COVID-19  mRNA  LNP-S  PF  100 mcg/0.5mL dose or 50 mcg/0.25mL dose,136.00
2021-05-18T14:40:03Z,8329e200-0243-7346-7e4f-ad40d05b93dd,b23497ea-8ef7-a8e6-d5f4-8eb4916f6d7d,207,COVID-19  mRNA  LNP-S  PF  100 mcg/0.5mL dose or 50 mcg/0.25mL dose,136.00
2022-04-19T14:40:03Z,8329e200-0243-7346-7e4f-ad40d05b93dd,e49306e7-26fb-fedd-728f-5afbb51a3924,140,Influenza  seasonal  injectable  preservative free,136.00
2023-04-25T14:40:03Z,8329e200-0243-7346-7e4f-ad40d05b93dd,d64d95ed-d749-bde5-b549-b2d6e5133d08,140,Influenza  seasonal  injectable  preservative free,136.00
2024-04-30T14:40:03Z,8329e200-0243-7346-7e4f-ad40d05b93dd,60f57aec-63f3-4878-2bc5-ab683373e7d0,140,Influenza  seasonal  injectable  preservative free,136.00
