Id,BIRTHDATE,DEATHDATE,SSN,DRIVERS,PASSPORT,PREFIX,FIRST,MIDDLE,LAST,SUFFIX,MAIDEN,MARITAL,RACE,ETHNICITY,GENDER,BIRTHPLACE,ADDRESS,CITY,STATE,COUNTY,FIPS,ZIP,LAT,LON,HEALTHCARE_EXPENSES,HEALTHCARE_COVERAGE,INCOME
92675303-ca5b-136a-169b-e764c5753f06,1986-07-09,,999-62-9859,S99963762,X23925248X,Mrs.,Elena945,Florencia449,Polanco94,,Urrutia540,D,white,hispanic,F,Carolina  Puerto Rico  PR,386 Altenwerth Orchard Apt 67,Chicopee,Massachusetts,Hampden County,25013,01022,42.184457490345814,-72.57177354003923,250224.63,751128.80,122769
59844213-b884-17cb-59e9-c07a73a06f41,1969-08-25,,999-75-8169,S99991702,X87873680X,Mrs.,Clorinda310,Danielle72,Jacobson885,,Breitenberg711,M,black,nonhispanic,F,Everett  Massachusetts  US,227 Stiedemann Union Suite 28,Whitman,Massachusetts,Plymouth County,,00000,42.10609469292333,-70.91765574475585,590159.41,467663.76,73067
4113255f-4e35-506a-ddef-4429caa17ffc,1960-12-20,,999-88-1434,S99956978,X10530082X,Mrs.,Rasheeda241,Mirian768,Mitchell808,,Heaney114,D,black,nonhispanic,F,Paxton  Massachusetts  US,946 Carroll Arcade Suite 20,Boston,Massachusetts,Suffolk County,25025,02130,42.34789223655134,-71.049264374543,275094.93,479097.90,154543
239ae86a-96db-6211-9042-d3f2850aabb8,1998-03-18,,999-74-7366,S99935104,X36957162X,Ms.,Alethia102,Tilda804,Muller251,,,,white,nonhispanic,F,Pembroke  Massachusetts  US,541 Stracke Plaza,Lowell,Massachusetts,Middlesex County,25017,01851,42.67839476037261,-71.33971522886895,121425.18,262323.01,27460
6c434506-fb4b-3e3f-c19d-553dec3b6c17,1987-12-11,,999-44-3322,S99944102,X67789982X,Mrs.,Claudia969,,Gil594,,Pacheco179,D,white,hispanic,F,La Paz  Baja California  MX,625 Doyle Row,Lynn,Massachusetts,Essex County,25009,01905,42.52076231741145,-70.99610076420646,672162.77,299945.36,35548
a0b63e97-b6fd-5fe1-8f2d-2bec915efa97,1961-10-18,,999-53-6488,S99977026,X9029544X,Mrs.,Bao544,Luetta803,Stark857,,MacGyver246,W,white,nonhispanic,F,Chelmsford  Massachusetts  US,250 Morar Fork Apt 66,Boston,Massachusetts,Suffolk County,25025,02122,42.35669114363619,-71.00729538672405,24044.60,957716.47,22493
6872def5-772f-427c-3053-de6e1c71ce0a,1955-11-22,,999-96-6821,S99920571,X28148161X,Ms.,Janetta325,Priscilla527,West559,,,S,white,hispanic,F,Lexington  Massachusetts  US,1037 Stehr Park,Belmont,Massachusetts,Middlesex County,25017,02138,42.42000352463694,-71.18158394036953,742057.13,382815.41,52361
abc59f62-dc5a-5095-1141-80b4ee8be73b,2006-07-15,,999-37-1058,S99974251,,Ms.,Jacque955,Jin479,Will178,,,,white,nonhispanic,F,Lawrence  Massachusetts  US,492 Keebler Estate,Shrewsbury,Massachusetts,Worcester County,,00000,42.2492633419548,-71.705572733258,68982.89,21139.25,123522
28d7b56c-6056-d0a2-2991-39d6e917216c,1972-10-16,,999-31-6091,S99915062,X64944659X,Mrs.,Angela104,Bella510,Ritchie586,,Funk324,M,white,nonhispanic,F,Westfield  Massachusetts  US,677 Bosco Extension,South Yarmouth,Massachusetts,Barnstable County,25001,02664,41.69360171519502,-70.16953083062255,395085.34,806055.44,126996
9df4460a-2f66-2d07-de9e-0afaf84bb157,1968-03-26,2023-06-02,999-18-7495,S99993322,X82219341X,Ms.,Myra819,Sindy229,Daugherty69,,,S,white,nonhispanic,F,Topsfield  Massachusetts  US,1041 Schuppe Vale,Dalton,Massachusetts,Berkshire County,,00000,42.47374174523344,-73.10494900506748,301493.29,947773.66,162957
f3ef1a41-6be8-f8d8-8294-5004488d713a,1968-03-26,2024-02-08,999-73-5400,S99928841,X82799147X,Mrs.,Loree183,Deidre679,Pollich983,,Towne435,M,white,nonhispanic,F,Waltham  Massachusetts  US,314 Berge Vale Apt 43,Dalton,Massachusetts,Berkshire County,,00000,42.51926672785887,-73.1711518225978,359621.58,530467.29,162957
8329e200-0243-7346-7e4f-ad40d05b93dd,1968-03-26,,999-55-3001,S99984423,X31333034X,Mrs.,Cecily421,Jazmine498,Nicolas769,,Hessel84,M,white,nonhispanic,F,Revere  Massachusetts  US,244 O'Conner Parade,Dalton,Massachusetts,Berkshire County,,00000,42.52385364451139,-73.15622987891987,304508.68,1382419.23,162957
