Id,NAME,OWNERSHIP,ADDRESS,CITY,STATE_HEADQUARTERED,ZIP,PHONE,AMOUNT_COVERED,AMOUNT_UNCOVERED,REVENUE,COVERED_ENCOUNTERS,UNCOVERED_ENCOUNTERS,COVERED_MEDICATIONS,UNCOVERED_MEDICATIONS,COVERED_PROCEDURES,UNCOVERED_PROCEDURES,COVERED_IMMUNIZATIONS,UNCOVERED_IMMUNIZATIONS,UNIQUE_CUSTOMERS,QOLS_AVG,MEMBER_MONTHS
a735bf55-83e9-331a-899d-a82a60b9f60c,Medicare,GOVERNMENT,,,,,,247339.45,6588.20,30618.00,138,0,52,0,245,0,24,0,3,0.6872101847615468,192
df166300-5a78-3502-a46a-832842197811,Medicaid,GOVERNMENT,,,,,,1707443.17,31592.20,9600.00,446,0,113,0,979,0,95,0,5,0.9785261505067216,972
d18ef2e6-ef40-324c-be54-34a5ee865625,Dual Eligible,GOVERNMENT,,,,,,0.00,0.00,0.00,0,0,0,0,0,0,0,0,0,NaN,0
26aab0cd-6aba-3e1b-ac5b-05c8867e762c,Humana,PRIVATE,,,,,,2563297.60,1348690.82,932976.00,971,0,500,0,2610,0,289,0,5,0.9360627519448007,2760
b046940f-1664-3047-bca7-dfa76be352a4,Blue Cross Blue Shield,PRIVATE,,,,,,2389168.12,606001.97,641637.00,1105,0,777,0,1779,0,125,0,5,0.7379344417000705,1536
d31fccc3-1767-390d-966a-22a5156f4219,UnitedHealthcare,PRIVATE,,,,,,196541.90,44523.54,48288.00,50,0,32,0,129,0,11,0,1,0.9979604597528369,96
0133f751-9229-3cfd-815f-b6d4979bdd6a,Aetna,PRIVATE,,,,,,60319.27,90104.53,22248.24,54,0,29,0,107,0,23,0,2,0.8934465419394273,216
8fa6c185-e44e-3e34-8bd8-39be8694f4ce,Cigna Health,PRIVATE,,,,,,60091.54,65584.55,16238.76,42,0,20,0,90,0,19,0,2,0.9599258218400593,132
734afbd6-4794-363b-9bc0-6a3981533ed5,Anthem,PRIVATE,,,,,,63792.59,22341.25,13514.31,35,0,5,0,64,0,11,0,2,0.6715395638831406,108
e03e23c9-4df1-3eb6-a62d-f70f02301496,NO_INSURANCE,NO_INSURANCE,,,,,,0.00,1884499.07,0.00,0,373,0,105,0,1020,0,122,3,0.9879575881931159,1332
