PATIENT,MEMBERID,START_DATE,END_DATE,PAYER,SECONDARY_PAYER,PLAN_OWNERSHIP,OWNER_NAME
239ae86a-96db-6211-9042-d3f2850aabb8,e44dc2f0-2f29-6a50-642f-70c7b9351590,2013-03-20T13:28:52Z,2014-03-19T13:28:52Z,8fa6c185-e44e-3e34-8bd8-39be8694f4ce,,Guardian,Ruby458 Anderson154
239ae86a-96db-6211-9042-d3f2850aabb8,e44dc2f0-2f29-6a50-642f-70c7b9351590,2014-03-19T13:28:52Z,2015-03-18T13:28:52Z,8fa6c185-e44e-3e34-8bd8-39be8694f4ce,,Guardian,Ruby458 Anderson154
239ae86a-96db-6211-9042-d3f2850aabb8,687d6879-dec2-417f-d84e-f558d81e0df0,2015-03-18T13:28:52Z,2016-03-23T13:28:52Z,0133f751-9229-3cfd-815f-b6d4979bdd6a,,Guardian,Ruby458 Anderson154
239ae86a-96db-6211-9042-d3f2850aabb8,687d6879-dec2-417f-d84e-f558d81e0df0,2016-03-23T13:28:52Z,2017-03-22T13:28:52Z,0133f751-9229-3cfd-815f-b6d4979bdd6a,,Guardian,Ruby458 Anderson154
239ae86a-96db-6211-9042-d3f2850aabb8,31daf4fa-e903-ccf2-38b3-8f8e77c732bb,2017-03-22T13:28:52Z,2018-03-21T13:28:52Z,0133f751-9229-3cfd-815f-b6d4979bdd6a,,Self,Alethia102 Muller251
239ae86a-96db-6211-9042-d3f2850aabb8,c2af3497-691b-8292-ced4-43290713fe93,2018-03-21T13:28:52Z,2019-03-20T13:28:52Z,0133f751-9229-3cfd-815f-b6d4979bdd6a,,Self,Alethia102 Muller251
239ae86a-96db-6211-9042-d3f2850aabb8,4c1a7196-4ca3-7429-a8d8-f370eee8ddb1,2019-03-20T13:28:52Z,2020-03-18T13:28:52Z,df166300-5a78-3502-a46a-832842197811,,Self,Alethia102 Muller251
239ae86a-96db-6211-9042-d3f2850aabb8,a0686629-5ba7-8ea3-5543-0f61167aebbe,2020-03-18T13:28:52Z,2021-03-24T13:28:52Z,734afbd6-4794-363b-9bc0-6a3981533ed5,,Self,Alethia102 Muller251
239ae86a-96db-6211-9042-d3f2850aabb8,1a52f597-6a93-a35c-376d-d541bce51bbc,2021-03-24T13:28:52Z,2022-03-23T13:28:52Z,734afbd6-4794-363b-9bc0-6a3981533ed5,,Self,Alethia102 Muller251
239ae86a-96db-6211-9042-d3f2850aabb8,c6e2533e-d4ef-8e1a-70bb-f5e7bb3cba8b,2022-03-23T13:28:52Z,2023-03-22T13:28:52Z,734afbd6-4794-363b-9bc0-6a3981533ed5,,Self,Alethia102 Muller251
239ae86a-96db-6211-9042-d3f2850aabb8,c93f89f3-7572-f33d-3b1a-1e23ddc2af2a,2023-03-22T13:28:52Z,2024-03-20T13:28:52Z,734afbd6-4794-363b-9bc0-6a3981533ed5,,Self,Alethia102 Muller251
239ae86a-96db-6211-9042-d3f2850aabb8,f6395d45-3822-018f-b4ed-0222e38d8376,2024-03-20T13:28:52Z,2025-03-18T12:28:52Z,734afbd6-4794-363b-9bc0-6a3981533ed5,,Self,Alethia102 Muller251
6c434506-fb4b-3e3f-c19d-553dec3b6c17,007a659d-3600-6ccc-13ff-7cf2d6af9194,2013-12-13T21:30:29Z,2014-12-12T21:30:29Z,df166300-5a78-3502-a46a-832842197811,,Self,Claudia969 Pacheco179
6c434506-fb4b-3e3f-c19d-553dec3b6c17,,2014-12-12T21:30:29Z,2015-12-11T21:30:29Z,e03e23c9-4df1-3eb6-a62d-f70f02301496,,,
6c434506-fb4b-3e3f-c19d-553dec3b6c17,,2015-12-11T21:30:29Z,2016-12-16T21:30:29Z,e03e23c9-4df1-3eb6-a62d-f70f02301496,,,
6c434506-fb4b-3e3f-c19d-553dec3b6c17,3aaa8728-3848-a0d6-d6dd-69fb2be0a54b,2016-12-16T21:30:29Z,2017-12-15T21:30:29Z,df166300-5a78-3502-a46a-832842197811,,Self,Claudia969 Gil594
6c434506-fb4b-3e3f-c19d-553dec3b6c17,,2017-12-15T21:30:29Z,2018-12-14T21:30:29Z,e03e23c9-4df1-3eb6-a62d-f70f02301496,,,
6c434506-fb4b-3e3f-c19d-553dec3b6c17,89402bbf-887a-a1fc-73af-1b4e3337460b,2018-12-14T21:30:29Z,2019-12-13T21:30:29Z,df166300-5a78-3502-a46a-832842197811,,Self,Claudia969 Gil594
6c434506-fb4b-3e3f-c19d-553dec3b6c17,,2019-12-13T21:30:29Z,2020-12-11T21:30:29Z,e03e23c9-4df1-3eb6-a62d-f70f02301496,,,
6c434506-fb4b-3e3f-c19d-553dec3b6c17,061d0e82-d09f-d358-4eba-fca85ce60e02,2020-12-11T21:30:29Z,2021-12-17T21:30:29Z,df166300-5a78-3502-a46a-832842197811,,Spouse,Mr. Gil594
6c434506-fb4b-3e3f-c19d-553dec3b6c17,,2021-12-17T21:30:29Z,2022-12-16T21:30:29Z,e03e23c9-4df1-3eb6-a62d-f70f02301496,,,
6c434506-fb4b-3e3f-c19d-553dec3b6c17,c60ae81a-7ad3-145f-ba0d-77361c6f6b4d,2022-12-16T21:30:29Z,2023-12-15T21:30:29Z,df166300-5a78-3502-a46a-832842197811,,Self,Claudia969 Gil594
6c434506-fb4b-3e3f-c19d-553dec3b6c17,,2023-12-15T21:30:29Z,2024-12-11T21:30:29Z,e03e23c9-4df1-3eb6-a62d-f70f02301496,,,
abc59f62-dc5a-5095-1141-80b4ee8be73b,8328e69c-cd8b-712b-a111-1a8c17cf4a84,2013-07-20T23:50:18Z,2014-07-19T23:50:18Z,26aab0cd-6aba-3e1b-ac5b-05c8867e762c,,Guardian,Lakisha305 Hirthe744
abc59f62-dc5a-5095-1141-80b4ee8be73b,8328e69c-cd8b-712b-a111-1a8c17cf4a84,2014-07-19T23:50:18Z,2015-07-18T23:50:18Z,26aab0cd-6aba-3e1b-ac5b-05c8867e762c,,Guardian,Lakisha305 Hirthe744
abc59f62-dc5a-5095-1141-80b4ee8be73b,8328e69c-cd8b-712b-a111-1a8c17cf4a84,2015-07-18T23:50:18Z,2016-07-16T23:50:18Z,26aab0cd-6aba-3e1b-ac5b-05c8867e762c,,Guardian,Lakisha305 Hirthe744
abc59f62-dc5a-5095-1141-80b4ee8be73b,8328e69c-cd8b-712b-a111-1a8c17cf4a84,2016-07-16T23:50:18Z,2017-07-15T23:50:18Z,26aab0cd-6aba-3e1b-ac5b-05c8867e762c,,Guardian,Lakisha305 Hirthe744
abc59f62-dc5a-5095-1141-80b4ee8be73b,8328e69c-cd8b-712b-a111-1a8c17cf4a84,2017-07-15T23:50:18Z,2018-07-21T23:50:18Z,26aab0cd-6aba-3e1b-ac5b-05c8867e762c,,Guardian,Lakisha305 Hirthe744
abc59f62-dc5a-5095-1141-80b4ee8be73b,8328e69c-cd8b-712b-a111-1a8c17cf4a84,2018-07-21T23:50:18Z,2019-07-20T23:50:18Z,26aab0cd-6aba-3e1b-ac5b-05c8867e762c,,Guardian,Lakisha305 Hirthe744
abc59f62-dc5a-5095-1141-80b4ee8be73b,8328e69c-cd8b-712b-a111-1a8c17cf4a84,2019-07-20T23:50:18Z,2020-07-18T23:50:18Z,26aab0cd-6aba-3e1b-ac5b-05c8867e762c,,Guardian,Lakisha305 Hirthe744
abc59f62-dc5a-5095-1141-80b4ee8be73b,8328e69c-cd8b-712b-a111-1a8c17cf4a84,2020-07-18T23:50:18Z,2021-07-17T23:50:18Z,26aab0cd-6aba-3e1b-ac5b-05c8867e762c,,Guardian,Lakisha305 Hirthe744
abc59f62-dc5a-5095-1141-80b4ee8be73b,8328e69c-cd8b-712b-a111-1a8c17cf4a84,2021-07-17T23:50:18Z,2022-07-16T23:50:18Z,26aab0cd-6aba-3e1b-ac5b-05c8867e762c,,Guardian,Lakisha305 Hirthe744
abc59f62-dc5a-5095-1141-80b4ee8be73b,8328e69c-cd8b-712b-a111-1a8c17cf4a84,2022-07-16T23:50:18Z,2023-07-15T23:50:18Z,26aab0cd-6aba-3e1b-ac5b-05c8867e762c,,Guardian,Lakisha305 Hirthe744
abc59f62-dc5a-5095-1141-80b4ee8be73b,8328e69c-cd8b-712b-a111-1a8c17cf4a84,2023-07-15T23:50:18Z,2024-07-20T23:50:18Z,26aab0cd-6aba-3e1b-ac5b-05c8867e762c,,Guardian,Lakisha305 Hirthe744
abc59f62-dc5a-5095-1141-80b4ee8be73b,8328e69c-cd8b-712b-a111-1a8c17cf4a84,2024-07-20T23:50:18Z,2025-07-15T23:50:18Z,26aab0cd-6aba-3e1b-ac5b-05c8867e762c,,Guardian,Lakisha305 Hirthe744
92675303-ca5b-136a-169b-e764c5753f06,a10120e6-cc5e-a3a2-342e-cc339de531c8,2013-07-10T10:34:27Z,2014-07-09T10:34:27Z,26aab0cd-6aba-3e1b-ac5b-05c8867e762c,,Self,Elena945 Urrutia540
92675303-ca5b-136a-169b-e764c5753f06,4ba1ec82-ab88-4108-3958-6d8efbb6da2d,2014-07-09T10:34:27Z,2015-07-15T10:34:27Z,26aab0cd-6aba-3e1b-ac5b-05c8867e762c,,Self,Elena945 Urrutia540
92675303-ca5b-136a-169b-e764c5753f06,bd1c6d66-d941-2661-67e4-4842ceb6fbee,2015-07-15T10:34:27Z,2016-07-13T10:34:27Z,26aab0cd-6aba-3e1b-ac5b-05c8867e762c,,Spouse,Mr. Polanco94
92675303-ca5b-136a-169b-e764c5753f06,6a99d4bb-1244-d3de-b44e-e55aa0135588,2016-07-13T10:34:27Z,2017-07-12T10:34:27Z,26aab0cd-6aba-3e1b-ac5b-05c8867e762c,,Self,Elena945 Florencia449 Polanco94
92675303-ca5b-136a-169b-e764c5753f06,8a55160d-0d95-d66a-44d7-6c0b29498e4c,2017-07-12T10:34:27Z,2018-07-11T10:34:27Z,26aab0cd-6aba-3e1b-ac5b-05c8867e762c,,Self,Elena945 Florencia449 Polanco94
92675303-ca5b-136a-169b-e764c5753f06,602270f4-c129-d674-fb4b-7752338eae46,2018-07-11T10:34:27Z,2019-07-10T10:34:27Z,26aab0cd-6aba-3e1b-ac5b-05c8867e762c,,Spouse,Mr. Polanco94
92675303-ca5b-136a-169b-e764c5753f06,0712cc30-79dc-fe3c-29ca-7bbf93a1c002,2019-07-10T10:34:27Z,2020-07-15T10:34:27Z,26aab0cd-6aba-3e1b-ac5b-05c8867e762c,,Spouse,Mr. Polanco94
92675303-ca5b-136a-169b-e764c5753f06,c8dbb22d-65cc-ec5b-92fc-3549745e3801,2020-07-15T10:34:27Z,2021-07-14T10:34:27Z,26aab0cd-6aba-3e1b-ac5b-05c8867e762c,,Self,Elena945 Florencia449 Polanco94
92675303-ca5b-136a-169b-e764c5753f06,21c3193e-c563-fef5-67ca-a8c7901b32d1,2021-07-14T10:34:27Z,2022-07-13T10:34:27Z,26aab0cd-6aba-3e1b-ac5b-05c8867e762c,,Spouse,Mr. Polanco94
92675303-ca5b-136a-169b-e764c5753f06,df0fbcab-c9b4-ef94-a7eb-a3690cfba37d,2022-07-13T10:34:27Z,2023-07-12T10:34:27Z,26aab0cd-6aba-3e1b-ac5b-05c8867e762c,,Self,Elena945 Florencia449 Polanco94
92675303-ca5b-136a-169b-e764c5753f06,ab21c185-8a78-d507-a8c5-e75a4684708f,2023-07-12T10:34:27Z,2024-07-10T10:34:27Z,26aab0cd-6aba-3e1b-ac5b-05c8867e762c,,Self,Elena945 Florencia449 Polanco94
92675303-ca5b-136a-169b-e764c5753f06,efc1631d-25d7-e850-ccc3-3e1d608fb650,2024-07-10T10:34:27Z,2025-07-09T10:34:27Z,26aab0cd-6aba-3e1b-ac5b-05c8867e762c,,Self,Elena945 Florencia449 Polanco94
a0b63e97-b6fd-5fe1-8f2d-2bec915efa97,9c176dba-1917-491e-843b-2b15b6c06621,2013-10-23T20:02:52Z,2014-10-22T20:02:52Z,df166300-5a78-3502-a46a-832842197811,,Spouse,Mr. Stark857
a0b63e97-b6fd-5fe1-8f2d-2bec915efa97,ce6abfed-b08c-0a76-1176-308ae89de6d0,2014-10-22T20:02:52Z,2015-10-21T20:02:52Z,df166300-5a78-3502-a46a-832842197811,,Spouse,Mr. Stark857
a0b63e97-b6fd-5fe1-8f2d-2bec915efa97,6f43fd9b-3ebd-e775-4d09-d4ace70dfb05,2015-10-21T20:02:52Z,2016-10-19T20:02:52Z,df166300-5a78-3502-a46a-832842197811,,Spouse,Mr. Stark857
a0b63e97-b6fd-5fe1-8f2d-2bec915efa97,f0b82286-b599-9886-1783-53ed88ec6c79,2016-10-19T20:02:52Z,2017-10-18T20:02:52Z,df166300-5a78-3502-a46a-832842197811,,Self,Bao544 Luetta803 Stark857
a0b63e97-b6fd-5fe1-8f2d-2bec915efa97,237b0be8-fc1b-a37d-3a96-9f43b6d63e03,2017-10-18T20:02:52Z,2018-10-24T20:02:52Z,df166300-5a78-3502-a46a-832842197811,,Self,Bao544 Luetta803 Stark857
a0b63e97-b6fd-5fe1-8f2d-2bec915efa97,d8415efd-50ce-92bc-bdd5-4fd409a33f29,2018-10-24T20:02:52Z,2019-10-23T20:02:52Z,df166300-5a78-3502-a46a-832842197811,,Self,Bao544 Luetta803 Stark857
a0b63e97-b6fd-5fe1-8f2d-2bec915efa97,e52dadc6-166d-3811-7bfc-f35d1e886319,2019-10-23T20:02:52Z,2020-10-21T20:02:52Z,df166300-5a78-3502-a46a-832842197811,,Self,Bao544 Luetta803 Stark857
a0b63e97-b6fd-5fe1-8f2d-2bec915efa97,bfe9b8a9-49e5-c059-24e8-c3e28407784f,2020-10-21T20:02:52Z,2021-10-20T20:02:52Z,df166300-5a78-3502-a46a-832842197811,,Self,Bao544 Luetta803 Stark857
a0b63e97-b6fd-5fe1-8f2d-2bec915efa97,b5d786cd-3944-52e9-2196-894fec51d744,2021-10-20T20:02:52Z,2022-10-19T20:02:52Z,df166300-5a78-3502-a46a-832842197811,,Self,Bao544 Luetta803 Stark857
a0b63e97-b6fd-5fe1-8f2d-2bec915efa97,dde2abd6-40e7-e804-6952-835965a16eb4,2022-10-19T20:02:52Z,2023-10-18T20:02:52Z,df166300-5a78-3502-a46a-832842197811,,Self,Bao544 Luetta803 Stark857
a0b63e97-b6fd-5fe1-8f2d-2bec915efa97,ad8b114a-f860-1928-8693-9f742fb6eb92,2023-10-18T20:02:52Z,2024-10-23T20:02:52Z,df166300-5a78-3502-a46a-832842197811,,Self,Bao544 Luetta803 Stark857
a0b63e97-b6fd-5fe1-8f2d-2bec915efa97,8b0d535a-721b-9cdb-5c4f-5063d91740eb,2024-10-23T20:02:52Z,2025-10-18T20:02:52Z,df166300-5a78-3502-a46a-832842197811,,Self,Bao544 Luetta803 Stark857
6872def5-772f-427c-3053-de6e1c71ce0a,a9e7e3a9-1348-5117-2919-1266cfededed,2013-11-27T03:08:48Z,2014-11-26T03:08:48Z,0133f751-9229-3cfd-815f-b6d4979bdd6a,,Self,Janetta325 West559
6872def5-772f-427c-3053-de6e1c71ce0a,4895469f-c6e4-3305-44ef-24586b01fdb0,2014-11-26T03:08:48Z,2015-11-25T03:08:48Z,8fa6c185-e44e-3e34-8bd8-39be8694f4ce,,Self,Janetta325 West559
6872def5-772f-427c-3053-de6e1c71ce0a,947904cb-7e22-ef14-6f3b-1c597d6bf851,2015-11-25T03:08:48Z,2016-11-23T03:08:48Z,8fa6c185-e44e-3e34-8bd8-39be8694f4ce,,Self,Janetta325 West559
6872def5-772f-427c-3053-de6e1c71ce0a,d220a9c3-cf39-a8d6-9a5f-06fd55a930ad,2016-11-23T03:08:48Z,2017-11-29T03:08:48Z,8fa6c185-e44e-3e34-8bd8-39be8694f4ce,,Self,Janetta325 West559
6872def5-772f-427c-3053-de6e1c71ce0a,979221af-259e-2838-9506-e6a84644c217,2017-11-29T03:08:48Z,2018-11-28T03:08:48Z,734afbd6-4794-363b-9bc0-6a3981533ed5,,Self,Janetta325 West559
6872def5-772f-427c-3053-de6e1c71ce0a,ebaec70c-4748-7de2-cf94-b3372ca7d98d,2018-11-28T03:08:48Z,2019-11-27T03:08:48Z,734afbd6-4794-363b-9bc0-6a3981533ed5,,Self,Janetta325 West559
6872def5-772f-427c-3053-de6e1c71ce0a,a3a92594-a813-2d09-9d46-34ce4dad5e3a,2019-11-27T03:08:48Z,2020-11-25T03:08:48Z,0133f751-9229-3cfd-815f-b6d4979bdd6a,,Self,Janetta325 West559
6872def5-772f-427c-3053-de6e1c71ce0a,a2aaee78-fb19-4930-8341-7456d63608b5,2020-11-25T03:08:48Z,2021-11-24T03:08:48Z,a735bf55-83e9-331a-899d-a82a60b9f60c,b046940f-1664-3047-bca7-dfa76be352a4,Self,Janetta325 West559
6872def5-772f-427c-3053-de6e1c71ce0a,dac2ebf8-35b4-914c-7050-11accaf5f256,2021-11-24T03:08:48Z,2022-11-23T03:08:48Z,a735bf55-83e9-331a-899d-a82a60b9f60c,b046940f-1664-3047-bca7-dfa76be352a4,Self,Janetta325 West559
6872def5-772f-427c-3053-de6e1c71ce0a,a7be0a82-b60e-ba46-cf05-b47cd38316dc,2022-11-23T03:08:48Z,2023-11-29T03:08:48Z,a735bf55-83e9-331a-899d-a82a60b9f60c,b046940f-1664-3047-bca7-dfa76be352a4,Self,Janetta325 West559
6872def5-772f-427c-3053-de6e1c71ce0a,1f40c873-8bda-c7b0-a954-3f2d8eb320cd,2023-11-29T03:08:48Z,2024-11-23T03:08:48Z,a735bf55-83e9-331a-899d-a82a60b9f60c,b046940f-1664-3047-bca7-dfa76be352a4,Self,Janetta325 West559
4113255f-4e35-506a-ddef-4429caa17ffc,d1219480-0614-476b-e5ee-be3101ae0368,2013-12-24T20:42:44Z,2014-12-23T20:42:44Z,26aab0cd-6aba-3e1b-ac5b-05c8867e762c,,Spouse,Mr. Mitchell808
4113255f-4e35-506a-ddef-4429caa17ffc,926d0eed-19ad-9f60-9cee-efcca51e36ea,2014-12-23T20:42:44Z,2015-12-22T20:42:44Z,26aab0cd-6aba-3e1b-ac5b-05c8867e762c,,Self,Rasheeda241 Mirian768 Mitchell808
4113255f-4e35-506a-ddef-4429caa17ffc,86cca917-ca01-d856-5b3a-2bdabe9ec9f8,2015-12-22T20:42:44Z,2016-12-20T20:42:44Z,26aab0cd-6aba-3e1b-ac5b-05c8867e762c,,Spouse,Mr. Mitchell808
4113255f-4e35-506a-ddef-4429caa17ffc,ed20686e-1032-6083-169c-417d52903bcb,2016-12-20T20:42:44Z,2017-12-26T20:42:44Z,26aab0cd-6aba-3e1b-ac5b-05c8867e762c,,Self,Rasheeda241 Mirian768 Mitchell808
4113255f-4e35-506a-ddef-4429caa17ffc,55ff1650-0035-8e01-c017-039ff2adfb85,2017-12-26T20:42:44Z,2018-12-25T20:42:44Z,26aab0cd-6aba-3e1b-ac5b-05c8867e762c,,Self,Rasheeda241 Mirian768 Mitchell808
4113255f-4e35-506a-ddef-4429caa17ffc,b0d60166-2095-abeb-0a61-652427a3cd0f,2018-12-25T20:42:44Z,2019-12-24T20:42:44Z,26aab0cd-6aba-3e1b-ac5b-05c8867e762c,,Self,Rasheeda241 Mirian768 Mitchell808
4113255f-4e35-506a-ddef-4429caa17ffc,a9024175-e459-b081-4cef-fb12baad66d4,2019-12-24T20:42:44Z,2020-12-22T20:42:44Z,26aab0cd-6aba-3e1b-ac5b-05c8867e762c,,Self,Rasheeda241 Mirian768 Mitchell808
4113255f-4e35-506a-ddef-4429caa17ffc,2174b73c-803b-4e79-1fc1-6533b9160647,2020-12-22T20:42:44Z,2021-12-21T20:42:44Z,26aab0cd-6aba-3e1b-ac5b-05c8867e762c,,Self,Rasheeda241 Mirian768 Mitchell808
4113255f-4e35-506a-ddef-4429caa17ffc,2eeed8ab-e883-2cbf-d538-13d70a498ed7,2021-12-21T20:42:44Z,2022-12-20T20:42:44Z,26aab0cd-6aba-3e1b-ac5b-05c8867e762c,,Self,Rasheeda241 Mirian768 Mitchell808
4113255f-4e35-506a-ddef-4429caa17ffc,ef3be118-4e81-ebbe-4923-e716ecf30a86,2022-12-20T20:42:44Z,2023-12-26T20:42:44Z,26aab0cd-6aba-3e1b-ac5b-05c8867e762c,,Self,Rasheeda241 Mirian768 Mitchell808
4113255f-4e35-506a-ddef-4429caa17ffc,9d65319d-a339-6227-6a32-778ff326431e,2023-12-26T20:42:44Z,2024-12-20T20:42:44Z,26aab0cd-6aba-3e1b-ac5b-05c8867e762c,,Self,Rasheeda241 Mirian768 Mitchell808
59844213-b884-17cb-59e9-c07a73a06f41,ca7c549b-0f33-44b8-369c-8698b55c74ae,2013-08-27T01:57:51Z,2014-08-26T01:57:51Z,d31fccc3-1767-390d-966a-22a5156f4219,,Self,Clorinda310 Danielle72 Jacobson885
59844213-b884-17cb-59e9-c07a73a06f41,4c30c011-bf70-4a66-424c-885b86d7615f,2014-08-26T01:57:51Z,2015-09-01T01:57:51Z,a735bf55-83e9-331a-899d-a82a60b9f60c,b046940f-1664-3047-bca7-dfa76be352a4,Spouse,Mr. Jacobson885
59844213-b884-17cb-59e9-c07a73a06f41,cf746aaa-e89e-c708-2b53-7885f09f93b3,2015-09-01T01:57:51Z,2016-08-30T01:57:51Z,a735bf55-83e9-331a-899d-a82a60b9f60c,,Self,Clorinda310 Danielle72 Jacobson885
59844213-b884-17cb-59e9-c07a73a06f41,7ece869d-3837-4002-683e-29f746713b2f,2016-08-30T01:57:51Z,2017-08-29T01:57:51Z,a735bf55-83e9-331a-899d-a82a60b9f60c,b046940f-1664-3047-bca7-dfa76be352a4,Spouse,Mr. Jacobson885
59844213-b884-17cb-59e9-c07a73a06f41,a45489f8-d072-708e-a906-9af7e126d3b9,2017-08-29T01:57:51Z,2018-08-28T01:57:51Z,a735bf55-83e9-331a-899d-a82a60b9f60c,b046940f-1664-3047-bca7-dfa76be352a4,Spouse,Mr. Jacobson885
59844213-b884-17cb-59e9-c07a73a06f41,d6596d88-de9f-985a-d3a1-6047d2b6d456,2018-08-28T01:57:51Z,2019-08-27T01:57:51Z,a735bf55-83e9-331a-899d-a82a60b9f60c,b046940f-1664-3047-bca7-dfa76be352a4,Self,Clorinda310 Danielle72 Jacobson885
59844213-b884-17cb-59e9-c07a73a06f41,347e3677-4799-f61e-e747-e42e9ab106a2,2019-08-27T01:57:51Z,2020-09-01T01:57:51Z,a735bf55-83e9-331a-899d-a82a60b9f60c,b046940f-1664-3047-bca7-dfa76be352a4,Spouse,Mr. Jacobson885
59844213-b884-17cb-59e9-c07a73a06f41,734cd1ad-a48e-5149-2643-b8a4db89c4a8,2020-09-01T01:57:51Z,2021-08-31T01:57:51Z,a735bf55-83e9-331a-899d-a82a60b9f60c,b046940f-1664-3047-bca7-dfa76be352a4,Spouse,Mr. Jacobson885
59844213-b884-17cb-59e9-c07a73a06f41,321e3719-21c4-0d59-ab3e-d4fd52129455,2021-08-31T01:57:51Z,2022-08-30T01:57:51Z,a735bf55-83e9-331a-899d-a82a60b9f60c,b046940f-1664-3047-bca7-dfa76be352a4,Self,Clorinda310 Danielle72 Jacobson885
59844213-b884-17cb-59e9-c07a73a06f41,7adac882-6198-11fc-843c-42186c6fc948,2022-08-30T01:57:51Z,2023-08-29T01:57:51Z,a735bf55-83e9-331a-899d-a82a60b9f60c,b046940f-1664-3047-bca7-dfa76be352a4,Spouse,Mr. Jacobson885
59844213-b884-17cb-59e9-c07a73a06f41,bc8a7798-6ab5-778d-91e1-a2374f978297,2023-08-29T01:57:51Z,2024-08-27T01:57:51Z,a735bf55-83e9-331a-899d-a82a60b9f60c,b046940f-1664-3047-bca7-dfa76be352a4,Spouse,Mr. Jacobson885
59844213-b884-17cb-59e9-c07a73a06f41,ea8e0444-9a8e-9c77-92c6-dec20257bdb0,2024-08-27T01:57:51Z,2025-08-26T01:57:51Z,a735bf55-83e9-331a-899d-a82a60b9f60c,b046940f-1664-3047-bca7-dfa76be352a4,Self,Clorinda310 Danielle72 Jacobson885
28d7b56c-6056-d0a2-2991-39d6e917216c,88482231-885a-8a2d-796f-3eadc1359bd0,2013-10-21T13:30:12Z,2014-10-20T13:30:12Z,26aab0cd-6aba-3e1b-ac5b-05c8867e762c,,Self,Angela104 Bella510 Ritchie586
28d7b56c-6056-d0a2-2991-39d6e917216c,6143d685-1dc7-fe64-e968-d80a8b8dac12,2014-10-20T13:30:12Z,2015-10-19T13:30:12Z,26aab0cd-6aba-3e1b-ac5b-05c8867e762c,,Spouse,Mr. Ritchie586
28d7b56c-6056-d0a2-2991-39d6e917216c,c5de31e6-26b1-1044-a2e3-b26459c191a5,2015-10-19T13:30:12Z,2016-10-17T13:30:12Z,26aab0cd-6aba-3e1b-ac5b-05c8867e762c,,Self,Angela104 Bella510 Ritchie586
28d7b56c-6056-d0a2-2991-39d6e917216c,0159c14b-867d-ac49-9684-643ddd73b8d2,2016-10-17T13:30:12Z,2017-10-16T13:30:12Z,26aab0cd-6aba-3e1b-ac5b-05c8867e762c,,Spouse,Mr. Ritchie586
28d7b56c-6056-d0a2-2991-39d6e917216c,1d642129-e3f3-cb90-983a-21b7e2f52b6d,2017-10-16T13:30:12Z,2018-10-22T13:30:12Z,26aab0cd-6aba-3e1b-ac5b-05c8867e762c,,Spouse,Mr. Ritchie586
28d7b56c-6056-d0a2-2991-39d6e917216c,13ff9f96-de1b-02ca-ef7e-ff5811d791f5,2018-10-22T13:30:12Z,2019-10-21T13:30:12Z,26aab0cd-6aba-3e1b-ac5b-05c8867e762c,,Spouse,Mr. Ritchie586
28d7b56c-6056-d0a2-2991-39d6e917216c,75f6a8d5-bf63-e581-fe22-95787f743449,2019-10-21T13:30:12Z,2020-10-19T13:30:12Z,26aab0cd-6aba-3e1b-ac5b-05c8867e762c,,Spouse,Mr. Ritchie586
28d7b56c-6056-d0a2-2991-39d6e917216c,ba096c68-60e0-d83c-c0aa-3140fe8d811f,2020-10-19T13:30:12Z,2021-10-18T13:30:12Z,26aab0cd-6aba-3e1b-ac5b-05c8867e762c,,Spouse,Mr. Ritchie586
28d7b56c-6056-d0a2-2991-39d6e917216c,a32fc828-0d7a-6381-c16a-d77a894b93f9,2021-10-18T13:30:12Z,2022-10-17T13:30:12Z,26aab0cd-6aba-3e1b-ac5b-05c8867e762c,,Self,Angela104 Bella510 Ritchie586
28d7b56c-6056-d0a2-2991-39d6e917216c,b95ef67c-42b6-c4eb-5284-38a95967d046,2022-10-17T13:30:12Z,2023-10-16T13:30:12Z,26aab0cd-6aba-3e1b-ac5b-05c8867e762c,,Spouse,Mr. Ritchie586
28d7b56c-6056-d0a2-2991-39d6e917216c,5a8a4e28-9a37-1cd1-4028-7ebe4034ee31,2023-10-16T13:30:12Z,2024-10-21T13:30:12Z,26aab0cd-6aba-3e1b-ac5b-05c8867e762c,,Self,Angela104 Bella510 Ritchie586
28d7b56c-6056-d0a2-2991-39d6e917216c,8cda881d-2557-2e73-2924-5542f22ffb34,2024-10-21T13:30:12Z,2025-10-16T13:30:12Z,26aab0cd-6aba-3e1b-ac5b-05c8867e762c,,Spouse,Mr. Ritchie586
9df4460a-2f66-2d07-de9e-0afaf84bb157,9b978b38-337c-1089-fa62-08346d0ff2a7,2013-03-26T14:40:03Z,2014-04-01T14:40:03Z,b046940f-1664-3047-bca7-dfa76be352a4,,Self,Myra819 Daugherty69
9df4460a-2f66-2d07-de9e-0afaf84bb157,487c1a1e-6076-f4c0-513a-ef31175b2801,2014-04-01T14:40:03Z,2015-03-31T14:40:03Z,b046940f-1664-3047-bca7-dfa76be352a4,,Self,Myra819 Daugherty69
9df4460a-2f66-2d07-de9e-0afaf84bb157,a27fb8ac-8129-73fa-660b-71dfde2cb221,2015-03-31T14:40:03Z,2016-03-29T14:40:03Z,b046940f-1664-3047-bca7-dfa76be352a4,,Self,Myra819 Daugherty69
9df4460a-2f66-2d07-de9e-0afaf84bb157,97bbd4fa-cb9c-1358-b8ed-22e34d66b757,2016-03-29T14:40:03Z,2017-03-28T14:40:03Z,b046940f-1664-3047-bca7-dfa76be352a4,,Self,Myra819 Daugherty69
9df4460a-2f66-2d07-de9e-0afaf84bb157,a01d53cd-2429-a9db-06f3-01f55dc60483,2017-03-28T14:40:03Z,2018-03-27T14:40:03Z,b046940f-1664-3047-bca7-dfa76be352a4,,Self,Myra819 Daugherty69
9df4460a-2f66-2d07-de9e-0afaf84bb157,52c21d41-ca04-ce25-e94f-16f2855d03da,2018-03-27T14:40:03Z,2019-03-26T14:40:03Z,b046940f-1664-3047-bca7-dfa76be352a4,,Self,Myra819 Daugherty69
9df4460a-2f66-2d07-de9e-0afaf84bb157,b9959895-1316-e434-d783-fe193f965487,2019-03-26T14:40:03Z,2020-03-31T14:40:03Z,b046940f-1664-3047-bca7-dfa76be352a4,,Self,Myra819 Daugherty69
9df4460a-2f66-2d07-de9e-0afaf84bb157,0b2696c8-8b93-3666-b0b9-2fd1d082d676,2020-03-31T14:40:03Z,2021-03-30T14:40:03Z,b046940f-1664-3047-bca7-dfa76be352a4,,Self,Myra819 Daugherty69
9df4460a-2f66-2d07-de9e-0afaf84bb157,30073c6f-93dd-6a22-6eb4-de08361ef02a,2021-03-30T14:40:03Z,2022-03-29T14:40:03Z,b046940f-1664-3047-bca7-dfa76be352a4,,Self,Myra819 Daugherty69
9df4460a-2f66-2d07-de9e-0afaf84bb157,f495ca85-7a58-54c1-18df-7570559469a4,2022-03-29T14:40:03Z,2023-03-28T14:40:03Z,b046940f-1664-3047-bca7-dfa76be352a4,,Self,Myra819 Daugherty69
9df4460a-2f66-2d07-de9e-0afaf84bb157,264538bc-812f-d468-1d75-0e701a7ca180,2023-03-28T14:40:03Z,2024-03-26T13:40:03Z,b046940f-1664-3047-bca7-dfa76be352a4,,Self,Myra819 Daugherty69
f3ef1a41-6be8-f8d8-8294-5004488d713a,2bb5116e-d7d9-ffbd-45ed-f56d3ffa966d,2013-03-26T14:40:03Z,2014-04-01T14:40:03Z,26aab0cd-6aba-3e1b-ac5b-05c8867e762c,,Self,Loree183 Deidre679 Pollich983
f3ef1a41-6be8-f8d8-8294-5004488d713a,bfadab2a-8eb3-5610-078c-a400a7579c6b,2014-04-01T14:40:03Z,2015-03-31T14:40:03Z,26aab0cd-6aba-3e1b-ac5b-05c8867e762c,,Spouse,Mr. Pollich983
f3ef1a41-6be8-f8d8-8294-5004488d713a,14f8b360-ef10-5600-29db-6158878ee276,2015-03-31T14:40:03Z,2016-03-29T14:40:03Z,26aab0cd-6aba-3e1b-ac5b-05c8867e762c,,Self,Loree183 Deidre679 Pollich983
f3ef1a41-6be8-f8d8-8294-5004488d713a,b08dc10d-6af2-6533-eae1-ba677b280f71,2016-03-29T14:40:03Z,2017-03-28T14:40:03Z,26aab0cd-6aba-3e1b-ac5b-05c8867e762c,,Self,Loree183 Deidre679 Pollich983
f3ef1a41-6be8-f8d8-8294-5004488d713a,779416c6-4303-37f0-7b41-a5cc384304f5,2017-03-28T14:40:03Z,2018-03-27T14:40:03Z,26aab0cd-6aba-3e1b-ac5b-05c8867e762c,,Self,Loree183 Deidre679 Pollich983
f3ef1a41-6be8-f8d8-8294-5004488d713a,a5941af9-9252-d196-6e8f-8912cebe31aa,2018-03-27T14:40:03Z,2019-03-26T14:40:03Z,26aab0cd-6aba-3e1b-ac5b-05c8867e762c,,Self,Loree183 Deidre679 Pollich983
f3ef1a41-6be8-f8d8-8294-5004488d713a,8b341312-6d73-15c4-f9d6-cbb9b1dfb5aa,2019-03-26T14:40:03Z,2020-03-31T14:40:03Z,26aab0cd-6aba-3e1b-ac5b-05c8867e762c,,Spouse,Mr. Pollich983
f3ef1a41-6be8-f8d8-8294-5004488d713a,2e2fc548-3b78-6f16-9527-5e3687471d4a,2020-03-31T14:40:03Z,2021-03-30T14:40:03Z,26aab0cd-6aba-3e1b-ac5b-05c8867e762c,,Spouse,Mr. Pollich983
f3ef1a41-6be8-f8d8-8294-5004488d713a,cc1436bf-d973-d517-a9b5-9ea12435bd42,2021-03-30T14:40:03Z,2022-03-29T14:40:03Z,26aab0cd-6aba-3e1b-ac5b-05c8867e762c,,Spouse,Mr. Pollich983
f3ef1a41-6be8-f8d8-8294-5004488d713a,75525602-2b27-0bbb-49f9-d6c3022f3765,2022-03-29T14:40:03Z,2023-03-28T14:40:03Z,26aab0cd-6aba-3e1b-ac5b-05c8867e762c,,Spouse,Mr. Pollich983
f3ef1a41-6be8-f8d8-8294-5004488d713a,ea3f3c51-23ab-b2b9-88b5-7db767d851dd,2023-03-28T14:40:03Z,2024-03-26T13:40:03Z,a735bf55-83e9-331a-899d-a82a60b9f60c,b046940f-1664-3047-bca7-dfa76be352a4,Self,Loree183 Deidre679 Pollich983
8329e200-0243-7346-7e4f-ad40d05b93dd,ddf3679a-cccd-82ea-32e0-d6fe924dffa2,2013-03-26T14:40:03Z,2014-04-01T14:40:03Z,b046940f-1664-3047-bca7-dfa76be352a4,,Spouse,Mr. Nicolas769
8329e200-0243-7346-7e4f-ad40d05b93dd,f611bde2-ce6c-c3c5-b079-6996cc6282ef,2014-04-01T14:40:03Z,2015-03-31T14:40:03Z,b046940f-1664-3047-bca7-dfa76be352a4,,Spouse,Mr. Nicolas769
8329e200-0243-7346-7e4f-ad40d05b93dd,e610dd84-581c-ece5-bef0-7dbf565ba732,2015-03-31T14:40:03Z,2016-03-29T14:40:03Z,b046940f-1664-3047-bca7-dfa76be352a4,,Spouse,Mr. Nicolas769
8329e200-0243-7346-7e4f-ad40d05b93dd,584d9325-a0d2-11a7-f3a1-4a5f8df7850b,2016-03-29T14:40:03Z,2017-03-28T14:40:03Z,b046940f-1664-3047-bca7-dfa76be352a4,,Self,Cecily421 Jazmine498 Nicolas769
8329e200-0243-7346-7e4f-ad40d05b93dd,9e5dbd54-4876-ce3f-f8c6-073488a0fef2,2017-03-28T14:40:03Z,2018-03-27T14:40:03Z,b046940f-1664-3047-bca7-dfa76be352a4,,Spouse,Mr. Nicolas769
8329e200-0243-7346-7e4f-ad40d05b93dd,ec1a2fa8-8575-30c1-224b-a71f07a6e159,2018-03-27T14:40:03Z,2019-03-26T14:40:03Z,b046940f-1664-3047-bca7-dfa76be352a4,,Self,Cecily421 Jazmine498 Nicolas769
8329e200-0243-7346-7e4f-ad40d05b93dd,c2afccfb-1d8a-f6e4-5ba1-e671778682cb,2019-03-26T14:40:03Z,2020-03-31T14:40:03Z,b046940f-1664-3047-bca7-dfa76be352a4,,Self,Cecily421 Jazmine498 Nicolas769
8329e200-0243-7346-7e4f-ad40d05b93dd,b794057f-b2fc-b634-9671-ad629d5fd36e,2020-03-31T14:40:03Z,2021-03-30T14:40:03Z,b046940f-1664-3047-bca7-dfa76be352a4,,Self,Cecily421 Jazmine498 Nicolas769
8329e200-0243-7346-7e4f-ad40d05b93dd,3f48d0ee-1f20-9ad7-72cf-1f20f115db3e,2021-03-30T14:40:03Z,2022-03-29T14:40:03Z,b046940f-1664-3047-bca7-dfa76be352a4,,Spouse,Mr. Nicolas769
8329e200-0243-7346-7e4f-ad40d05b93dd,4ef3bf36-4d3c-158e-be8b-557dce2aede0,2022-03-29T14:40:03Z,2023-03-28T14:40:03Z,b046940f-1664-3047-bca7-dfa76be352a4,,Self,Cecily421 Jazmine498 Nicolas769
8329e200-0243-7346-7e4f-ad40d05b93dd,b2ec977a-67cd-c31b-51bd-959beac85d35,2023-03-28T14:40:03Z,2024-03-26T14:40:03Z,b046940f-1664-3047-bca7-dfa76be352a4,,Spouse,Mr. Nicolas769
8329e200-0243-7346-7e4f-ad40d05b93dd,a9900a0d-ff09-d940-b70b-4a2e582c53bc,2024-03-26T14:40:03Z,2025-03-26T13:40:03Z,b046940f-1664-3047-bca7-dfa76be352a4,,Spouse,Mr. Nicolas769
