Id,ORGANIZATION,NAME,GENDER,SPECIALITY,ADDRESS,CITY,STATE,ZIP,LAT,LON,ENCOUNTERS,PROCEDURES
48b7e18b-317b-312a-9ebf-83bfbd5b68e7,74ab949d-17ac-3309-83a0-13b4405c66aa,Ted955 Reilly981,M,GENERAL PRACTICE,881 Main Street,Fitchburg,MA,01420,42.586487,-71.80521,13,0
6d0d668d-6964-3452-b0d5-a9fa8ca84a53,17a4bae5-8b64-34d7-8144-b428be027bd0,Isabela97 Solorio55,F,GENERAL PRACTICE,512 MAIN STREET  SUITE 211,SHREWSBURY,MA,015456406,42.295109499999995,-71.71808471110307,2,0
6ee45026-b7e3-3954-b256-a0675015543c,ab701a70-a658-340e-8f69-ee196a7d40c6,Jolie499 Parisian75,F,GENERAL PRACTICE,484 RTE 134,WORCESTER,MA,016071728,42.2625621,-71.8018877,1,0
7ad54e6f-c1c5-32f3-8734-be54e611b79a,5fcff9db-16e4-3e56-aa78-abbc16338097,Marcus77 Schamberger479,M,GENERAL PRACTICE,295 VARNUM AVE,WESTFORD,MA,018863513,42.5792583,-71.4378411,49,0
753401b7-17d0-3f00-a250-b9c44aa3d92f,93c3d861-e05d-33b9-91eb-1768470229d7,Phoebe31 Thiel172,F,GENERAL PRACTICE,10 CENTENNIAL DR,PEABODY,MA,019607938,42.5261827,-70.9529896,33,0
0b46b599-4b48-3aa0-89ab-c86c0b5023c1,a14e698d-a9ba-3eae-9c8b-682ec726433d,Leticia253 Dueñas839,F,GENERAL PRACTICE,776 WESTERN AVE,LYNN,MA,019052408,42.466763,-70.9494939,11,0
e978dd76-7ed7-3db6-b282-2927ff8c6421,13161e5b-02d2-3d19-8b48-26ef0becfc83,Erasmo545 Crooks415,M,GENERAL PRACTICE,165 CAPTAIN'S ROW,CHELSEA,MA,021504019,42.3917638,-71.0328284,24,0
0cd8490c-36a5-3072-8de7-f6708c460aa5,0fedae9f-701f-3317-9b2f-69aea2202cdc,Sharron285 Batz141,F,GENERAL PRACTICE,88 EAST NEWTON STREET,WINTHROP,MA,021522715,42.3750976,-70.982827,250,0
f023c644-d6b9-3be3-8450-465d64fa39cc,96e9e829-0b71-3ad3-8b41-60e25b5d47d7,Doyle959 Crooks415,M,GENERAL PRACTICE,111 ORIENT AVE,EAST BOSTON,MA,021281006,42.39055278090538,-71.00587148689957,1,0
cb9ca34f-05d6-35b5-9fc7-a7fec20928fe,440fa4b8-c731-3cf5-81d9-aa3f30a37b95,Bennie663 Abbott774,M,GENERAL PRACTICE,41 & 45 MALL ROAD,PEABODY,MA,019602901,42.5278731,-70.9286609,103,0
95907af4-e5d6-34c4-8bb2-27370e37676f,2befa435-3070-3350-a15c-e43ac1e84b24,Dee580 Schuster709,M,GENERAL PRACTICE,575 BEECH STREET,HOLYOKE,MA,010406604,42.20105435,-72.628169560868,8,0
c69d963f-ee73-329e-acb0-1ef7a100572a,d4e48a16-0a60-3e90-81e5-c35b22ffe6af,Elmer371 Kutch271,F,GENERAL PRACTICE,856 STATE RD,NORTH ADAMS,MA,012473027,42.69967208677275,-73.16330754755236,45,0
0d5e3d6c-7c93-3364-9022-32bbfd18bb43,0d24cc89-3256-330c-b36d-d8de8babef84,Delicia67 Bernhard322,F,GENERAL PRACTICE,1030 FALMOUTH RD,SOUTH YARMOUTH,MA,026641218,41.6667779,-70.1847414,57,0
64e2c8c9-73fe-368b-9e84-d18404b4d199,5117bb89-3a9f-3740-a0f1-c3a1a8d7851e,Rashad361 Predovic534,M,GENERAL PRACTICE,20 ELM ST,PITTSFIELD,MA,012016502,42.4458896,-73.2448206979669,58,0
50fdfd4b-543d-3c5b-9aa0-a8ca11920e11,be509ccb-bfb7-3b87-8945-8426b689ef9d,Chong355 Balistreri607,F,GENERAL PRACTICE,2049 DORCHESTER AVENUE,BOSTON,MA,021244742,42.3554334,-71.060511,9,0
603a1cd7-ead2-3301-8af5-fdbb8bb2c67b,c0719377-d40a-3e9c-9f7c-af47c93b3f40,Taisha184 Sawayn19,F,GENERAL PRACTICE,80 SUMMER ST STE 1,BOSTON,MA,021101218,42.35403315,-71.05809515865283,53,0
e290d394-9c0f-3cec-ba44-75efad60b7c2,70e3ad4f-b9ff-3f3e-9990-2cd7e23a9d1c,Zane918 Bosco882,M,GENERAL PRACTICE,1238 RIVERDALE ST,WEST SPRINGFIELD,MA,010894675,42.1373438,-72.62624707492338,1,0
1df0cff5-479e-3c2f-b440-db3675a92e53,82248deb-13cc-31b2-8764-0233e159a93a,Mayte822 Ávalos396,F,GENERAL PRACTICE,19 DEPOT STREET,ADAMS,MA,012201856,42.623644600000006,-73.11852130252683,46,0
4e724c57-0f9c-31fc-b9d3-3cbff644061f,06cc2462-430f-3322-9c87-7e971125f510,Bryon392 Mann644,M,GENERAL PRACTICE,133 OLD ROAD TO 9 ACRE COR,WESTFORD,MA,018863198,42.5792583,-71.4378411,18,0
7981b74f-08d7-3860-a453-fea98ded7ec6,a2d45ee8-b930-3169-b612-f602961ad212,Valentine262 Leannon79,M,GENERAL PRACTICE,37 MINUTEMAN WAY,SHREWSBURY,MA,015452229,42.288207,-71.73443816915585,27,0
c9b7afbe-394e-3204-b8db-b122e3759c76,f43f97f2-af04-3ed0-a42e-3681718cc9b2,Dorcas534 Quigley282,F,GENERAL PRACTICE,725 NORTH ST,PITTSFIELD,MA,012014109,42.4600752,-73.2492795834909,267,0
5ce205e0-28cf-3402-a046-0e53f10fcd6e,f438b8e0-d856-328a-b193-2b014fc4cb97,Tyron580 Reinger292,M,GENERAL PRACTICE,981 VARNUM AVENUE,LOWELL,MA,018541913,42.64591185,-71.36487149058269,21,0
5dd2e17c-7052-32d4-9ef0-5c6d3d9f56d8,79d49935-bcc0-36ca-920b-45365c367438,Jamel269 Hudson301,M,GENERAL PRACTICE,409 W BROADWAY,SOUTH BOSTON,MA,021272245,42.336831,-71.047958,52,0
313e33c4-8f8d-378d-a66c-9bebccfa55ab,497f39dd-280e-3d58-af5b-c5e3a3a09b10,Randy380 Bergstrom287,F,GENERAL PRACTICE,27 PARK ST,HYANNIS,MA,026015230,41.65363635,-70.27352219234834,184,0
9a8bf373-8ad0-3197-891d-5f85bf94402c,1ab2b5f9-cb95-3236-beec-9b9d4a407c61,Carroll471 Eichmann909,M,GENERAL PRACTICE,725 NORTH ST,PITTSFIELD,MA,012014109,42.4600752,-73.2492795834909,143,0
195f65af-0d98-3479-b649-43f000984a8e,5b0cd0a0-f277-3a66-bee6-d64b5be4a3f5,Waldo53 Hintz995,M,GENERAL PRACTICE,725 NORTH ST,PITTSFIELD,MA,012015493,42.4600752,-73.2492795834909,730,0
66d9fb14-4ab3-3d64-8de8-6c2d29c0eeed,ad2dab07-4f85-3950-baaa-7c7cd2aa770c,Gertrud593 Kuhic920,F,GENERAL PRACTICE,55 LAKE AVENUE NORTH,WORCESTER,MA,016550002,42.2774799,-71.76166994969458,9,0
b53e82a1-ec4a-3430-956d-b817542766ab,0d1570ab-371c-3898-9397-95905d8c5166,Jose871 Dicki44,M,GENERAL PRACTICE,750 WASHINGTON ST,BOSTON,MA,021111552,42.3499038,-71.0631836,127,0
1e2d24f3-ed61-3b1f-be29-cab628624e22,2ca615f3-87f7-3283-a447-d919a883b676,Elizbeth263 Dickinson688,F,GENERAL PRACTICE,1399 WASHINGTON ST,HANOVER,MA,023391653,42.1441354,-70.8440854,2,0
6c46c360-bff3-383c-8635-5b2d04a60995,7b1b5168-1ee7-3bff-ba75-d36a229d5e64,Lora418 Jast432,F,GENERAL PRACTICE,394 LOWELL ST STE 11,LEXINGTON,MA,024202550,42.44858045,-71.19926263869804,23,0
228e8ec5-700e-3633-bbf1-cad2ddd45d5a,8ec2ca51-abb4-35dd-b90f-6c6aad6d2124,Oda116 Conn188,F,GENERAL PRACTICE,22 JOHNSON STREET,PEABODY,MA,019602311,42.54644385,-70.99288129112277,8,0
77d73790-efc9-385d-aed7-49a9d5df37dc,9fdce5d5-d4d0-3156-a8d5-8757bfe4e9b3,Pamelia915 Kilback373,F,GENERAL PRACTICE,1 FARMER CIR,ARLINGTON,MA,024742866,42.42405225,-71.16792616556859,58,0
e60174b5-291c-353c-aa32-2174ec12758e,aad05540-c9cb-3805-b3c4-f9b9d9b42b2e,Quentin28 Fritsch593,M,GENERAL PRACTICE,821 E MAIN ST STE 3,CHICOPEE,MA,010206306,42.155774795300516,-72.55672263289513,34,0
3feee4c5-d6ed-38d2-843d-4ebf71e3d17d,1cec4304-9757-3a10-ad4f-7e2090c56131,Theo630 Rohan584,M,GENERAL PRACTICE,55 LAKE AVE N,WORCESTER,MA,016550002,42.2774799,-71.76166994969458,18,0
3beb138c-16d3-3adf-80dc-dfe1d8738e31,84d5768f-3a21-3da9-aad2-bbf7a3ae2700,Elba502 Schneider199,F,GENERAL PRACTICE,817 MERRIMACK ST,LOWELL,MA,018543548,42.650296999999995,-71.32263756223612,30,0
33cf358e-ce4c-3557-a596-d20b144adffe,058176fd-cbb0-328b-8411-c19f5045032d,Dion244 Sanford861,M,GENERAL PRACTICE,840 EMERSON GARDENS ROAD,LEXINGTON,MA,02420,42.43761961817366,-71.19888753880475,13,0
8d41fffe-ab20-3e91-afe2-ed16fb115000,a036cdf2-bbc5-3ffd-987f-56e437fd8b74,Lashanda692 Gutmann970,F,GENERAL PRACTICE,265 N MAIN ST,SOUTH YARMOUTH,MA,026642083,41.680980000000005,-70.18292625685085,22,0
1f7f7a5f-2965-34a1-8a54-3ec2ed160fa8,4f5e8f16-a31b-3071-8556-d7188ede313d,Kala987 Wolf938,F,GENERAL PRACTICE,575 BEECH ST,HOLYOKE,MA,010402223,42.20105435,-72.628169560868,115,0
b05126ec-9cc9-312a-8c1e-65dcdc850185,a25107f7-f4f5-36fc-98e4-f3e1b5875c91,Yesenia104 Wilderman619,F,GENERAL PRACTICE,1285 BEACON ST,WOBURN,MA,018012157,42.4979478,-71.1684508,4,0
0b148182-d4f7-363b-9517-95a042bec861,83769f98-fff3-3535-8781-6ace5957136f,Harland508 Breitenberg711,M,GENERAL PRACTICE,115 NORTH AVENUE,ROCKLAND,MA,023702129,42.13496385,-70.92237824494691,12,0
a009dc4b-958a-3cc9-b49b-589f9dbc4df9,40d5ac54-6e92-353d-8bce-63afb7e8fb0b,Magaly973 Jacobs452,F,GENERAL PRACTICE,1325 SPRINGFIELD STREET STE 12,PITTSFIELD,MA,012016187,42.451302,-73.260018,2,0
ce7b244f-eb9f-3543-bdaf-33073a2d4697,217cb6f6-e822-3831-9d9d-ffa104971042,Luther918 Jakubowski832,M,GENERAL PRACTICE,2 REHABILITATION WAY,WOBURN,MA,018016003,42.46352265,-71.161925472006,127,0
30ccb3a4-4f36-33eb-b717-719774dc993c,65dac97b-bb0c-38ae-94bc-bf29ac9687ea,Sebastian508 Rowe323,M,GENERAL PRACTICE,265 MAIN STREET,DALTON,MA,012261614,42.472932099999994,-73.17745071097283,40,0
95f708e1-b2a2-35ad-8f7f-cfc652e9ce5c,486bf543-9696-3d51-aa70-28a3044ce490,Ping698 Weissnat378,F,GENERAL PRACTICE,777 NORTH STREET,PITTSFIELD,MA,012014147,42.46054825,-73.24880457390918,59,0
aeb5b496-013f-348e-9c8d-664f84ef7f57,91808f17-7583-32a3-aa55-23b131b327c7,Leonie332 Wunsch504,F,GENERAL PRACTICE,200 CORDWAINER DR,NORWELL,MA,020611671,42.16352995,-70.8846291501739,61,0
df161366-1ca4-383c-8c7d-e762563975af,c05d73d0-b348-32ce-9fe5-13a720950f37,Rema399 McDermott739,F,GENERAL PRACTICE,45 DRUM HILL RD,CHELMSFORD,MA,018241503,42.6255635,-71.3615131,2,0
08f98e4a-8506-3d92-b67b-431b83520dc1,0592d4e5-a0fb-3143-83cd-8e5a6b066a96,Mica978 Lemke654,F,GENERAL PRACTICE,20 EAST ST,HANOVER,MA,023391638,42.1278249,-70.82664947485381,14,0
fe05b321-12d3-3403-8535-2febbde2e9c5,6aae7a31-90df-3455-ad8d-81f8cf2d21e8,Damaris45 Funk324,F,GENERAL PRACTICE,680 CENTRE ST,BROCKTON,MA,023023308,42.0872752,-70.9910738855076,228,0
