DATE,PATIENT,ENCOUNTER,CODE,DESCRIPTION,QUANTITY
2013-09-11,92675303-ca5b-136a-169b-e764c5753f06,46dba63e-1e85-74f4-fb7f-0d4c670148ba,337388004,Blood glucose testing strips (physical object),50
2013-09-11,92675303-ca5b-136a-169b-e764c5753f06,46dba63e-1e85-74f4-fb7f-0d4c670148ba,1137596000,Blood lancet (physical object),100
1978-01-24,6872def5-772f-427c-3053-de6e1c71ce0a,2423cf2e-ac49-8e19-b7c5-d276cfcc697f,1137596000,Blood lancet (physical object),100
2014-09-17,92675303-ca5b-136a-169b-e764c5753f06,5762016e-2e74-a931-40a8-825f58f5a1b6,337388004,Blood glucose testing strips (physical object),50
2014-09-17,92675303-ca5b-136a-169b-e764c5753f06,5762016e-2e74-a931-40a8-825f58f5a1b6,1137596000,Blood lancet (physical object),100
2014-01-07,4113255f-4e35-506a-ddef-4429caa17ffc,93e02c9c-2a30-27da-0bdf-7165b29d08de,337388004,Blood glucose testing strips (physical object),50
2014-05-27,4113255f-4e35-506a-ddef-4429caa17ffc,7a703208-a845-2445-3a5c-f46550c5c749,337388004,Blood glucose testing strips (physical object),50
2017-09-20,92675303-ca5b-136a-169b-e764c5753f06,6f82f2a3-93ce-3611-ea4c-7d5565c1c2ed,337388004,Blood glucose testing strips (physical object),50
2017-09-20,92675303-ca5b-136a-169b-e764c5753f06,6f82f2a3-93ce-3611-ea4c-7d5565c1c2ed,1137596000,Blood lancet (physical object),100
2015-01-13,4113255f-4e35-506a-ddef-4429caa17ffc,a3b016a6-6428-d30a-0e64-376584bc348c,337388004,Blood glucose testing strips (physical object),50
2011-12-27,6872def5-772f-427c-3053-de6e1c71ce0a,24c7bf5d-9bd1-e872-bef8-33b7ad34f690,337388004,Blood glucose testing strips (physical object),50
2013-01-01,6872def5-772f-427c-3053-de6e1c71ce0a,da0a9141-8a9b-c41f-3bcb-2a1542fc6ff6,337388004,Blood glucose testing strips (physical object),50
2016-07-30,abc59f62-dc5a-5095-1141-80b4ee8be73b,41f9a510-7b45-8c3d-d242-97f7b5930300,277183007,Dental equipment (physical object),1
2016-07-30,abc59f62-dc5a-5095-1141-80b4ee8be73b,41f9a510-7b45-8c3d-d242-97f7b5930300,1230220004,Conventional release periodontal gel (dose form),1
2016-07-30,abc59f62-dc5a-5095-1141-80b4ee8be73b,41f9a510-7b45-8c3d-d242-97f7b5930300,469020004,Dental floss (physical object),1
2012-11-14,a0b63e97-b6fd-5fe1-8f2d-2bec915efa97,766b4d48-d5f2-a721-a9af-2f810bfe332d,706390002,Dental impression material (physical object),1
2012-11-14,a0b63e97-b6fd-5fe1-8f2d-2bec915efa97,766b4d48-d5f2-a721-a9af-2f810bfe332d,468277001,Dental impression tray material (physical object),1
2016-03-04,6c434506-fb4b-3e3f-c19d-553dec3b6c17,e2e8adf0-babe-9646-73e8-fffaae3cc992,277183007,Dental equipment (physical object),1
2016-03-04,6c434506-fb4b-3e3f-c19d-553dec3b6c17,e2e8adf0-babe-9646-73e8-fffaae3cc992,1230220004,Conventional release periodontal gel (dose form),1
2016-03-04,6c434506-fb4b-3e3f-c19d-553dec3b6c17,e2e8adf0-babe-9646-73e8-fffaae3cc992,469020004,Dental floss (physical object),1
2017-10-04,92675303-ca5b-136a-169b-e764c5753f06,dc6a1bab-5be5-5bad-4670-65d06a9f610c,277183007,Dental equipment (physical object),1
2017-10-04,92675303-ca5b-136a-169b-e764c5753f06,dc6a1bab-5be5-5bad-4670-65d06a9f610c,1230220004,Conventional release periodontal gel (dose form),1
2017-10-04,92675303-ca5b-136a-169b-e764c5753f06,dc6a1bab-5be5-5bad-4670-65d06a9f610c,469020004,Dental floss (physical object),1
2016-01-19,4113255f-4e35-506a-ddef-4429caa17ffc,df0356db-e9fb-f473-67d7-5cf67359cea9,337388004,Blood glucose testing strips (physical object),50
2015-01-13,6872def5-772f-427c-3053-de6e1c71ce0a,a1b699f0-9802-2ee7-abe4-85e682aa884f,337388004,Blood glucose testing strips (physical object),50
2016-02-02,4113255f-4e35-506a-ddef-4429caa17ffc,6c9ab8a8-67bf-24e9-0d5b-40683da7ffb4,277183007,Dental equipment (physical object),1
2016-02-02,4113255f-4e35-506a-ddef-4429caa17ffc,6c9ab8a8-67bf-24e9-0d5b-40683da7ffb4,1230220004,Conventional release periodontal gel (dose form),1
2016-02-02,4113255f-4e35-506a-ddef-4429caa17ffc,6c9ab8a8-67bf-24e9-0d5b-40683da7ffb4,469020004,Dental floss (physical object),1
2016-05-25,239ae86a-96db-6211-9042-d3f2850aabb8,f77df22a-4626-beb4-6f99-b9dacd060ff9,277183007,Dental equipment (physical object),1
2016-05-25,239ae86a-96db-6211-9042-d3f2850aabb8,f77df22a-4626-beb4-6f99-b9dacd060ff9,1230220004,Conventional release periodontal gel (dose form),1
2016-05-25,239ae86a-96db-6211-9042-d3f2850aabb8,f77df22a-4626-beb4-6f99-b9dacd060ff9,469020004,Dental floss (physical object),1
2017-01-24,4113255f-4e35-506a-ddef-4429caa17ffc,2327c15a-5589-ea7e-0c66-199916f8e0b9,337388004,Blood glucose testing strips (physical object),50
2015-06-24,a0b63e97-b6fd-5fe1-8f2d-2bec915efa97,84344594-4605-1951-c160-83c624e23495,277183007,Dental equipment (physical object),1
2015-06-24,a0b63e97-b6fd-5fe1-8f2d-2bec915efa97,84344594-4605-1951-c160-83c624e23495,1230220004,Conventional release periodontal gel (dose form),1
2015-06-24,a0b63e97-b6fd-5fe1-8f2d-2bec915efa97,84344594-4605-1951-c160-83c624e23495,469020004,Dental floss (physical object),1
2019-08-24,abc59f62-dc5a-5095-1141-80b4ee8be73b,a11b7901-ee05-7b32-7eda-b369c16cb26d,277183007,Dental equipment (physical object),1
2019-08-24,abc59f62-dc5a-5095-1141-80b4ee8be73b,a11b7901-ee05-7b32-7eda-b369c16cb26d,1230220004,Conventional release periodontal gel (dose form),1
2019-08-24,abc59f62-dc5a-5095-1141-80b4ee8be73b,a11b7901-ee05-7b32-7eda-b369c16cb26d,469020004,Dental floss (physical object),1
2018-01-30,4113255f-4e35-506a-ddef-4429caa17ffc,f976e35f-ea6e-9d88-8fb1-95045ced565d,337388004,Blood glucose testing strips (physical object),50
2018-01-30,4113255f-4e35-506a-ddef-4429caa17ffc,f976e35f-ea6e-9d88-8fb1-95045ced565d,1137596000,Blood lancet (physical object),100
2019-02-05,4113255f-4e35-506a-ddef-4429caa17ffc,f998ca30-03c9-b325-347d-a462f6e2fdf3,337388004,Blood glucose testing strips (physical object),50
2015-03-23,59844213-b884-17cb-59e9-c07a73a06f41,734f41b2-c373-22ac-b7ad-cc05194cadb5,277183007,Dental equipment (physical object),1
2015-03-23,59844213-b884-17cb-59e9-c07a73a06f41,734f41b2-c373-22ac-b7ad-cc05194cadb5,1230220004,Conventional release periodontal gel (dose form),1
2015-03-23,59844213-b884-17cb-59e9-c07a73a06f41,734f41b2-c373-22ac-b7ad-cc05194cadb5,469020004,Dental floss (physical object),1
2016-02-02,6872def5-772f-427c-3053-de6e1c71ce0a,75006131-a1a9-1c3e-337b-ddc9c75a16c6,277183007,Dental equipment (physical object),1
2016-02-02,6872def5-772f-427c-3053-de6e1c71ce0a,75006131-a1a9-1c3e-337b-ddc9c75a16c6,1230220004,Conventional release periodontal gel (dose form),1
2016-02-02,6872def5-772f-427c-3053-de6e1c71ce0a,75006131-a1a9-1c3e-337b-ddc9c75a16c6,469020004,Dental floss (physical object),1
2019-02-19,4113255f-4e35-506a-ddef-4429caa17ffc,32630229-1e8b-833e-f255-fa61f994d3c6,277183007,Dental equipment (physical object),1
2019-02-19,4113255f-4e35-506a-ddef-4429caa17ffc,32630229-1e8b-833e-f255-fa61f994d3c6,1230220004,Conventional release periodontal gel (dose form),1
2019-02-19,4113255f-4e35-506a-ddef-4429caa17ffc,32630229-1e8b-833e-f255-fa61f994d3c6,469020004,Dental floss (physical object),1
2020-08-29,abc59f62-dc5a-5095-1141-80b4ee8be73b,028f2bc6-d6b4-1fb8-2f42-4b8ede73c1ee,277183007,Dental equipment (physical object),1
2016-09-19,28d7b56c-6056-d0a2-2991-39d6e917216c,086c206b-6a53-7d7d-4524-e73ac4f7ab25,277183007,Dental equipment (physical object),1
2016-09-19,28d7b56c-6056-d0a2-2991-39d6e917216c,086c206b-6a53-7d7d-4524-e73ac4f7ab25,1230220004,Conventional release periodontal gel (dose form),1
2016-09-19,28d7b56c-6056-d0a2-2991-39d6e917216c,086c206b-6a53-7d7d-4524-e73ac4f7ab25,469020004,Dental floss (physical object),1
2020-08-29,abc59f62-dc5a-5095-1141-80b4ee8be73b,028f2bc6-d6b4-1fb8-2f42-4b8ede73c1ee,1230220004,Conventional release periodontal gel (dose form),1
2020-08-29,abc59f62-dc5a-5095-1141-80b4ee8be73b,028f2bc6-d6b4-1fb8-2f42-4b8ede73c1ee,469020004,Dental floss (physical object),1
2020-02-11,4113255f-4e35-506a-ddef-4429caa17ffc,c5c32b1f-20c2-9992-9578-f5a814c80625,337388004,Blood glucose testing strips (physical object),50
2016-04-05,6872def5-772f-427c-3053-de6e1c71ce0a,e17791c4-eec3-1e80-84d9-eae9bb7594f5,337388004,Blood glucose testing strips (physical object),50
2019-12-11,92675303-ca5b-136a-169b-e764c5753f06,013ecc16-67b0-a349-3451-8fc3b08cd90c,277183007,Dental equipment (physical object),1
2019-12-11,92675303-ca5b-136a-169b-e764c5753f06,013ecc16-67b0-a349-3451-8fc3b08cd90c,1230220004,Conventional release periodontal gel (dose form),1
2019-12-11,92675303-ca5b-136a-169b-e764c5753f06,013ecc16-67b0-a349-3451-8fc3b08cd90c,469020004,Dental floss (physical object),1
2020-02-25,4113255f-4e35-506a-ddef-4429caa17ffc,f5d35f96-833e-2445-2677-0dc80f0a5664,277183007,Dental equipment (physical object),1
2020-02-25,4113255f-4e35-506a-ddef-4429caa17ffc,f5d35f96-833e-2445-2677-0dc80f0a5664,1230220004,Conventional release periodontal gel (dose form),1
2020-02-25,4113255f-4e35-506a-ddef-4429caa17ffc,f5d35f96-833e-2445-2677-0dc80f0a5664,469020004,Dental floss (physical object),1
2016-04-20,6872def5-772f-427c-3053-de6e1c71ce0a,6cefbb98-7dc3-8b19-0590-faf6938030ca,277183007,Dental equipment (physical object),1
2016-04-20,6872def5-772f-427c-3053-de6e1c71ce0a,6cefbb98-7dc3-8b19-0590-faf6938030ca,1230220004,Conventional release periodontal gel (dose form),1
2016-04-20,6872def5-772f-427c-3053-de6e1c71ce0a,6cefbb98-7dc3-8b19-0590-faf6938030ca,469020004,Dental floss (physical object),1
2021-09-04,abc59f62-dc5a-5095-1141-80b4ee8be73b,450e763a-419d-5956-fe44-0ee1ab5ba515,277183007,Dental equipment (physical object),1
2021-09-04,abc59f62-dc5a-5095-1141-80b4ee8be73b,450e763a-419d-5956-fe44-0ee1ab5ba515,1230220004,Conventional release periodontal gel (dose form),1
2021-09-04,abc59f62-dc5a-5095-1141-80b4ee8be73b,450e763a-419d-5956-fe44-0ee1ab5ba515,469020004,Dental floss (physical object),1
2020-09-23,92675303-ca5b-136a-169b-e764c5753f06,4dd22172-e4f2-63d4-ccec-2a08b8bb3d5f,337388004,Blood glucose testing strips (physical object),50
2017-08-23,a0b63e97-b6fd-5fe1-8f2d-2bec915efa97,8b59d026-8b84-406b-adec-a96853167142,277183007,Dental equipment (physical object),1
2017-08-23,a0b63e97-b6fd-5fe1-8f2d-2bec915efa97,8b59d026-8b84-406b-adec-a96853167142,1230220004,Conventional release periodontal gel (dose form),1
2017-08-23,a0b63e97-b6fd-5fe1-8f2d-2bec915efa97,8b59d026-8b84-406b-adec-a96853167142,469020004,Dental floss (physical object),1
2016-03-28,59844213-b884-17cb-59e9-c07a73a06f41,727f5a1e-d9ce-6976-8bd8-178b4fe6cec9,277183007,Dental equipment (physical object),1
2016-03-28,59844213-b884-17cb-59e9-c07a73a06f41,727f5a1e-d9ce-6976-8bd8-178b4fe6cec9,1230220004,Conventional release periodontal gel (dose form),1
2016-03-28,59844213-b884-17cb-59e9-c07a73a06f41,727f5a1e-d9ce-6976-8bd8-178b4fe6cec9,469020004,Dental floss (physical object),1
2017-02-07,6872def5-772f-427c-3053-de6e1c71ce0a,78646de7-8ee3-c770-369b-6bac1f89ecd0,277183007,Dental equipment (physical object),1
2017-02-07,6872def5-772f-427c-3053-de6e1c71ce0a,78646de7-8ee3-c770-369b-6bac1f89ecd0,1230220004,Conventional release periodontal gel (dose form),1
2017-02-07,6872def5-772f-427c-3053-de6e1c71ce0a,78646de7-8ee3-c770-369b-6bac1f89ecd0,469020004,Dental floss (physical object),1
2019-03-08,6c434506-fb4b-3e3f-c19d-553dec3b6c17,88aa05e4-e479-3f41-ac1e-513ffad9132a,277183007,Dental equipment (physical object),1
2019-03-08,6c434506-fb4b-3e3f-c19d-553dec3b6c17,88aa05e4-e479-3f41-ac1e-513ffad9132a,1230220004,Conventional release periodontal gel (dose form),1
2019-03-08,6c434506-fb4b-3e3f-c19d-553dec3b6c17,88aa05e4-e479-3f41-ac1e-513ffad9132a,469020004,Dental floss (physical object),1
2021-03-02,4113255f-4e35-506a-ddef-4429caa17ffc,18ccad63-0797-2d9c-a916-f7a7b1adad87,277183007,Dental equipment (physical object),1
2021-03-02,4113255f-4e35-506a-ddef-4429caa17ffc,18ccad63-0797-2d9c-a916-f7a7b1adad87,1230220004,Conventional release periodontal gel (dose form),1
2021-03-02,4113255f-4e35-506a-ddef-4429caa17ffc,18ccad63-0797-2d9c-a916-f7a7b1adad87,469020004,Dental floss (physical object),1
2018-01-30,6872def5-772f-427c-3053-de6e1c71ce0a,e3b743bf-e130-068b-1553-a35c2d6b8752,337388004,Blood glucose testing strips (physical object),50
2018-01-30,6872def5-772f-427c-3053-de6e1c71ce0a,e3b743bf-e130-068b-1553-a35c2d6b8752,337388004,Blood glucose testing strips (physical object),50
2018-01-30,6872def5-772f-427c-3053-de6e1c71ce0a,e3b743bf-e130-068b-1553-a35c2d6b8752,1137596000,Blood lancet (physical object),100
2017-12-06,a0b63e97-b6fd-5fe1-8f2d-2bec915efa97,09306c04-bda3-ce00-b2e7-b3450dc4fff4,277183007,Dental equipment (physical object),1
2017-12-06,a0b63e97-b6fd-5fe1-8f2d-2bec915efa97,09306c04-bda3-ce00-b2e7-b3450dc4fff4,1230220004,Conventional release periodontal gel (dose form),1
2017-12-06,a0b63e97-b6fd-5fe1-8f2d-2bec915efa97,09306c04-bda3-ce00-b2e7-b3450dc4fff4,469020004,Dental floss (physical object),1
2018-02-13,6872def5-772f-427c-3053-de6e1c71ce0a,125039e6-9db3-76a9-b96e-e25ceff0e3d3,277183007,Dental equipment (physical object),1
2018-02-13,6872def5-772f-427c-3053-de6e1c71ce0a,125039e6-9db3-76a9-b96e-e25ceff0e3d3,1230220004,Conventional release periodontal gel (dose form),1
2018-02-13,6872def5-772f-427c-3053-de6e1c71ce0a,125039e6-9db3-76a9-b96e-e25ceff0e3d3,469020004,Dental floss (physical object),1
2023-09-27,92675303-ca5b-136a-169b-e764c5753f06,b291d176-3a35-cae1-2a0f-89c4eb0502f1,337388004,Blood glucose testing strips (physical object),50
2019-02-05,6872def5-772f-427c-3053-de6e1c71ce0a,be0b5b22-48a1-6088-6971-078db18e5a37,1137596000,Blood lancet (physical object),100
2018-12-12,a0b63e97-b6fd-5fe1-8f2d-2bec915efa97,15f51018-45e8-90f7-4356-1adf32a2470d,277183007,Dental equipment (physical object),1
2018-12-12,a0b63e97-b6fd-5fe1-8f2d-2bec915efa97,15f51018-45e8-90f7-4356-1adf32a2470d,1230220004,Conventional release periodontal gel (dose form),1
2018-12-12,a0b63e97-b6fd-5fe1-8f2d-2bec915efa97,15f51018-45e8-90f7-4356-1adf32a2470d,469020004,Dental floss (physical object),1
2020-02-11,6872def5-772f-427c-3053-de6e1c71ce0a,b2404d8c-2123-c0c8-c80f-af1b7e14464d,337388004,Blood glucose testing strips (physical object),50
2023-10-11,92675303-ca5b-136a-169b-e764c5753f06,92dec80e-1f01-9a73-04c0-297a5902680f,277183007,Dental equipment (physical object),1
2023-10-11,92675303-ca5b-136a-169b-e764c5753f06,92dec80e-1f01-9a73-04c0-297a5902680f,1230220004,Conventional release periodontal gel (dose form),1
2023-10-11,92675303-ca5b-136a-169b-e764c5753f06,92dec80e-1f01-9a73-04c0-297a5902680f,469020004,Dental floss (physical object),1
2019-12-18,a0b63e97-b6fd-5fe1-8f2d-2bec915efa97,2ddfa4c4-d507-f898-dda5-63d2c69bc41e,277183007,Dental equipment (physical object),1
2019-12-18,a0b63e97-b6fd-5fe1-8f2d-2bec915efa97,2ddfa4c4-d507-f898-dda5-63d2c69bc41e,1230220004,Conventional release periodontal gel (dose form),1
2019-12-18,a0b63e97-b6fd-5fe1-8f2d-2bec915efa97,2ddfa4c4-d507-f898-dda5-63d2c69bc41e,469020004,Dental floss (physical object),1
2020-06-03,239ae86a-96db-6211-9042-d3f2850aabb8,c9af764b-c4ad-3d94-f20b-ce1e02b40eea,277183007,Dental equipment (physical object),1
2020-06-03,239ae86a-96db-6211-9042-d3f2850aabb8,c9af764b-c4ad-3d94-f20b-ce1e02b40eea,1230220004,Conventional release periodontal gel (dose form),1
2020-06-03,239ae86a-96db-6211-9042-d3f2850aabb8,c9af764b-c4ad-3d94-f20b-ce1e02b40eea,469020004,Dental floss (physical object),1
2021-02-16,6872def5-772f-427c-3053-de6e1c71ce0a,7140f08a-5c10-20b4-26b6-3c4a39f3365d,337388004,Blood glucose testing strips (physical object),50
2021-02-16,6872def5-772f-427c-3053-de6e1c71ce0a,7140f08a-5c10-20b4-26b6-3c4a39f3365d,1137596000,Blood lancet (physical object),100
2021-05-07,6c434506-fb4b-3e3f-c19d-553dec3b6c17,fbbed68a-2767-19c9-7986-6ed44be65367,277183007,Dental equipment (physical object),1
2021-05-07,6c434506-fb4b-3e3f-c19d-553dec3b6c17,fbbed68a-2767-19c9-7986-6ed44be65367,1230220004,Conventional release periodontal gel (dose form),1
2021-05-07,6c434506-fb4b-3e3f-c19d-553dec3b6c17,fbbed68a-2767-19c9-7986-6ed44be65367,469020004,Dental floss (physical object),1
2023-09-16,abc59f62-dc5a-5095-1141-80b4ee8be73b,e40b79b2-13ea-b3fa-0c81-5f26990f3b1f,277183007,Dental equipment (physical object),1
2023-09-16,abc59f62-dc5a-5095-1141-80b4ee8be73b,e40b79b2-13ea-b3fa-0c81-5f26990f3b1f,1230220004,Conventional release periodontal gel (dose form),1
2023-09-16,abc59f62-dc5a-5095-1141-80b4ee8be73b,e40b79b2-13ea-b3fa-0c81-5f26990f3b1f,469020004,Dental floss (physical object),1
2020-12-11,a0b63e97-b6fd-5fe1-8f2d-2bec915efa97,08d689ef-4f9c-904d-5091-f053e0fec1bf,706390002,Dental impression material (physical object),1
2020-12-11,a0b63e97-b6fd-5fe1-8f2d-2bec915efa97,08d689ef-4f9c-904d-5091-f053e0fec1bf,468277001,Dental impression tray material (physical object),1
2022-02-22,4113255f-4e35-506a-ddef-4429caa17ffc,978c842b-2971-c8d6-7b1f-534609f55430,337388004,Blood glucose testing strips (physical object),50
2022-02-22,4113255f-4e35-506a-ddef-4429caa17ffc,978c842b-2971-c8d6-7b1f-534609f55430,1137596000,Blood lancet (physical object),100
2017-04-03,28d7b56c-6056-d0a2-2991-39d6e917216c,6387a86a-b7a1-0fa4-125c-5e1c4ffe8515,277183007,Dental equipment (physical object),1
2017-04-03,28d7b56c-6056-d0a2-2991-39d6e917216c,6387a86a-b7a1-0fa4-125c-5e1c4ffe8515,1230220004,Conventional release periodontal gel (dose form),1
2017-04-03,28d7b56c-6056-d0a2-2991-39d6e917216c,6387a86a-b7a1-0fa4-125c-5e1c4ffe8515,469020004,Dental floss (physical object),1
2022-03-08,4113255f-4e35-506a-ddef-4429caa17ffc,9c233578-00fe-e0d2-c849-5cd12d58a150,277183007,Dental equipment (physical object),1
2022-03-08,4113255f-4e35-506a-ddef-4429caa17ffc,9c233578-00fe-e0d2-c849-5cd12d58a150,1230220004,Conventional release periodontal gel (dose form),1
2022-03-08,4113255f-4e35-506a-ddef-4429caa17ffc,9c233578-00fe-e0d2-c849-5cd12d58a150,469020004,Dental floss (physical object),1
2022-02-22,6872def5-772f-427c-3053-de6e1c71ce0a,118c8dc7-9715-9308-c721-beaa31ee1756,1137596000,Blood lancet (physical object),100
2018-05-28,28d7b56c-6056-d0a2-2991-39d6e917216c,3e6a44e8-2306-b89b-5766-a9a62b5b12fa,277183007,Dental equipment (physical object),1
2018-05-28,28d7b56c-6056-d0a2-2991-39d6e917216c,3e6a44e8-2306-b89b-5766-a9a62b5b12fa,1230220004,Conventional release periodontal gel (dose form),1
2018-05-28,28d7b56c-6056-d0a2-2991-39d6e917216c,3e6a44e8-2306-b89b-5766-a9a62b5b12fa,469020004,Dental floss (physical object),1
2023-02-28,6872def5-772f-427c-3053-de6e1c71ce0a,ef5a6fc8-9464-c843-1f88-039934695e39,337388004,Blood glucose testing strips (physical object),50
2024-03-05,6872def5-772f-427c-3053-de6e1c71ce0a,1160f4ac-5c81-9a51-133f-a496fbf38976,337388004,Blood glucose testing strips (physical object),50
2018-10-01,28d7b56c-6056-d0a2-2991-39d6e917216c,e3f5514a-d170-81a3-aa37-a90c5ab541c2,277183007,Dental equipment (physical object),1
2018-10-01,28d7b56c-6056-d0a2-2991-39d6e917216c,e3f5514a-d170-81a3-aa37-a90c5ab541c2,1230220004,Conventional release periodontal gel (dose form),1
2018-10-01,28d7b56c-6056-d0a2-2991-39d6e917216c,e3f5514a-d170-81a3-aa37-a90c5ab541c2,469020004,Dental floss (physical object),1
2022-06-14,4113255f-4e35-506a-ddef-4429caa17ffc,17b06f52-92a8-6384-f3bf-98fe897b7968,277183007,Dental equipment (physical object),1
2022-06-14,4113255f-4e35-506a-ddef-4429caa17ffc,17b06f52-92a8-6384-f3bf-98fe897b7968,1230220004,Conventional release periodontal gel (dose form),1
2022-06-14,4113255f-4e35-506a-ddef-4429caa17ffc,17b06f52-92a8-6384-f3bf-98fe897b7968,469020004,Dental floss (physical object),1
2018-09-24,59844213-b884-17cb-59e9-c07a73a06f41,673814c8-8bf2-2149-2f4c-56837a862f9e,277183007,Dental equipment (physical object),1
2018-09-24,59844213-b884-17cb-59e9-c07a73a06f41,673814c8-8bf2-2149-2f4c-56837a862f9e,1230220004,Conventional release periodontal gel (dose form),1
2018-09-24,59844213-b884-17cb-59e9-c07a73a06f41,673814c8-8bf2-2149-2f4c-56837a862f9e,469020004,Dental floss (physical object),1
2021-04-26,59844213-b884-17cb-59e9-c07a73a06f41,298aae55-4c0b-5c2b-9b43-d14274cddd84,277183007,Dental equipment (physical object),1
2021-04-26,59844213-b884-17cb-59e9-c07a73a06f41,298aae55-4c0b-5c2b-9b43-d14274cddd84,1230220004,Conventional release periodontal gel (dose form),1
2021-04-26,59844213-b884-17cb-59e9-c07a73a06f41,298aae55-4c0b-5c2b-9b43-d14274cddd84,469020004,Dental floss (physical object),1
2024-03-20,4113255f-4e35-506a-ddef-4429caa17ffc,a8e124d9-27f8-b158-37cd-620f946f04cc,346447007,Fresh frozen plasma (product),1
2024-03-20,4113255f-4e35-506a-ddef-4429caa17ffc,75446f22-2d91-7063-d70e-80e9c9010d54,431069006,Packed red blood cells (product),2
2024-03-21,4113255f-4e35-506a-ddef-4429caa17ffc,75446f22-2d91-7063-d70e-80e9c9010d54,431069006,Packed red blood cells (product),2
2021-01-18,28d7b56c-6056-d0a2-2991-39d6e917216c,727d40c3-0e19-45f0-a0b0-9852f3985a40,277183007,Dental equipment (physical object),1
2021-01-18,28d7b56c-6056-d0a2-2991-39d6e917216c,727d40c3-0e19-45f0-a0b0-9852f3985a40,1230220004,Conventional release periodontal gel (dose form),1
2021-01-18,28d7b56c-6056-d0a2-2991-39d6e917216c,727d40c3-0e19-45f0-a0b0-9852f3985a40,469020004,Dental floss (physical object),1
2022-05-02,59844213-b884-17cb-59e9-c07a73a06f41,59fcb59e-8aea-519e-ba75-554f32ef16f4,277183007,Dental equipment (physical object),1
2022-05-02,59844213-b884-17cb-59e9-c07a73a06f41,59fcb59e-8aea-519e-ba75-554f32ef16f4,1230220004,Conventional release periodontal gel (dose form),1
2022-05-02,59844213-b884-17cb-59e9-c07a73a06f41,59fcb59e-8aea-519e-ba75-554f32ef16f4,469020004,Dental floss (physical object),1
2021-10-18,28d7b56c-6056-d0a2-2991-39d6e917216c,f6c06f71-c623-a5d5-183e-5db1ea49c83d,277183007,Dental equipment (physical object),1
2021-10-18,28d7b56c-6056-d0a2-2991-39d6e917216c,f6c06f71-c623-a5d5-183e-5db1ea49c83d,1230220004,Conventional release periodontal gel (dose form),1
2021-10-18,28d7b56c-6056-d0a2-2991-39d6e917216c,f6c06f71-c623-a5d5-183e-5db1ea49c83d,469020004,Dental floss (physical object),1
2024-05-13,59844213-b884-17cb-59e9-c07a73a06f41,c7dae108-f19a-5121-9475-002f8087b427,277183007,Dental equipment (physical object),1
2024-05-13,59844213-b884-17cb-59e9-c07a73a06f41,c7dae108-f19a-5121-9475-002f8087b427,1230220004,Conventional release periodontal gel (dose form),1
2024-05-13,59844213-b884-17cb-59e9-c07a73a06f41,c7dae108-f19a-5121-9475-002f8087b427,469020004,Dental floss (physical object),1
2022-10-24,28d7b56c-6056-d0a2-2991-39d6e917216c,9a2777d1-0a1d-f298-cbd3-c50dff57a3de,277183007,Dental equipment (physical object),1
2022-10-24,28d7b56c-6056-d0a2-2991-39d6e917216c,9a2777d1-0a1d-f298-cbd3-c50dff57a3de,1230220004,Conventional release periodontal gel (dose form),1
2022-10-24,28d7b56c-6056-d0a2-2991-39d6e917216c,9a2777d1-0a1d-f298-cbd3-c50dff57a3de,469020004,Dental floss (physical object),1
2024-05-27,28d7b56c-6056-d0a2-2991-39d6e917216c,0ae1e54a-dd87-7489-c2aa-08370cbd6c3b,277183007,Dental equipment (physical object),1
2024-05-27,28d7b56c-6056-d0a2-2991-39d6e917216c,0ae1e54a-dd87-7489-c2aa-08370cbd6c3b,1230220004,Conventional release periodontal gel (dose form),1
2024-05-27,28d7b56c-6056-d0a2-2991-39d6e917216c,0ae1e54a-dd87-7489-c2aa-08370cbd6c3b,469020004,Dental floss (physical object),1
2007-10-16,9df4460a-2f66-2d07-de9e-0afaf84bb157,c867873b-404e-c115-9989-aa09d42461e4,337388004,Blood glucose testing strips (physical object),50
2007-10-16,9df4460a-2f66-2d07-de9e-0afaf84bb157,c867873b-404e-c115-9989-aa09d42461e4,8537005,Solution (substance),100
2013-08-06,9df4460a-2f66-2d07-de9e-0afaf84bb157,2df53b00-2e5e-6c09-c336-0ccaf2e6b4a4,277183007,Dental equipment (physical object),1
2013-08-06,9df4460a-2f66-2d07-de9e-0afaf84bb157,2df53b00-2e5e-6c09-c336-0ccaf2e6b4a4,1230220004,Conventional release periodontal gel (dose form),1
2013-08-06,9df4460a-2f66-2d07-de9e-0afaf84bb157,2df53b00-2e5e-6c09-c336-0ccaf2e6b4a4,469020004,Dental floss (physical object),1
2015-01-27,9df4460a-2f66-2d07-de9e-0afaf84bb157,95598978-2554-b635-9bab-b8fcba7c9041,277183007,Dental equipment (physical object),1
2015-01-27,9df4460a-2f66-2d07-de9e-0afaf84bb157,95598978-2554-b635-9bab-b8fcba7c9041,1230220004,Conventional release periodontal gel (dose form),1
2015-01-27,9df4460a-2f66-2d07-de9e-0afaf84bb157,95598978-2554-b635-9bab-b8fcba7c9041,469020004,Dental floss (physical object),1
2015-08-25,9df4460a-2f66-2d07-de9e-0afaf84bb157,1dd252af-6264-80c5-ac2d-3fcb96d17284,277183007,Dental equipment (physical object),1
2015-08-25,9df4460a-2f66-2d07-de9e-0afaf84bb157,1dd252af-6264-80c5-ac2d-3fcb96d17284,1230220004,Conventional release periodontal gel (dose form),1
2015-08-25,9df4460a-2f66-2d07-de9e-0afaf84bb157,1dd252af-6264-80c5-ac2d-3fcb96d17284,469020004,Dental floss (physical object),1
2016-08-30,9df4460a-2f66-2d07-de9e-0afaf84bb157,d96f7659-ac6e-ed93-e1a1-73485fc9ceeb,277183007,Dental equipment (physical object),1
2016-08-30,9df4460a-2f66-2d07-de9e-0afaf84bb157,d96f7659-ac6e-ed93-e1a1-73485fc9ceeb,1230220004,Conventional release periodontal gel (dose form),1
2016-08-30,9df4460a-2f66-2d07-de9e-0afaf84bb157,d96f7659-ac6e-ed93-e1a1-73485fc9ceeb,469020004,Dental floss (physical object),1
2017-01-03,9df4460a-2f66-2d07-de9e-0afaf84bb157,a37254d0-4771-683a-0817-33869d364a79,277183007,Dental equipment (physical object),1
2017-01-03,9df4460a-2f66-2d07-de9e-0afaf84bb157,a37254d0-4771-683a-0817-33869d364a79,1230220004,Conventional release periodontal gel (dose form),1
2017-01-03,9df4460a-2f66-2d07-de9e-0afaf84bb157,a37254d0-4771-683a-0817-33869d364a79,469020004,Dental floss (physical object),1
2017-09-05,9df4460a-2f66-2d07-de9e-0afaf84bb157,32a7a11f-7965-a21b-8a0d-c8078f2c51b5,277183007,Dental equipment (physical object),1
2017-09-05,9df4460a-2f66-2d07-de9e-0afaf84bb157,32a7a11f-7965-a21b-8a0d-c8078f2c51b5,1230220004,Conventional release periodontal gel (dose form),1
2017-09-05,9df4460a-2f66-2d07-de9e-0afaf84bb157,32a7a11f-7965-a21b-8a0d-c8078f2c51b5,469020004,Dental floss (physical object),1
2018-11-06,9df4460a-2f66-2d07-de9e-0afaf84bb157,b60df2cd-6c4e-2945-6da0-127de63ba8d7,277183007,Dental equipment (physical object),1
2018-11-06,9df4460a-2f66-2d07-de9e-0afaf84bb157,b60df2cd-6c4e-2945-6da0-127de63ba8d7,1230220004,Conventional release periodontal gel (dose form),1
2018-11-06,9df4460a-2f66-2d07-de9e-0afaf84bb157,b60df2cd-6c4e-2945-6da0-127de63ba8d7,469020004,Dental floss (physical object),1
2019-04-16,9df4460a-2f66-2d07-de9e-0afaf84bb157,49f0aa0d-de1a-a0f2-07d8-f62a28b11873,277183007,Dental equipment (physical object),1
2019-04-16,9df4460a-2f66-2d07-de9e-0afaf84bb157,49f0aa0d-de1a-a0f2-07d8-f62a28b11873,1230220004,Conventional release periodontal gel (dose form),1
2019-04-16,9df4460a-2f66-2d07-de9e-0afaf84bb157,49f0aa0d-de1a-a0f2-07d8-f62a28b11873,469020004,Dental floss (physical object),1
2019-04-30,9df4460a-2f66-2d07-de9e-0afaf84bb157,92de77b3-e036-5e5f-7b57-ff181b68c8b6,119219003,Kidney part (body structure),1
2019-06-11,9df4460a-2f66-2d07-de9e-0afaf84bb157,b54d55cc-5af3-3c2c-3170-f14de9ad1278,277183007,Dental equipment (physical object),1
2019-06-11,9df4460a-2f66-2d07-de9e-0afaf84bb157,b54d55cc-5af3-3c2c-3170-f14de9ad1278,1230220004,Conventional release periodontal gel (dose form),1
2019-06-11,9df4460a-2f66-2d07-de9e-0afaf84bb157,b54d55cc-5af3-3c2c-3170-f14de9ad1278,469020004,Dental floss (physical object),1
2020-11-10,9df4460a-2f66-2d07-de9e-0afaf84bb157,3a73a6ff-9ce0-f779-d6fa-90084242ce73,277183007,Dental equipment (physical object),1
2020-11-10,9df4460a-2f66-2d07-de9e-0afaf84bb157,3a73a6ff-9ce0-f779-d6fa-90084242ce73,1230220004,Conventional release periodontal gel (dose form),1
2020-11-10,9df4460a-2f66-2d07-de9e-0afaf84bb157,3a73a6ff-9ce0-f779-d6fa-90084242ce73,469020004,Dental floss (physical object),1
2021-01-05,9df4460a-2f66-2d07-de9e-0afaf84bb157,859d30c0-4c38-3a89-cc71-caa952131bc0,277183007,Dental equipment (physical object),1
2021-01-05,9df4460a-2f66-2d07-de9e-0afaf84bb157,859d30c0-4c38-3a89-cc71-caa952131bc0,1230220004,Conventional release periodontal gel (dose form),1
2021-01-05,9df4460a-2f66-2d07-de9e-0afaf84bb157,859d30c0-4c38-3a89-cc71-caa952131bc0,469020004,Dental floss (physical object),1
2021-09-21,9df4460a-2f66-2d07-de9e-0afaf84bb157,034bc835-88ae-afdb-96e5-eddefd56fb15,277183007,Dental equipment (physical object),1
2021-09-21,9df4460a-2f66-2d07-de9e-0afaf84bb157,034bc835-88ae-afdb-96e5-eddefd56fb15,1230220004,Conventional release periodontal gel (dose form),1
2021-09-21,9df4460a-2f66-2d07-de9e-0afaf84bb157,034bc835-88ae-afdb-96e5-eddefd56fb15,469020004,Dental floss (physical object),1
2022-09-27,9df4460a-2f66-2d07-de9e-0afaf84bb157,5b7f6ae6-a792-98e4-ee02-2c1101bd4907,277183007,Dental equipment (physical object),1
2022-09-27,9df4460a-2f66-2d07-de9e-0afaf84bb157,5b7f6ae6-a792-98e4-ee02-2c1101bd4907,1230220004,Conventional release periodontal gel (dose form),1
2022-09-27,9df4460a-2f66-2d07-de9e-0afaf84bb157,5b7f6ae6-a792-98e4-ee02-2c1101bd4907,469020004,Dental floss (physical object),1
1998-07-07,f3ef1a41-6be8-f8d8-8294-5004488d713a,92ac0fe9-0f1b-af7d-3968-7866a7878bd5,706390002,Dental impression material (physical object),1
1998-07-07,f3ef1a41-6be8-f8d8-8294-5004488d713a,92ac0fe9-0f1b-af7d-3968-7866a7878bd5,468277001,Dental impression tray material (physical object),1
2014-03-25,f3ef1a41-6be8-f8d8-8294-5004488d713a,6a53fe9e-0f5f-a291-1c8c-f741f204fc7c,277183007,Dental equipment (physical object),1
2014-03-25,f3ef1a41-6be8-f8d8-8294-5004488d713a,6a53fe9e-0f5f-a291-1c8c-f741f204fc7c,1230220004,Conventional release periodontal gel (dose form),1
2014-03-25,f3ef1a41-6be8-f8d8-8294-5004488d713a,6a53fe9e-0f5f-a291-1c8c-f741f204fc7c,469020004,Dental floss (physical object),1
2014-04-22,f3ef1a41-6be8-f8d8-8294-5004488d713a,d0bd5c8d-4909-64f0-70eb-933ede37ed0d,277183007,Dental equipment (physical object),1
2014-04-22,f3ef1a41-6be8-f8d8-8294-5004488d713a,d0bd5c8d-4909-64f0-70eb-933ede37ed0d,1230220004,Conventional release periodontal gel (dose form),1
2014-04-22,f3ef1a41-6be8-f8d8-8294-5004488d713a,d0bd5c8d-4909-64f0-70eb-933ede37ed0d,469020004,Dental floss (physical object),1
2014-10-21,f3ef1a41-6be8-f8d8-8294-5004488d713a,cdfd3e37-459b-f103-9a94-4c96e1836dac,277183007,Dental equipment (physical object),1
2014-10-21,f3ef1a41-6be8-f8d8-8294-5004488d713a,cdfd3e37-459b-f103-9a94-4c96e1836dac,1230220004,Conventional release periodontal gel (dose form),1
2014-10-21,f3ef1a41-6be8-f8d8-8294-5004488d713a,cdfd3e37-459b-f103-9a94-4c96e1836dac,469020004,Dental floss (physical object),1
2018-01-02,f3ef1a41-6be8-f8d8-8294-5004488d713a,3532ee45-01b9-1382-83d4-ebf101cddad5,277183007,Dental equipment (physical object),1
2018-01-02,f3ef1a41-6be8-f8d8-8294-5004488d713a,3532ee45-01b9-1382-83d4-ebf101cddad5,1230220004,Conventional release periodontal gel (dose form),1
2018-01-02,f3ef1a41-6be8-f8d8-8294-5004488d713a,3532ee45-01b9-1382-83d4-ebf101cddad5,469020004,Dental floss (physical object),1
2019-07-09,f3ef1a41-6be8-f8d8-8294-5004488d713a,9771b954-cf6f-9124-9985-963397dae073,277183007,Dental equipment (physical object),1
2019-07-09,f3ef1a41-6be8-f8d8-8294-5004488d713a,9771b954-cf6f-9124-9985-963397dae073,1230220004,Conventional release periodontal gel (dose form),1
2019-07-09,f3ef1a41-6be8-f8d8-8294-5004488d713a,9771b954-cf6f-9124-9985-963397dae073,469020004,Dental floss (physical object),1
2019-11-26,f3ef1a41-6be8-f8d8-8294-5004488d713a,54735a20-f886-be1b-1a39-af451405bcf6,277183007,Dental equipment (physical object),1
2019-11-26,f3ef1a41-6be8-f8d8-8294-5004488d713a,54735a20-f886-be1b-1a39-af451405bcf6,1230220004,Conventional release periodontal gel (dose form),1
2019-11-26,f3ef1a41-6be8-f8d8-8294-5004488d713a,54735a20-f886-be1b-1a39-af451405bcf6,469020004,Dental floss (physical object),1
2019-12-24,f3ef1a41-6be8-f8d8-8294-5004488d713a,7a019f50-2048-6f63-ae23-af0f1a6bb631,277183007,Dental equipment (physical object),1
2019-12-24,f3ef1a41-6be8-f8d8-8294-5004488d713a,7a019f50-2048-6f63-ae23-af0f1a6bb631,1230220004,Conventional release periodontal gel (dose form),1
2019-12-24,f3ef1a41-6be8-f8d8-8294-5004488d713a,7a019f50-2048-6f63-ae23-af0f1a6bb631,469020004,Dental floss (physical object),1
2020-07-21,f3ef1a41-6be8-f8d8-8294-5004488d713a,a0405554-33ec-6ef8-d26c-174cc619701e,277183007,Dental equipment (physical object),1
2020-07-21,f3ef1a41-6be8-f8d8-8294-5004488d713a,a0405554-33ec-6ef8-d26c-174cc619701e,1230220004,Conventional release periodontal gel (dose form),1
2020-07-21,f3ef1a41-6be8-f8d8-8294-5004488d713a,a0405554-33ec-6ef8-d26c-174cc619701e,469020004,Dental floss (physical object),1
2020-08-13,f3ef1a41-6be8-f8d8-8294-5004488d713a,2a2f3291-488c-050e-4f09-184216207592,706390002,Dental impression material (physical object),1
2020-08-13,f3ef1a41-6be8-f8d8-8294-5004488d713a,2a2f3291-488c-050e-4f09-184216207592,468277001,Dental impression tray material (physical object),1
2020-11-10,f3ef1a41-6be8-f8d8-8294-5004488d713a,5c4c531e-95e6-8319-3355-7e98d425211e,277183007,Dental equipment (physical object),1
2020-11-10,f3ef1a41-6be8-f8d8-8294-5004488d713a,5c4c531e-95e6-8319-3355-7e98d425211e,1230220004,Conventional release periodontal gel (dose form),1
2020-11-10,f3ef1a41-6be8-f8d8-8294-5004488d713a,5c4c531e-95e6-8319-3355-7e98d425211e,469020004,Dental floss (physical object),1
2021-08-10,f3ef1a41-6be8-f8d8-8294-5004488d713a,53b9da49-6b3e-3506-f9e3-5471168d8a3c,277183007,Dental equipment (physical object),1
2021-08-10,f3ef1a41-6be8-f8d8-8294-5004488d713a,53b9da49-6b3e-3506-f9e3-5471168d8a3c,1230220004,Conventional release periodontal gel (dose form),1
2021-08-10,f3ef1a41-6be8-f8d8-8294-5004488d713a,53b9da49-6b3e-3506-f9e3-5471168d8a3c,469020004,Dental floss (physical object),1
2021-11-09,f3ef1a41-6be8-f8d8-8294-5004488d713a,3cdb0900-225c-9ca1-40ea-8da2ba665ec7,277183007,Dental equipment (physical object),1
2021-11-09,f3ef1a41-6be8-f8d8-8294-5004488d713a,3cdb0900-225c-9ca1-40ea-8da2ba665ec7,1230220004,Conventional release periodontal gel (dose form),1
2021-11-09,f3ef1a41-6be8-f8d8-8294-5004488d713a,3cdb0900-225c-9ca1-40ea-8da2ba665ec7,469020004,Dental floss (physical object),1
2022-06-07,f3ef1a41-6be8-f8d8-8294-5004488d713a,76256a8b-99a6-1c3a-8bce-daadffd0abd1,277183007,Dental equipment (physical object),1
2022-06-07,f3ef1a41-6be8-f8d8-8294-5004488d713a,76256a8b-99a6-1c3a-8bce-daadffd0abd1,1230220004,Conventional release periodontal gel (dose form),1
2022-06-07,f3ef1a41-6be8-f8d8-8294-5004488d713a,76256a8b-99a6-1c3a-8bce-daadffd0abd1,469020004,Dental floss (physical object),1
2022-11-15,f3ef1a41-6be8-f8d8-8294-5004488d713a,4f1cfcb8-7cd2-a8ad-208e-08d04cec4827,277183007,Dental equipment (physical object),1
2022-11-15,f3ef1a41-6be8-f8d8-8294-5004488d713a,4f1cfcb8-7cd2-a8ad-208e-08d04cec4827,1230220004,Conventional release periodontal gel (dose form),1
2022-11-15,f3ef1a41-6be8-f8d8-8294-5004488d713a,4f1cfcb8-7cd2-a8ad-208e-08d04cec4827,469020004,Dental floss (physical object),1
2023-11-21,f3ef1a41-6be8-f8d8-8294-5004488d713a,0f68cf18-15b1-7fb1-a53b-81298d2114c3,277183007,Dental equipment (physical object),1
2023-11-21,f3ef1a41-6be8-f8d8-8294-5004488d713a,0f68cf18-15b1-7fb1-a53b-81298d2114c3,1230220004,Conventional release periodontal gel (dose form),1
2023-11-21,f3ef1a41-6be8-f8d8-8294-5004488d713a,0f68cf18-15b1-7fb1-a53b-81298d2114c3,469020004,Dental floss (physical object),1
2016-05-03,8329e200-0243-7346-7e4f-ad40d05b93dd,b71d3202-3345-74bc-29d9-638be32504b7,277183007,Dental equipment (physical object),1
2016-05-03,8329e200-0243-7346-7e4f-ad40d05b93dd,b71d3202-3345-74bc-29d9-638be32504b7,1230220004,Conventional release periodontal gel (dose form),1
2016-05-03,8329e200-0243-7346-7e4f-ad40d05b93dd,b71d3202-3345-74bc-29d9-638be32504b7,469020004,Dental floss (physical object),1
2022-05-03,8329e200-0243-7346-7e4f-ad40d05b93dd,138633e9-07b9-6235-d749-d446ce84b42e,277183007,Dental equipment (physical object),1
2022-05-03,8329e200-0243-7346-7e4f-ad40d05b93dd,138633e9-07b9-6235-d749-d446ce84b42e,1230220004,Conventional release periodontal gel (dose form),1
2022-05-03,8329e200-0243-7346-7e4f-ad40d05b93dd,138633e9-07b9-6235-d749-d446ce84b42e,469020004,Dental floss (physical object),1
